{
  "process_id": 325815,
  "local_process_index": 2,
  "energy_results": {
    "cpu_power": 112.5,
    "gpu_power": 357.3768135752678,
    "ram_power": 0.8711814880371094,
    "cpu_energy": 0.0007216215409063127,
    "gpu_energy": 0.0025228620182879413,
    "ram_energy": 4.7553013579422816e-06,
    "total_energy_kwh": 0.003249238860552196,
    "total_energy_joules": 11697.259897987906,
    "final_emissions": 0.0012377975439273592
  }
}