{
  "experiment_id": "0245",
  "local_process_results": {
    "cpu_power": {
      "process_3": 112.5,
      "process_0": 112.5,
      "process_2": 112.5,
      "process_1": 112.5
    },
    "gpu_power": {
      "process_3": 430.27953828865367,
      "process_0": 362.12667404439395,
      "process_2": 357.3768135752678,
      "process_1": 417.07360867975666
    },
    "ram_power": {
      "process_3": 0.882300853729248,
      "process_0": 1.080446720123291,
      "process_2": 0.8711814880371094,
      "process_1": 0.8792567253112793
    },
    "cpu_energy": {
      "process_3": 0.0007011813977185283,
      "process_0": 0.0007214665764998928,
      "process_2": 0.0007216215409063127,
      "process_1": 0.0007077099915312603
    },
    "gpu_energy": {
      "process_3": 0.0024598689123379036,
      "process_0": 0.002520594516473851,
      "process_2": 0.0025228620182879413,
      "process_1": 0.0024887097687437687
    },
    "ram_energy": {
      "process_3": 4.7224127920441665e-06,
      "process_0": 5.910524509250423e-06,
      "process_2": 4.7553013579422816e-06,
      "process_1": 4.7418684982032745e-06
    },
    "total_energy_kwh": {
      "process_3": 0.0031657727228484762,
      "process_0": 0.003247971617482995,
      "process_2": 0.003249238860552196,
      "process_1": 0.0032011616287732324
    },
    "total_energy_joules": {
      "process_3": 11396.781802254514,
      "process_0": 11692.697822938782,
      "process_2": 11697.259897987906,
      "process_1": 11524.181863583637
    }
  },
  "global_experiment_results": {
    "cpu_power_avg": 112.5,
    "gpu_power_avg": 391.71415864701805,
    "ram_power_avg": 0.9282964468002319,
    "cpu_energy_total": 0.002851979506655994,
    "gpu_energy_total": 0.009992035215843464,
    "ram_energy_total": 2.0130107157440143e-05,
    "total_energy_kwh": 0.0128641448296569,
    "total_energy_joules": 46310.92138676484
  },
  "global_derived_quantities": {
    "tokens_per_joule": 0.3537826393728882,
    "joules_per_token": 2.826594322922659,
    "flops_per_joule": 366003752.15156305,
    "joules_per_flop": 2.732212427117134e-09
  },
  "per-process_emissions": [
    0.001206001118769127,
    0.001237314787680147,
    0.0012377975439273592,
    0.001219482522481163
  ]
}