{
  "process_id": 325813,
  "local_process_index": 0,
  "energy_results": {
    "cpu_power": 112.5,
    "gpu_power": 362.12667404439395,
    "ram_power": 1.080446720123291,
    "cpu_energy": 0.0007214665764998928,
    "gpu_energy": 0.002520594516473851,
    "ram_energy": 5.910524509250423e-06,
    "total_energy_kwh": 0.003247971617482995,
    "total_energy_joules": 11692.697822938782,
    "final_emissions": 0.001237314787680147
  }
}