{
  "process_id": 325814,
  "local_process_index": 1,
  "energy_results": {
    "cpu_power": 112.5,
    "gpu_power": 417.07360867975666,
    "ram_power": 0.8792567253112793,
    "cpu_energy": 0.0007077099915312603,
    "gpu_energy": 0.0024887097687437687,
    "ram_energy": 4.7418684982032745e-06,
    "total_energy_kwh": 0.0032011616287732324,
    "total_energy_joules": 11524.181863583637,
    "final_emissions": 0.001219482522481163
  }
}