{
  "process_id": 325816,
  "local_process_index": 3,
  "energy_results": {
    "cpu_power": 112.5,
    "gpu_power": 430.27953828865367,
    "ram_power": 0.882300853729248,
    "cpu_energy": 0.0007011813977185283,
    "gpu_energy": 0.0024598689123379036,
    "ram_energy": 4.7224127920441665e-06,
    "total_energy_kwh": 0.0031657727228484762,
    "total_energy_joules": 11396.781802254514,
    "final_emissions": 0.001206001118769127
  }
}