{
  "process_id": 420717,
  "local_process_index": 0,
  "energy_results": {
    "cpu_power": 112.5,
    "gpu_power": 438.79439058613633,
    "ram_power": 0.9326605796813965,
    "cpu_energy": 0.001137369137562814,
    "gpu_energy": 0.0040802796531101415,
    "ram_energy": 7.450671167259162e-06,
    "total_energy_kwh": 0.005225099461840216,
    "total_energy_joules": 18810.35806262478,
    "final_emissions": 0.0019905016399880304
  }
}