{
  "process_id": 420720,
  "local_process_index": 3,
  "energy_results": {
    "cpu_power": 112.5,
    "gpu_power": 329.7989161279816,
    "ram_power": 0.9745316505432129,
    "cpu_energy": 0.0011548779088436734,
    "gpu_energy": 0.004139588311668108,
    "ram_energy": 7.871472183989206e-06,
    "total_energy_kwh": 0.00530233769269577,
    "total_energy_joules": 19088.415693704774,
    "final_emissions": 0.0020199255440324537
  }
}