{
  "process_id": 420718,
  "local_process_index": 1,
  "energy_results": {
    "cpu_power": 112.5,
    "gpu_power": 362.42268303523065,
    "ram_power": 0.9666409492492676,
    "cpu_energy": 0.0011553591032186432,
    "gpu_energy": 0.004135161641460161,
    "ram_energy": 7.78753076943648e-06,
    "total_energy_kwh": 0.005298308275448242,
    "total_energy_joules": 19073.90979161367,
    "final_emissions": 0.0020183905375320077
  }
}