{
  "process_id": 420719,
  "local_process_index": 2,
  "energy_results": {
    "cpu_power": 112.5,
    "gpu_power": 727.7180229456367,
    "ram_power": 0.9750766754150391,
    "cpu_energy": 0.001145705444062969,
    "gpu_energy": 0.004109945510176127,
    "ram_energy": 8.040321934352712e-06,
    "total_energy_kwh": 0.0052636912761734505,
    "total_energy_joules": 18949.28859422442,
    "final_emissions": 0.002005203191658276
  }
}