{
  "process_id": 194916,
  "local_process_index": 1,
  "energy_results": {
    "cpu_power": 112.5,
    "gpu_power": 940.5321978170101,
    "ram_power": 0.6450090408325195,
    "cpu_energy": 0.0006866825364375587,
    "gpu_energy": 0.004774587986334011,
    "ram_energy": 3.975468016586486e-06,
    "total_energy_kwh": 0.005465245990788155,
    "total_energy_joules": 19674.885566837358,
    "final_emissions": 0.0020819854601907477
  }
}