{
  "experiment_id": "0124",
  "local_process_results": {
    "cpu_power": {
      "process_1": 112.5,
      "process_0": 112.5,
      "process_2": 112.5,
      "process_3": 112.5
    },
    "gpu_power": {
      "process_1": 452.2257271901062,
      "process_0": 0.0,
      "process_2": 532.3565967744776,
      "process_3": 11.318236634116907
    },
    "ram_power": {
      "process_1": 0.6196131706237793,
      "process_0": 0.6956791877746582,
      "process_2": 0.6175174713134766,
      "process_3": 0.6392884254455566
    },
    "cpu_energy": {
      "process_1": 0.0010328415149375588,
      "process_0": 0.0008388075806249164,
      "process_2": 0.0009382870071560775,
      "process_3": 0.0008628248467498451
    },
    "gpu_energy": {
      "process_1": 0.006462476558866143,
      "process_0": 0.005058052657550105,
      "process_2": 0.0059936189615580615,
      "process_3": 0.005520964138990031
    },
    "ram_energy": {
      "process_1": 5.041676195539272e-06,
      "process_0": 4.503793218874494e-06,
      "process_2": 4.5029379621354024e-06,
      "process_3": 4.280008090891816e-06
    },
    "total_energy_kwh": {
      "process_1": 0.007500359749999242,
      "process_0": 0.005901364031393896,
      "process_2": 0.006936408906676275,
      "process_3": 0.006388068993830767
    },
    "total_energy_joules": {
      "process_1": 27001.29509999727,
      "process_0": 21244.910513018025,
      "process_2": 24971.07206403459,
      "process_3": 22997.04837779076
    }
  },
  "global_experiment_results": {
    "cpu_power_avg": 112.5,
    "gpu_power_avg": 248.97514014967518,
    "ram_power_avg": 0.6430245637893677,
    "cpu_energy_total": 0.0036727609494683977,
    "gpu_energy_total": 0.02303511231696434,
    "ram_energy_total": 1.8328415467440987e-05,
    "total_energy_kwh": 0.02672620168190018,
    "total_energy_joules": 96214.32605484065
  },
  "global_derived_quantities": {
    "tokens_per_joule": 0.17028649133457918,
    "joules_per_token": 5.872456424245645,
    "flops_per_joule": 176168889.68791178,
    "joules_per_flop": 5.676371133243381e-09
  },
  "per-process_emissions": [
    0.0028572620467622115,
    0.0022481246277595048,
    0.002642424972998327,
    0.0024335348831998308
  ]
}