{
  "process_id": 228607,
  "local_process_index": 3,
  "energy_results": {
    "cpu_power": 112.5,
    "gpu_power": 673.3371960696992,
    "ram_power": 0.6495552062988282,
    "cpu_energy": 0.0007901273392500345,
    "gpu_energy": 0.005215804728196105,
    "ram_energy": 4.574886690138548e-06,
    "total_energy_kwh": 0.006010506954136279,
    "total_energy_joules": 21637.825034890604,
    "final_emissions": 0.0022897026241782154
  }
}