{
  "process_id": 228606,
  "local_process_index": 2,
  "energy_results": {
    "cpu_power": 112.5,
    "gpu_power": 1624.941627963622,
    "ram_power": 0.6556663513183594,
    "cpu_energy": 0.0006735851599685248,
    "gpu_energy": 0.004800128562322148,
    "ram_energy": 3.949809054325826e-06,
    "total_energy_kwh": 0.005477663531344997,
    "total_energy_joules": 19719.58871284199,
    "final_emissions": 0.002086715922265877
  }
}