{
  "experiment_id": "0205",
  "local_process_results": {
    "cpu_power": {
      "process_2": 112.5,
      "process_1": 112.5,
      "process_0": 112.5,
      "process_3": 112.5
    },
    "gpu_power": {
      "process_2": 1624.941627963622,
      "process_1": 1120.3090992290995,
      "process_0": 1618.2697121135886,
      "process_3": 673.3371960696992
    },
    "ram_power": {
      "process_2": 0.6556663513183594,
      "process_1": 0.6505951881408691,
      "process_0": 0.7016000747680664,
      "process_3": 0.6495552062988282
    },
    "cpu_energy": {
      "process_2": 0.0006735851599685248,
      "process_1": 0.0007386833343442731,
      "process_0": 0.0007323949011562264,
      "process_3": 0.0007901273392500345
    },
    "gpu_energy": {
      "process_2": 0.004800128562322148,
      "process_1": 0.004801725508044141,
      "process_0": 0.004804007176536063,
      "process_3": 0.005215804728196105
    },
    "ram_energy": {
      "process_2": 3.949809054325826e-06,
      "process_1": 3.94010931007149e-06,
      "process_0": 4.23735814360497e-06,
      "process_3": 4.574886690138548e-06
    },
    "total_energy_kwh": {
      "process_2": 0.005477663531344997,
      "process_1": 0.005544348951698487,
      "process_0": 0.005540639435835897,
      "process_3": 0.006010506954136279
    },
    "total_energy_joules": {
      "process_2": 19719.58871284199,
      "process_1": 19959.656226114552,
      "process_0": 19946.30196900923,
      "process_3": 21637.825034890604
    }
  },
  "global_experiment_results": {
    "cpu_power_avg": 112.5,
    "gpu_power_avg": 1259.2144088440025,
    "ram_power_avg": 0.6643542051315308,
    "cpu_energy_total": 0.002934790734719059,
    "gpu_energy_total": 0.019621665975098457,
    "ram_energy_total": 1.6702163198140837e-05,
    "total_energy_kwh": 0.02257315887301566,
    "total_energy_joules": 81263.37194285638
  },
  "global_derived_quantities": {
    "tokens_per_joule": 0.20161604925182125,
    "joules_per_token": 4.959922603934105,
    "flops_per_joule": 208580699.86403045,
    "joules_per_flop": 4.794307434253888e-09
  },
  "per-process_emissions": [
    0.002086715922265877,
    0.0021121197331495385,
    0.002110706593081685,
    0.0022897026241782154
  ]
}