{
  "process_id": 2509989,
  "local_process_index": 3,
  "energy_results": {
    "cpu_power": 112.5,
    "gpu_power": 259.96148896501245,
    "ram_power": 0.7122631072998047,
    "cpu_energy": 0.001480581425219498,
    "gpu_energy": 0.0038207027787826586,
    "ram_energy": 6.5993483781222984e-06,
    "total_energy_kwh": 0.005307883552380278,
    "total_energy_joules": 19108.380788569,
    "final_emissions": 0.002022038239279267
  }
}