{
  "experiment_id": "0403",
  "local_process_results": {
    "cpu_power": {
      "process_0": 112.5,
      "process_2": 112.5,
      "process_3": 112.5,
      "process_1": 112.5
    },
    "gpu_power": {
      "process_0": 266.95266645278735,
      "process_2": 309.9441740466533,
      "process_3": 259.96148896501245,
      "process_1": 270.82165353624424
    },
    "ram_power": {
      "process_0": 0.6742029190063477,
      "process_2": 0.6963815689086915,
      "process_3": 0.7122631072998047,
      "process_1": 0.7062935829162598
    },
    "cpu_energy": {
      "process_0": 0.0014794694897427689,
      "process_2": 0.001346362376656543,
      "process_3": 0.001480581425219498,
      "process_1": 0.001439035118969514
    },
    "gpu_energy": {
      "process_0": 0.0038207027787826586,
      "process_2": 0.003507544472700186,
      "process_3": 0.0038207027787826586,
      "process_1": 0.003727151037274723
    },
    "ram_energy": {
      "process_0": 6.190332391764584e-06,
      "process_2": 5.967379474320154e-06,
      "process_3": 6.5993483781222984e-06,
      "process_1": 6.420771519615621e-06
    },
    "total_energy_kwh": {
      "process_0": 0.005306362600917191,
      "process_2": 0.004859874228831051,
      "process_3": 0.005307883552380278,
      "process_1": 0.005172606927763852
    },
    "total_energy_joules": {
      "process_0": 19102.90536330189,
      "process_2": 17495.547223791782,
      "process_3": 19108.380788569,
      "process_1": 18621.384939949865
    }
  },
  "global_experiment_results": {
    "cpu_power_avg": 112.5,
    "gpu_power_avg": 276.91999575017434,
    "ram_power_avg": 0.6972852945327759,
    "cpu_energy_total": 0.005745448410588323,
    "gpu_energy_total": 0.014876101067540226,
    "ram_energy_total": 2.517783176382266e-05,
    "total_energy_kwh": 0.020646727309892372,
    "total_energy_joules": 74328.21831561252
  },
  "global_derived_quantities": {
    "tokens_per_joule": 0.22042772410378855,
    "joules_per_token": 4.536634418677522,
    "flops_per_joule": 228042207.6199785,
    "joules_per_flop": 4.385153127733496e-09
  },
  "per-process_emissions": [
    0.002021458832819404,
    0.0018513690874731887,
    0.002022038239279267,
    0.0019705046091316393
  ]
}