{
  "process_id": 85455,
  "local_process_index": 0,
  "energy_results": {
    "cpu_power": 112.5,
    "gpu_power": 845.5226175191438,
    "ram_power": 0.7008218765258789,
    "cpu_energy": 0.0007361432209685859,
    "gpu_energy": 0.005347137333262059,
    "ram_energy": 3.924762510152729e-06,
    "total_energy_kwh": 0.006087205316740795,
    "total_energy_joules": 21913.939140266863,
    "final_emissions": 0.002318920865412406
  }
}