{
  "process_id": 201301,
  "local_process_index": 1,
  "energy_results": {
    "cpu_power": 112.5,
    "gpu_power": 2311.788444652306,
    "ram_power": 0.6498541831970215,
    "cpu_energy": 0.0007138994315001808,
    "gpu_energy": 0.004754034914335847,
    "ram_energy": 3.8733786809252495e-06,
    "total_energy_kwh": 0.005471807724516955,
    "total_energy_joules": 19698.507808261038,
    "final_emissions": 0.002084485152654734
  }
}