{
  "experiment_id": "0377",
  "local_process_results": {
    "cpu_power": {
      "process_2": 112.5,
      "process_3": 112.5,
      "process_1": 112.5,
      "process_0": 112.5
    },
    "gpu_power": {
      "process_2": 194.4067763433872,
      "process_3": 181.92185756493663,
      "process_1": 269.38560894180097,
      "process_0": 350.516955912512
    },
    "ram_power": {
      "process_2": 0.7198162078857422,
      "process_3": 0.7204070091247559,
      "process_1": 0.7222509384155273,
      "process_0": 0.6873965263366699
    },
    "cpu_energy": {
      "process_2": 0.002742715633156876,
      "process_3": 0.0027589259838759973,
      "process_1": 0.0027818678900621307,
      "process_0": 0.0028034300860663285
    },
    "gpu_energy": {
      "process_2": 0.004367300993838752,
      "process_3": 0.004376210723188612,
      "process_1": 0.004414148253538253,
      "process_0": 0.004449608559683904
    },
    "ram_energy": {
      "process_2": 1.2036975015633689e-05,
      "process_3": 1.2373639027008377e-05,
      "process_1": 1.2296645910491351e-05,
      "process_0": 1.1901716187391793e-05
    },
    "total_energy_kwh": {
      "process_2": 0.007122053602011263,
      "process_3": 0.00714751034609162,
      "process_1": 0.007208312789510876,
      "process_0": 0.007264940361937628
    },
    "total_energy_joules": {
      "process_2": 25639.392967240547,
      "process_3": 25731.03724592983,
      "process_1": 25949.926042239153,
      "process_0": 26153.785302975462
    }
  },
  "global_experiment_results": {
    "cpu_power_avg": 112.5,
    "gpu_power_avg": 249.05779969065918,
    "ram_power_avg": 0.7124676704406738,
    "cpu_energy_total": 0.011086939593161333,
    "gpu_energy_total": 0.01760726853024952,
    "ram_energy_total": 4.860897614052521e-05,
    "total_energy_kwh": 0.028742817099551385,
    "total_energy_joules": 103474.14155838499
  },
  "global_derived_quantities": {
    "tokens_per_joule": 0.15833907634551744,
    "joules_per_token": 6.315560397850646,
    "flops_per_joule": 163808761.66619876,
    "joules_per_flop": 6.10467956553966e-09
  },
  "per-process_emissions": [
    0.0027131463196861908,
    0.002722844066343603,
    0.0027460067571641682,
    0.0027675790308801396
  ]
}