{
  "experiment_id": "0240",
  "local_process_results": {
    "cpu_power": {
      "process_3": 112.5,
      "process_1": 112.5,
      "process_0": 112.5,
      "process_2": 112.5
    },
    "gpu_power": {
      "process_3": 282.54673170030355,
      "process_1": 350.45886841808453,
      "process_0": 352.29574440917474,
      "process_2": 295.6267003472992
    },
    "ram_power": {
      "process_3": 0.9666681289672852,
      "process_1": 0.9695806503295898,
      "process_0": 0.9152956008911134,
      "process_2": 0.9670100212097168
    },
    "cpu_energy": {
      "process_3": 0.002263938573562654,
      "process_1": 0.0022341658999373523,
      "process_0": 0.0022374503519685058,
      "process_2": 0.0022402794716252852
    },
    "gpu_energy": {
      "process_3": 0.0066486103188840295,
      "process_1": 0.006554422743533905,
      "process_0": 0.006560510803959807,
      "process_2": 0.00656907664414591
    },
    "ram_energy": {
      "process_3": 1.6153212657026814e-05,
      "process_1": 1.5977834343259154e-05,
      "process_0": 1.5120361706557342e-05,
      "process_2": 1.5975793109996062e-05
    },
    "total_energy_kwh": {
      "process_3": 0.00892870210510371,
      "process_1": 0.008804566477814519,
      "process_0": 0.008813081517634866,
      "process_2": 0.008825331908881196
    },
    "total_energy_joules": {
      "process_3": 32143.32757837336,
      "process_1": 31696.439320132267,
      "process_0": 31727.09346348552,
      "process_2": 31771.194871972308
    }
  },
  "global_experiment_results": {
    "cpu_power_avg": 112.5,
    "gpu_power_avg": 320.2320112187155,
    "ram_power_avg": 0.9546386003494263,
    "cpu_energy_total": 0.008975834297093796,
    "gpu_energy_total": 0.026332620510523652,
    "ram_energy_total": 6.322720181683937e-05,
    "total_energy_kwh": 0.035371682009434295,
    "total_energy_joules": 127338.05523396345
  },
  "global_derived_quantities": {
    "tokens_per_joule": 0.1286653857709465,
    "joules_per_token": 7.77209809777609,
    "flops_per_joule": 133110019.32618746,
    "joules_per_flop": 7.512582486743465e-09
  },
  "per-process_emissions": [
    0.0034013890669392587,
    0.0033540995997234408,
    0.003357343404143002,
    0.003362010190688292
  ]
}