{
  "process_id": 319343,
  "local_process_index": 2,
  "energy_results": {
    "cpu_power": 112.5,
    "gpu_power": 295.6267003472992,
    "ram_power": 0.9670100212097168,
    "cpu_energy": 0.0022402794716252852,
    "gpu_energy": 0.00656907664414591,
    "ram_energy": 1.5975793109996062e-05,
    "total_energy_kwh": 0.008825331908881196,
    "total_energy_joules": 31771.194871972308,
    "final_emissions": 0.003362010190688292
  }
}