{
  "process_id": 319342,
  "local_process_index": 1,
  "energy_results": {
    "cpu_power": 112.5,
    "gpu_power": 350.45886841808453,
    "ram_power": 0.9695806503295898,
    "cpu_energy": 0.0022341658999373523,
    "gpu_energy": 0.006554422743533905,
    "ram_energy": 1.5977834343259154e-05,
    "total_energy_kwh": 0.008804566477814519,
    "total_energy_joules": 31696.439320132267,
    "final_emissions": 0.0033540995997234408
  }
}