{
  "process_id": 319341,
  "local_process_index": 0,
  "energy_results": {
    "cpu_power": 112.5,
    "gpu_power": 352.29574440917474,
    "ram_power": 0.9152956008911134,
    "cpu_energy": 0.0022374503519685058,
    "gpu_energy": 0.006560510803959807,
    "ram_energy": 1.5120361706557342e-05,
    "total_energy_kwh": 0.008813081517634866,
    "total_energy_joules": 31727.09346348552,
    "final_emissions": 0.003357343404143002
  }
}