{
  "process_id": 2445797,
  "local_process_index": 0,
  "energy_results": {
    "cpu_power": 112.5,
    "gpu_power": 0.0,
    "ram_power": 0.6837043762207031,
    "cpu_energy": 0.0023956862176864892,
    "gpu_energy": 0.0041874030721420485,
    "ram_energy": 9.162607166198425e-06,
    "total_energy_kwh": 0.00659225189699473,
    "total_energy_joules": 23732.106829181026,
    "final_emissions": 0.0025113183601601424
  }
}