{
  "experiment_id": "0368",
  "local_process_results": {
    "cpu_power": {
      "process_3": 112.5,
      "process_1": 112.5,
      "process_0": 112.5,
      "process_2": 112.5
    },
    "gpu_power": {
      "process_3": 339.39386826405996,
      "process_1": 255.60982211283417,
      "process_0": 0.0,
      "process_2": 216.91273778758912
    },
    "ram_power": {
      "process_3": 0.7102975845336914,
      "process_1": 0.7052836418151855,
      "process_0": 0.6837043762207031,
      "process_2": 0.7060132026672363
    },
    "cpu_energy": {
      "process_3": 0.003178313789626372,
      "process_1": 0.00237444314778395,
      "process_0": 0.0023956862176864892,
      "process_2": 0.002299175305623976
    },
    "gpu_energy": {
      "process_3": 0.005835801335304369,
      "process_1": 0.004204586141443922,
      "process_0": 0.0041874030721420485,
      "process_2": 0.004044479902247877
    },
    "ram_energy": {
      "process_3": 1.2334631336211285e-05,
      "process_1": 9.738577800335232e-06,
      "process_0": 9.162607166198425e-06,
      "process_2": 9.128078807900193e-06
    },
    "total_energy_kwh": {
      "process_3": 0.00902644975626695,
      "process_1": 0.006588767867028207,
      "process_0": 0.00659225189699473,
      "process_2": 0.0063527832866797545
    },
    "total_energy_joules": {
      "process_3": 32495.219122561022,
      "process_1": 23719.564321301543,
      "process_0": 23732.106829181026,
      "process_2": 22870.019832047117
    }
  },
  "global_experiment_results": {
    "cpu_power_avg": 112.5,
    "gpu_power_avg": 202.9791070411208,
    "ram_power_avg": 0.7013247013092041,
    "cpu_energy_total": 0.010247618460720788,
    "gpu_energy_total": 0.018272270451138217,
    "ram_energy_total": 4.036389511064514e-05,
    "total_energy_kwh": 0.02856025280696964,
    "total_energy_joules": 102816.9101050907
  },
  "global_derived_quantities": {
    "tokens_per_joule": 0.1593512193981872,
    "joules_per_token": 6.275446173406416,
    "flops_per_joule": 164855868.31803426,
    "joules_per_flop": 6.065904782175145e-09
  },
  "per-process_emissions": [
    0.003438626034649895,
    0.0025099911189443956,
    0.0025113183601601424,
    0.0024200927930606527
  ]
}