{
  "process_id": 2472034,
  "local_process_index": 2,
  "energy_results": {
    "cpu_power": 112.5,
    "gpu_power": 233.5722634961714,
    "ram_power": 0.7241621017456055,
    "cpu_energy": 0.0016894882771812266,
    "gpu_energy": 0.004158246382148567,
    "ram_energy": 7.546745136131543e-06,
    "total_energy_kwh": 0.0058552814044659255,
    "total_energy_joules": 21079.013056077332,
    "final_emissions": 0.0022305694510312943
  }
}