{
  "process_id": 2472035,
  "local_process_index": 3,
  "energy_results": {
    "cpu_power": 112.5,
    "gpu_power": 244.35109022032125,
    "ram_power": 0.7215371131896973,
    "cpu_energy": 0.0013849655138774325,
    "gpu_energy": 0.003507111139019914,
    "ram_energy": 6.594133792472898e-06,
    "total_energy_kwh": 0.004898670786689819,
    "total_energy_joules": 17635.214832083348,
    "final_emissions": 0.0018661486361894867
  }
}