{
  "process_id": 2472032,
  "local_process_index": 0,
  "energy_results": {
    "cpu_power": 112.5,
    "gpu_power": 321.0375975403645,
    "ram_power": 0.6896266937255859,
    "cpu_energy": 0.001290782928000226,
    "gpu_energy": 0.0032838626270865756,
    "ram_energy": 5.95458544533532e-06,
    "total_energy_kwh": 0.004580600140532137,
    "total_energy_joules": 16490.160505915694,
    "final_emissions": 0.0017449796235357177
  }
}