{
  "process_id": 2568284,
  "local_process_index": 0,
  "energy_results": {
    "cpu_power": 112.5,
    "gpu_power": 456.79123343452596,
    "ram_power": 0.6749782562255859,
    "cpu_energy": 0.0012740189444684802,
    "gpu_energy": 0.005006849283253789,
    "ram_energy": 5.74073287859971e-06,
    "total_energy_kwh": 0.006286608960600866,
    "total_energy_joules": 22631.792258163117,
    "final_emissions": 0.0023948836835409
  }
}