{
  "process_id": 2568287,
  "local_process_index": 3,
  "energy_results": {
    "cpu_power": 112.5,
    "gpu_power": 304.6330816779753,
    "ram_power": 0.7101302146911621,
    "cpu_energy": 0.0014016072146887388,
    "gpu_energy": 0.005426584063485285,
    "ram_energy": 6.866843947430188e-06,
    "total_energy_kwh": 0.006835058122121449,
    "total_energy_joules": 24606.209239637217,
    "final_emissions": 0.002603815391622166
  }
}