{
  "process_id": 199695,
  "local_process_index": 0,
  "energy_results": {
    "cpu_power": 112.5,
    "gpu_power": 481.2383394157799,
    "ram_power": 0.6943559646606445,
    "cpu_energy": 0.0006719420435002801,
    "gpu_energy": 0.004691214308523983,
    "ram_energy": 4.682878717449602e-06,
    "total_energy_kwh": 0.005367839230741711,
    "total_energy_joules": 19324.22123067016,
    "final_emissions": 0.0020448783549510546
  }
}