{
  "process_id": 165102,
  "local_process_index": 0,
  "energy_results": {
    "cpu_power": 112.5,
    "gpu_power": 1303.0294783257818,
    "ram_power": 0.7050046920776367,
    "cpu_energy": 0.0006319230407188457,
    "gpu_energy": 0.0047487929656979955,
    "ram_energy": 4.064219226685627e-06,
    "total_energy_kwh": 0.005384780225643528,
    "total_energy_joules": 19385.2088123167,
    "final_emissions": 0.002051332026958902
  }
}