{
  "process_id": 165105,
  "local_process_index": 3,
  "energy_results": {
    "cpu_power": 112.5,
    "gpu_power": 438.45454351786873,
    "ram_power": 0.6615457534790039,
    "cpu_energy": 0.0007710482446250354,
    "gpu_energy": 0.005064310718111975,
    "ram_energy": 4.544858111877072e-06,
    "total_energy_kwh": 0.005839903820848888,
    "total_energy_joules": 21023.653755055995,
    "final_emissions": 0.002224711360552384
  }
}