{
  "process_id": 165104,
  "local_process_index": 2,
  "energy_results": {
    "cpu_power": 112.5,
    "gpu_power": 1187.4096040019624,
    "ram_power": 0.6640934944152832,
    "cpu_energy": 0.0006812358458126369,
    "gpu_energy": 0.004751461856722011,
    "ram_energy": 4.111790697226554e-06,
    "total_energy_kwh": 0.005436809493231874,
    "total_energy_joules": 19572.514175634744,
    "final_emissions": 0.002071152576446682
  }
}