{
  "experiment_id": "0148",
  "local_process_results": {
    "cpu_power": {
      "process_0": 112.5,
      "process_1": 112.5,
      "process_2": 112.5,
      "process_3": 112.5
    },
    "gpu_power": {
      "process_0": 907.5763655033014,
      "process_1": 1262.4580644440275,
      "process_2": 806.913316888455,
      "process_3": 10.513688989979231
    },
    "ram_power": {
      "process_0": 0.70279598236084,
      "process_1": 0.6635198593139648,
      "process_2": 0.6673135757446289,
      "process_3": 0.6697139739990234
    },
    "cpu_energy": {
      "process_0": 0.0006738967212190233,
      "process_1": 0.0006758987798127125,
      "process_2": 0.0006771589169376853,
      "process_3": 0.0007897958674688538
    },
    "gpu_energy": {
      "process_0": 0.004718789608362028,
      "process_1": 0.004713977104512018,
      "process_2": 0.004701635150194117,
      "process_3": 0.005067234609340027
    },
    "ram_energy": {
      "process_0": 4.286200803764874e-06,
      "process_1": 4.040728900536282e-06,
      "process_2": 3.705135030405404e-06,
      "process_3": 4.678735767484316e-06
    },
    "total_energy_kwh": {
      "process_0": 0.005396972530384817,
      "process_1": 0.005393916613225269,
      "process_2": 0.005382499202162207,
      "process_3": 0.005861709212576366
    },
    "total_energy_joules": {
      "process_0": 19429.10110938534,
      "process_1": 19418.099807610968,
      "process_2": 19376.997127783943,
      "process_3": 21102.153165274918
    }
  },
  "global_experiment_results": {
    "cpu_power_avg": 112.5,
    "gpu_power_avg": 746.8653589564408,
    "ram_power_avg": 0.6758358478546143,
    "cpu_energy_total": 0.0028167502854382753,
    "gpu_energy_total": 0.01920163647240819,
    "ram_energy_total": 1.6710800502190875e-05,
    "total_energy_kwh": 0.02203509755834866,
    "total_energy_joules": 79326.35121005517
  },
  "global_derived_quantities": {
    "tokens_per_joule": 0.20653918590829137,
    "joules_per_token": 4.841696240848094,
    "flops_per_joule": 213673901.9833232,
    "joules_per_flop": 4.6800287293768236e-09
  },
  "per-process_emissions": [
    0.002055976685450096,
    0.002054812533808166,
    0.002050463071063693,
    0.0022330181245309665
  ]
}