{
  "process_id": 273944,
  "local_process_index": 0,
  "energy_results": {
    "cpu_power": 112.5,
    "gpu_power": 2188.3624207290413,
    "ram_power": 0.9412450790405273,
    "cpu_energy": 0.0003567094571252482,
    "gpu_energy": 0.0014911106373318161,
    "ram_energy": 2.9125490843718655e-06,
    "total_energy_kwh": 0.0018507326435414362,
    "total_energy_joules": 6662.637516749171,
    "final_emissions": 0.0007050366005571101
  }
}