{
  "process_id": 273947,
  "local_process_index": 3,
  "energy_results": {
    "cpu_power": 112.5,
    "gpu_power": 904.6040093190243,
    "ram_power": 0.9874148368835449,
    "cpu_energy": 0.0003432443411250005,
    "gpu_energy": 0.0014911106373318161,
    "ram_energy": 2.9373167249872105e-06,
    "total_energy_kwh": 0.001837292295181804,
    "total_energy_joules": 6614.252262654494,
    "final_emissions": 0.0006999164998495082
  }
}