{
  "experiment_id": "0220",
  "local_process_results": {
    "cpu_power": {
      "process_1": 112.5,
      "process_2": 112.5,
      "process_3": 112.5,
      "process_0": 112.5
    },
    "gpu_power": {
      "process_1": 4047.539154390602,
      "process_2": 606.4873112413463,
      "process_3": 904.6040093190243,
      "process_0": 2188.3624207290413
    },
    "ram_power": {
      "process_1": 0.9872045516967775,
      "process_2": 0.9921913146972655,
      "process_3": 0.9874148368835449,
      "process_0": 0.9412450790405273
    },
    "cpu_energy": {
      "process_1": 0.0003382849217499597,
      "process_2": 0.0002858009428437072,
      "process_3": 0.0003432443411250005,
      "process_0": 0.0003567094571252482
    },
    "gpu_energy": {
      "process_1": 0.0014911106373318161,
      "process_2": 0.0014895775805498501,
      "process_3": 0.0014911106373318161,
      "process_0": 0.0014911106373318161
    },
    "ram_energy": {
      "process_1": 3.147130867990988e-06,
      "process_2": 2.966875335554834e-06,
      "process_3": 2.9373167249872105e-06,
      "process_0": 2.9125490843718655e-06
    },
    "total_energy_kwh": {
      "process_1": 0.0018325426899497667,
      "process_2": 0.001778345398729112,
      "process_3": 0.001837292295181804,
      "process_0": 0.0018507326435414362
    },
    "total_energy_joules": {
      "process_1": 6597.1536838191605,
      "process_2": 6402.043435424803,
      "process_3": 6614.252262654494,
      "process_0": 6662.637516749171
    }
  },
  "global_experiment_results": {
    "cpu_power_avg": 112.5,
    "gpu_power_avg": 1936.7482239200035,
    "ram_power_avg": 0.9770139455795288,
    "cpu_energy_total": 0.0013240396628439156,
    "gpu_energy_total": 0.0059629094925452986,
    "ram_energy_total": 1.1963872012904898e-05,
    "total_energy_kwh": 0.007298913027402119,
    "total_energy_joules": 26276.086898647627
  },
  "global_derived_quantities": {
    "tokens_per_joule": 0.6235327224786751,
    "joules_per_token": 1.6037650694975358,
    "flops_per_joule": 645072116.6561669,
    "joules_per_flop": 1.5502142693496935e-09
  },
  "per-process_emissions": [
    0.0006981071377363637,
    0.0006774606796458552,
    0.0006999164998495082,
    0.0007050366005571101
  ]
}