{
  "process_id": 2481776,
  "local_process_index": 2,
  "energy_results": {
    "cpu_power": 112.5,
    "gpu_power": 274.0922391027453,
    "ram_power": 0.7054324150085449,
    "cpu_energy": 0.00157148506475005,
    "gpu_energy": 0.004510170830356763,
    "ram_energy": 7.017927581600151e-06,
    "total_energy_kwh": 0.006088673822688413,
    "total_energy_joules": 21919.225761678288,
    "final_emissions": 0.002319480292753151
  }
}