{
  "process_id": 2481775,
  "local_process_index": 1,
  "energy_results": {
    "cpu_power": 112.5,
    "gpu_power": 261.40907004132276,
    "ram_power": 0.7067627906799316,
    "cpu_energy": 0.0013254746782822623,
    "gpu_energy": 0.003940977597223894,
    "ram_energy": 5.944423398612439e-06,
    "total_energy_kwh": 0.005272396698904766,
    "total_energy_joules": 18980.628116057156,
    "final_emissions": 0.0020085195224477707
  }
}