{
  "experiment_id": "0059",
  "local_process_results": {
    "cpu_power": {
      "process_0": 112.5
    },
    "gpu_power": {
      "process_0": 201.25676016401115
    },
    "ram_power": {
      "process_0": 0.934354305267334
    },
    "cpu_energy": {
      "process_0": 0.0003280987878749784
    },
    "gpu_energy": {
      "process_0": 0.0005345873721139954
    },
    "ram_energy": {
      "process_0": 2.2492210242031757e-06
    },
    "total_energy_kwh": {
      "process_0": 0.0008649353810131769
    },
    "total_energy_joules": {
      "process_0": 3113.767371647437
    }
  },
  "global_experiment_results": {
    "cpu_power_avg": 112.5,
    "gpu_power_avg": 201.25676016401115,
    "ram_power_avg": 0.934354305267334,
    "cpu_energy_total": 0.0003280987878749784,
    "gpu_energy_total": 0.0005345873721139954,
    "ram_energy_total": 2.2492210242031757e-06,
    "total_energy_kwh": 0.0008649353810131769,
    "total_energy_joules": 3113.767371647437
  },
  "global_derived_quantities": {
    "tokens_per_joule": 5.261793205614949,
    "joules_per_token": 0.1900492780546531,
    "flops_per_joule": 332248368.1408228,
    "joules_per_flop": 3.0097965735565382e-09
  },
  "per-process_emissions": [
    0.00032949713339696973
  ]
}