{
  "process_id": 282818,
  "local_process_index": 2,
  "energy_results": {
    "cpu_power": 112.5,
    "gpu_power": 270.713046832187,
    "ram_power": 0.9934415817260743,
    "cpu_energy": 0.0013290986435621334,
    "gpu_energy": 0.0043736587767021495,
    "ram_energy": 1.1314105958400918e-05,
    "total_energy_kwh": 0.005714071526222683,
    "total_energy_joules": 20570.657494401657,
    "final_emissions": 0.002176775547914531
  }
}