{
  "process_id": 1905091,
  "local_process_index": 1,
  "energy_results": {
    "cpu_power": 112.5,
    "gpu_power": 295.09454021694154,
    "ram_power": 2.25124454498291,
    "cpu_energy": 0.00011193851340794936,
    "gpu_energy": 0.0003855108639632121,
    "ram_energy": 1.862355737115618e-06,
    "total_energy_kwh": 0.0004993117331082771,
    "total_energy_joules": 1797.5222391897976,
    "final_emissions": 0.00019021280472759816
  }
}