{
  "process_id": 2435710,
  "local_process_index": 0,
  "energy_results": {
    "cpu_power": 112.5,
    "gpu_power": 464.75391146685706,
    "ram_power": 0.6725034713745117,
    "cpu_energy": 0.0004883170916882591,
    "gpu_energy": 0.0012475268313536514,
    "ram_energy": 1.7617369143337465e-06,
    "total_energy_kwh": 0.0017376056599562445,
    "total_energy_joules": 6255.38037584248,
    "final_emissions": 0.0006619408761603313
  }
}