{
  "process_id": 2435713,
  "local_process_index": 3,
  "energy_results": {
    "cpu_power": 112.5,
    "gpu_power": 398.0342521582222,
    "ram_power": 0.6825485229492189,
    "cpu_energy": 0.0005135501101876798,
    "gpu_energy": 0.001329902730587973,
    "ram_energy": 1.954412450800924e-06,
    "total_energy_kwh": 0.0018454072532264533,
    "total_energy_joules": 6643.466111615232,
    "final_emissions": 0.0007030078931166174
  }
}