{
  "process_id": 2435711,
  "local_process_index": 1,
  "energy_results": {
    "cpu_power": 112.5,
    "gpu_power": 228.27111588972545,
    "ram_power": 0.6748566627502441,
    "cpu_energy": 0.0006780868593114064,
    "gpu_energy": 0.001708589700204488,
    "ram_energy": 2.4716820566364255e-06,
    "total_energy_kwh": 0.002389148241572531,
    "total_energy_joules": 8600.933669661112,
    "final_emissions": 0.0009101460226270556
  }
}