{
  "process_id": 2435712,
  "local_process_index": 2,
  "energy_results": {
    "cpu_power": 112.5,
    "gpu_power": 298.94050716835,
    "ram_power": 0.6783299446105957,
    "cpu_energy": 0.0005720863712504069,
    "gpu_energy": 0.0014885173019243414,
    "ram_energy": 2.075270584610214e-06,
    "total_energy_kwh": 0.0020626789437593585,
    "total_energy_joules": 7425.64419753369,
    "final_emissions": 0.0007857775436251276
  }
}