{
  "process_id": 204433,
  "local_process_index": 1,
  "energy_results": {
    "cpu_power": 112.5,
    "gpu_power": 918.5834483316646,
    "ram_power": 0.6533117294311523,
    "cpu_energy": 0.0007154305753750807,
    "gpu_energy": 0.004669454846672083,
    "ram_energy": 3.8760199631547024e-06,
    "total_energy_kwh": 0.0053887614420103196,
    "total_energy_joules": 19399.54119123715,
    "final_emissions": 0.0020528486713338313
  }
}