{
  "process_id": 204432,
  "local_process_index": 0,
  "energy_results": {
    "cpu_power": 112.5,
    "gpu_power": 1280.2263818392018,
    "ram_power": 0.7008419036865234,
    "cpu_energy": 0.0007261718540310085,
    "gpu_energy": 0.00477238187345802,
    "ram_energy": 4.226933865956777e-06,
    "total_energy_kwh": 0.005502780661354985,
    "total_energy_joules": 19810.010380877946,
    "final_emissions": 0.0020962842929431818
  }
}