{
  "process_id": 2550446,
  "local_process_index": 2,
  "energy_results": {
    "cpu_power": 112.5,
    "gpu_power": 370.75623600350053,
    "ram_power": 0.7130484580993652,
    "cpu_energy": 0.0013092530709691347,
    "gpu_energy": 0.005152523288682209,
    "ram_energy": 6.294140067321394e-06,
    "total_energy_kwh": 0.006468070499718664,
    "total_energy_joules": 23285.053798987192,
    "final_emissions": 0.002464011456867825
  }
}