{
  "process_id": 2550444,
  "local_process_index": 0,
  "energy_results": {
    "cpu_power": 112.5,
    "gpu_power": 548.2471859550178,
    "ram_power": 0.6723818778991699,
    "cpu_energy": 0.001190907736309782,
    "gpu_energy": 0.004709157933989294,
    "ram_energy": 5.379629159307155e-06,
    "total_energy_kwh": 0.005905445299458383,
    "total_energy_joules": 21259.60307805018,
    "final_emissions": 0.002249679386828671
  }
}