{
  "process_id": 2550447,
  "local_process_index": 3,
  "energy_results": {
    "cpu_power": 112.5,
    "gpu_power": 639.4300741471608,
    "ram_power": 0.7085995674133301,
    "cpu_energy": 0.0014869967196264042,
    "gpu_energy": 0.005782732681738123,
    "ram_energy": 7.39947919396546e-06,
    "total_energy_kwh": 0.007277128880558495,
    "total_energy_joules": 26197.66397001058,
    "final_emissions": 0.0027722222470487586
  }
}