{
  "process_id": 365769,
  "local_process_index": 0,
  "energy_results": {
    "cpu_power": 112.5,
    "gpu_power": 381.47250053018615,
    "ram_power": 0.9263291358947754,
    "cpu_energy": 0.001153006473781261,
    "gpu_energy": 0.004177431397497988,
    "ram_energy": 7.4552232046449615e-06,
    "total_energy_kwh": 0.005337893094483894,
    "total_energy_joules": 19216.415140142017,
    "final_emissions": 0.0020334703743436393
  }
}