{
  "process_id": 2503526,
  "local_process_index": 2,
  "energy_results": {
    "cpu_power": 112.5,
    "gpu_power": 246.00500444532736,
    "ram_power": 0.7035326957702637,
    "cpu_energy": 0.001585731931125338,
    "gpu_energy": 0.0036870329496250243,
    "ram_energy": 7.097524929099228e-06,
    "total_energy_kwh": 0.005279862405679459,
    "total_energy_joules": 19007.504660446055,
    "final_emissions": 0.0020113635834435903
  }
}