{
  "process_id": 2503525,
  "local_process_index": 1,
  "energy_results": {
    "cpu_power": 112.5,
    "gpu_power": 245.27837559815748,
    "ram_power": 0.7064337730407715,
    "cpu_energy": 0.0016232439892201003,
    "gpu_energy": 0.0037691113486200134,
    "ram_energy": 7.221126712089794e-06,
    "total_energy_kwh": 0.005399576464552203,
    "total_energy_joules": 19438.475272387932,
    "final_emissions": 0.002056968654171162
  }
}