{
  "process_id": 2452780,
  "local_process_index": 2,
  "energy_results": {
    "cpu_power": 112.5,
    "gpu_power": 456.2786124439094,
    "ram_power": 0.7069272994995117,
    "cpu_energy": 0.004606606595873928,
    "gpu_energy": 0.007735243965968586,
    "ram_energy": 1.7974464672099356e-05,
    "total_energy_kwh": 0.012359825026514613,
    "total_energy_joules": 44495.37009545261,
    "final_emissions": 0.004708475343850742
  }
}