{
  "process_id": 60746,
  "local_process_index": 0,
  "energy_results": {
    "cpu_power": 112.5,
    "gpu_power": 669.1578727355367,
    "ram_power": 0.6908969879150391,
    "cpu_energy": 0.005088678707624922,
    "gpu_energy": 0.030085957402079977,
    "ram_energy": 2.703350302215389e-05,
    "total_energy_kwh": 0.03520166961272707,
    "total_energy_joules": 126726.01060581744,
    "final_emissions": 0.013410076038968377
  }
}