{
  "experiment_id": "0357",
  "local_process_results": {
    "cpu_power": {
      "process_0": 112.5
    },
    "gpu_power": {
      "process_0": 36.130162998747636
    },
    "ram_power": {
      "process_0": 0.693152904510498
    },
    "cpu_energy": {
      "process_0": 0.06689380469481962
    },
    "gpu_energy": {
      "process_0": 0.020876391701100117
    },
    "ram_energy": {
      "process_0": 0.00022862263482702753
    },
    "total_energy_kwh": {
      "process_0": 0.08799881903074697
    },
    "total_energy_joules": {
      "process_0": 316795.74851068907
    }
  },
  "global_experiment_results": {
    "cpu_power_avg": 112.5,
    "gpu_power_avg": 36.130162998747636,
    "ram_power_avg": 0.693152904510498,
    "cpu_energy_total": 0.06689380469481962,
    "gpu_energy_total": 0.020876391701100117,
    "ram_energy_total": 0.00022862263482702753,
    "total_energy_kwh": 0.08799881903074697,
    "total_energy_joules": 316795.74851068907
  },
  "global_derived_quantities": {
    "tokens_per_joule": 0.03821705328091388,
    "joules_per_token": 26.16632927320468,
    "flops_per_joule": 53504414.35163417,
    "joules_per_flop": 1.8690046646019544e-08
  },
  "per-process_emissions": [
    0.033523150109763054
  ]
}