{
  "process_id": 2424146,
  "local_process_index": 0,
  "energy_results": {
    "cpu_power": 112.5,
    "gpu_power": 36.130162998747636,
    "ram_power": 0.693152904510498,
    "cpu_energy": 0.06689380469481962,
    "gpu_energy": 0.020876391701100117,
    "ram_energy": 0.00022862263482702753,
    "total_energy_kwh": 0.08799881903074697,
    "total_energy_joules": 316795.74851068907,
    "final_emissions": 0.033523150109763054
  }
}