{
  "process_id": 63843,
  "local_process_index": 1,
  "energy_results": {
    "cpu_power": 112.5,
    "gpu_power": 559.4469908165999,
    "ram_power": 0.6521029472351074,
    "cpu_energy": 0.0031918680300933597,
    "gpu_energy": 0.01944544805634596,
    "ram_energy": 1.6140649953053134e-05,
    "total_energy_kwh": 0.02265345673639237,
    "total_energy_joules": 81552.44425101254,
    "final_emissions": 0.008629834343728673
  }
}