{
  "experiment_id": "0072",
  "local_process_results": {
    "cpu_power": {
      "process_0": 112.5,
      "process_1": 112.5,
      "process_3": 112.5,
      "process_2": 112.5
    },
    "gpu_power": {
      "process_0": 731.5103549572807,
      "process_1": 559.4469908165999,
      "process_3": 455.082934684674,
      "process_2": 649.1991228814225
    },
    "ram_power": {
      "process_0": 0.6995115280151367,
      "process_1": 0.6521029472351074,
      "process_3": 0.6526479721069336,
      "process_2": 0.6461706161499023
    },
    "cpu_energy": {
      "process_0": 0.002654777627437056,
      "process_1": 0.0031918680300933597,
      "process_3": 0.0035616769828122874,
      "process_2": 0.0031312319080310552
    },
    "gpu_energy": {
      "process_0": 0.016468757897218023,
      "process_1": 0.01944544805634596,
      "process_3": 0.02108570325743797,
      "process_2": 0.019173027838410017
    },
    "ram_energy": {
      "process_0": 1.425204083776244e-05,
      "process_1": 1.6140649953053134e-05,
      "process_3": 1.83035661950528e-05,
      "process_2": 1.5728866745446024e-05
    },
    "total_energy_kwh": {
      "process_0": 0.019137787565492847,
      "process_1": 0.02265345673639237,
      "process_3": 0.024665683806445304,
      "process_2": 0.02231998861318652
    },
    "total_energy_joules": {
      "process_0": 68896.03523577425,
      "process_1": 81552.44425101254,
      "process_3": 88796.4617032031,
      "process_2": 80351.95900747148
    }
  },
  "global_experiment_results": {
    "cpu_power_avg": 112.5,
    "gpu_power_avg": 598.8098508349942,
    "ram_power_avg": 0.66260826587677,
    "cpu_energy_total": 0.012539554548373757,
    "gpu_energy_total": 0.07617293704941197,
    "ram_energy_total": 6.44251237313144e-05,
    "total_energy_kwh": 0.08877691672151705,
    "total_energy_joules": 319596.90019746136
  },
  "global_derived_quantities": {
    "tokens_per_joule": 0.051264577315603584,
    "joules_per_token": 19.50664674056771,
    "flops_per_joule": 53035467.43625969,
    "joules_per_flop": 1.8855306615367217e-08
  },
  "per-process_emissions": [
    0.0072905401730745,
    0.008629834343728673,
    0.009396392246065338,
    0.008502799662193406
  ]
}