{
  "experiment_id": "0435",
  "local_process_results": {
    "cpu_power": {
      "process_1": 112.5,
      "process_2": 112.5,
      "process_3": 112.5,
      "process_0": 112.5
    },
    "gpu_power": {
      "process_1": 363.4198067202734,
      "process_2": 394.7247829136976,
      "process_3": 0.0,
      "process_0": 567.9091529666117
    },
    "ram_power": {
      "process_1": 0.7206587791442872,
      "process_2": 0.7212553024291992,
      "process_3": 0.7244067192077637,
      "process_0": 0.6897783279418945
    },
    "cpu_energy": {
      "process_1": 0.0013734422586567235,
      "process_2": 0.0013113342243468655,
      "process_3": 0.0015157210562829276,
      "process_0": 0.0012474400130668072
    },
    "gpu_energy": {
      "process_1": 0.005277781722222041,
      "process_2": 0.005046317092604724,
      "process_3": 0.005616971438017204,
      "process_0": 0.0047903896656418254
    },
    "ram_energy": {
      "process_1": 6.576351880387492e-06,
      "process_2": 6.259487345240684e-06,
      "process_3": 7.495866158862856e-06,
      "process_0": 5.796935058150534e-06
    },
    "total_energy_kwh": {
      "process_1": 0.0066578003327591485,
      "process_2": 0.006363910804296831,
      "process_3": 0.007140188360458995,
      "process_0": 0.006043626613766784
    },
    "total_energy_joules": {
      "process_1": 23968.081197932934,
      "process_2": 22910.078895468592,
      "process_3": 25704.67809765238,
      "process_0": 21757.05580956042
    }
  },
  "global_experiment_results": {
    "cpu_power_avg": 112.5,
    "gpu_power_avg": 331.51343565014565,
    "ram_power_avg": 0.7140247821807861,
    "cpu_energy_total": 0.005447937552353324,
    "gpu_energy_total": 0.020731459918485795,
    "ram_energy_total": 2.6128640442641565e-05,
    "total_energy_kwh": 0.026205526111281758,
    "total_energy_joules": 94339.89400061434
  },
  "global_derived_quantities": {
    "tokens_per_joule": 0.1736699004547674,
    "joules_per_token": 5.758050170935934,
    "flops_per_joule": 179669175.72582415,
    "joules_per_flop": 5.565784982094001e-09
  },
  "per-process_emissions": [
    0.0025362890367645976,
    0.002424331820896878,
    0.0027200547559168542,
    0.002302319558514456
  ]
}