{
  "process_id": 2566747,
  "local_process_index": 1,
  "energy_results": {
    "cpu_power": 112.5,
    "gpu_power": 363.4198067202734,
    "ram_power": 0.7206587791442872,
    "cpu_energy": 0.0013734422586567235,
    "gpu_energy": 0.005277781722222041,
    "ram_energy": 6.576351880387492e-06,
    "total_energy_kwh": 0.0066578003327591485,
    "total_energy_joules": 23968.081197932934,
    "final_emissions": 0.0025362890367645976
  }
}