{
  "experiment_id": "0060",
  "local_process_results": {
    "cpu_power": {
      "process_0": 112.5
    },
    "gpu_power": {
      "process_0": 170.02014733720915
    },
    "ram_power": {
      "process_0": 0.9367575645446778
    },
    "cpu_energy": {
      "process_0": 0.002636959969031268
    },
    "gpu_energy": {
      "process_0": 0.0029004189869999975
    },
    "ram_energy": {
      "process_0": 1.9033983535516406e-05
    },
    "total_energy_kwh": {
      "process_0": 0.0055564129395667804
    },
    "total_energy_joules": {
      "process_0": 20003.08658244041
    }
  },
  "global_experiment_results": {
    "cpu_power_avg": 112.5,
    "gpu_power_avg": 170.02014733720915,
    "ram_power_avg": 0.9367575645446778,
    "cpu_energy_total": 0.002636959969031268,
    "gpu_energy_total": 0.0029004189869999975,
    "ram_energy_total": 1.9033983535516406e-05,
    "total_energy_kwh": 0.0055564129395667804,
    "total_energy_joules": 20003.08658244041
  },
  "global_derived_quantities": {
    "tokens_per_joule": 0.819073593091508,
    "joules_per_token": 1.220891515041529,
    "flops_per_joule": 51719224.61747321,
    "joules_per_flop": 1.9335169995223646e-08
  },
  "per-process_emissions": [
    0.002116715509327965
  ]
}