{
  "process_id": 340254,
  "local_process_index": 0,
  "energy_results": {
    "cpu_power": 112.5,
    "gpu_power": 448.78524803111344,
    "ram_power": 0.9274635314941407,
    "cpu_energy": 0.001121611020937735,
    "gpu_energy": 0.00398602346659388,
    "ram_energy": 7.284178451589726e-06,
    "total_energy_kwh": 0.005114918665983206,
    "total_energy_joules": 18413.70719753954,
    "final_emissions": 0.0019485282658063023
  }
}