{
  "experiment_id": "0256",
  "local_process_results": {
    "cpu_power": {
      "process_3": 112.5,
      "process_1": 112.5,
      "process_2": 112.5,
      "process_0": 112.5
    },
    "gpu_power": {
      "process_3": 432.88845812493196,
      "process_1": 414.9860296429882,
      "process_2": 388.54626139517666,
      "process_0": 448.78524803111344
    },
    "ram_power": {
      "process_3": 0.9665050506591798,
      "process_1": 0.972663402557373,
      "process_2": 0.9545288085937501,
      "process_0": 0.9274635314941407
    },
    "cpu_energy": {
      "process_3": 0.001122060004281252,
      "process_1": 0.0011233511945001736,
      "process_2": 0.0011275299009066658,
      "process_0": 0.001121611020937735
    },
    "gpu_energy": {
      "process_3": 0.003989455413783871,
      "process_1": 0.003989455413783871,
      "process_2": 0.004003178480317782,
      "process_0": 0.00398602346659388
    },
    "ram_energy": {
      "process_3": 7.5661716742347594e-06,
      "process_1": 7.598741798225074e-06,
      "process_2": 7.494197416654501e-06,
      "process_0": 7.284178451589726e-06
    },
    "total_energy_kwh": {
      "process_3": 0.0051190815897393565,
      "process_1": 0.005120405350082271,
      "process_2": 0.005138202578641102,
      "process_0": 0.005114918665983206
    },
    "total_energy_joules": {
      "process_3": 18428.693723061682,
      "process_1": 18433.459260296175,
      "process_2": 18497.529283107968,
      "process_0": 18413.70719753954
    }
  },
  "global_experiment_results": {
    "cpu_power_avg": 112.5,
    "gpu_power_avg": 421.3014992985526,
    "ram_power_avg": 0.9552901983261108,
    "cpu_energy_total": 0.004494552120625826,
    "gpu_energy_total": 0.015968112774479404,
    "ram_energy_total": 2.994328934070406e-05,
    "total_energy_kwh": 0.020492608184445933,
    "total_energy_joules": 73773.38946400536
  },
  "global_derived_quantities": {
    "tokens_per_joule": 0.22208549883686565,
    "joules_per_token": 4.502770353027671,
    "flops_per_joule": 229757248.73563018,
    "joules_per_flop": 4.3524198061348145e-09
  },
  "per-process_emissions": [
    0.0019501141316112078,
    0.0019506184181138412,
    0.0019573982723333277,
    0.0019485282658063023
  ]
}