{
  "process_id": 340257,
  "local_process_index": 3,
  "energy_results": {
    "cpu_power": 112.5,
    "gpu_power": 432.88845812493196,
    "ram_power": 0.9665050506591798,
    "cpu_energy": 0.001122060004281252,
    "gpu_energy": 0.003989455413783871,
    "ram_energy": 7.5661716742347594e-06,
    "total_energy_kwh": 0.0051190815897393565,
    "total_energy_joules": 18428.693723061682,
    "final_emissions": 0.0019501141316112078
  }
}