{
  "process_id": 76446,
  "local_process_index": 1,
  "energy_results": {
    "cpu_power": 112.5,
    "gpu_power": 512.8752165787708,
    "ram_power": 0.992684841156006,
    "cpu_energy": 0.0018390927513127055,
    "gpu_energy": 0.008116830104570039,
    "ram_energy": 1.431359326600353e-05,
    "total_energy_kwh": 0.00997023644914875,
    "total_energy_joules": 35892.8512169355,
    "final_emissions": 0.0037981615753032165
  }
}