{
  "experiment_id": "0087",
  "local_process_results": {
    "cpu_power": {
      "process_3": 112.5,
      "process_0": 112.5,
      "process_2": 112.5,
      "process_1": 112.5
    },
    "gpu_power": {
      "process_3": 476.32876293233716,
      "process_0": 404.9142693514381,
      "process_2": 593.8048196590107,
      "process_1": 512.8752165787708
    },
    "ram_power": {
      "process_3": 0.9929809570312501,
      "process_0": 0.9464263916015625,
      "process_2": 0.9905705451965332,
      "process_1": 0.992684841156006
    },
    "cpu_energy": {
      "process_3": 0.0026813578049993806,
      "process_0": 0.0013165540245933017,
      "process_2": 0.0016758044086870997,
      "process_1": 0.0018390927513127055
    },
    "gpu_energy": {
      "process_3": 0.011556803967657958,
      "process_0": 0.005761953498448047,
      "process_2": 0.007424444272884079,
      "process_1": 0.008116830104570039
    },
    "ram_energy": {
      "process_3": 2.1421669478282806e-05,
      "process_0": 9.365473209110881e-06,
      "process_2": 1.2954888119891948e-05,
      "process_1": 1.431359326600353e-05
    },
    "total_energy_kwh": {
      "process_3": 0.014259583442135624,
      "process_0": 0.00708787299625046,
      "process_2": 0.009113203569691072,
      "process_1": 0.00997023644914875
    },
    "total_energy_joules": {
      "process_3": 51334.50039168825,
      "process_0": 25516.342786501657,
      "process_2": 32807.53285088786,
      "process_1": 35892.8512169355
    }
  },
  "global_experiment_results": {
    "cpu_power_avg": 112.5,
    "gpu_power_avg": 496.98076713038927,
    "ram_power_avg": 0.9806656837463379,
    "cpu_energy_total": 0.007512808989592487,
    "gpu_energy_total": 0.03286003184356012,
    "ram_energy_total": 5.8055624073289166e-05,
    "total_energy_kwh": 0.040430896457225904,
    "total_energy_joules": 145551.22724601327
  },
  "global_derived_quantities": {
    "tokens_per_joule": 0.11256517935302238,
    "joules_per_token": 8.883741897339677,
    "flops_per_joule": 7107766.437801278,
    "joules_per_flop": 1.4069117334549626e-07
  },
  "per-process_emissions": [
    0.005432188312281566,
    0.002700125217921613,
    0.003471674899873814,
    0.0037981615753032165
  ]
}