{
  "process_id": 2447830,
  "local_process_index": 0,
  "energy_results": {
    "cpu_power": 112.5,
    "gpu_power": 167.60269292851245,
    "ram_power": 0.6728668212890625,
    "cpu_energy": 0.0028780873153459634,
    "gpu_energy": 0.004178067786896111,
    "ram_energy": 1.0552034524295476e-05,
    "total_energy_kwh": 0.007066707136766373,
    "total_energy_joules": 25440.145692358943,
    "final_emissions": 0.00269206208375115
  }
}