{
  "process_id": 2447831,
  "local_process_index": 1,
  "energy_results": {
    "cpu_power": 112.5,
    "gpu_power": 157.01430916922547,
    "ram_power": 0.7048859596252441,
    "cpu_energy": 0.002631077556438867,
    "gpu_energy": 0.0038059794336702257,
    "ram_energy": 9.966703278926837e-06,
    "total_energy_kwh": 0.006447023693388024,
    "total_energy_joules": 23209.285296196886,
    "final_emissions": 0.0024559936759961675
  }
}