{
  "process_id": 2188834,
  "local_process_index": 1,
  "energy_results": {
    "cpu_power": 112.5,
    "gpu_power": 54.593689817408446,
    "ram_power": 0.6675124168395996,
    "cpu_energy": 0.0009066923042482813,
    "gpu_energy": 0.003756471894067026,
    "ram_energy": 4.352741122653828e-06,
    "total_energy_kwh": 0.004667516939437962,
    "total_energy_joules": 16803.060981976665,
    "final_emissions": 0.0017780905780788918
  }
}