{
  "experiment_id": "0472",
  "local_process_results": {
    "cpu_power": {
      "process_1": 112.5,
      "process_2": 112.5,
      "process_3": 112.5,
      "process_0": 112.5
    },
    "gpu_power": {
      "process_1": 54.593689817408446,
      "process_2": 29.612909402013223,
      "process_3": 750.0989980667636,
      "process_0": 756.1160393518784
    },
    "ram_power": {
      "process_1": 0.6675124168395996,
      "process_2": 0.6699671745300294,
      "process_3": 0.675358772277832,
      "process_0": 0.638390064239502
    },
    "cpu_energy": {
      "process_1": 0.0009066923042482813,
      "process_2": 0.0008570339344769309,
      "process_3": 0.0008136882170510945,
      "process_0": 0.0008190258670983895
    },
    "gpu_energy": {
      "process_1": 0.003756471894067026,
      "process_2": 0.003747368553450592,
      "process_3": 0.003740708270347781,
      "process_0": 0.0037393632692719336
    },
    "ram_energy": {
      "process_1": 4.352741122653828e-06,
      "process_2": 4.075320337946321e-06,
      "process_3": 4.26012159396747e-06,
      "process_0": 4.066127194237721e-06
    },
    "total_energy_kwh": {
      "process_1": 0.004667516939437962,
      "process_2": 0.004608477808265471,
      "process_3": 0.004558656608992844,
      "process_0": 0.004562455263564561
    },
    "total_energy_joules": {
      "process_1": 16803.060981976665,
      "process_2": 16590.520109755696,
      "process_3": 16411.16379237424,
      "process_0": 16424.838948832417
    }
  },
  "global_experiment_results": {
    "cpu_power_avg": 112.5,
    "gpu_power_avg": 397.60540915951594,
    "ram_power_avg": 0.6628071069717407,
    "cpu_energy_total": 0.0033964403228746963,
    "gpu_energy_total": 0.014983911987137333,
    "ram_energy_total": 1.675431024880534e-05,
    "total_energy_kwh": 0.01839710662026084,
    "total_energy_joules": 66229.58383293901
  },
  "global_derived_quantities": {
    "tokens_per_joule": 0.2473818956997807,
    "joules_per_token": 4.042332997615906,
    "flops_per_joule": 255927487.56971657,
    "joules_per_flop": 3.907356765371256e-09
  },
  "per-process_emissions": [
    0.0017780905780788918,
    0.0017555996210587312,
    0.001736620235195824,
    0.0017380673326549195
  ]
}