{
  "process_id": 1512581,
  "local_process_index": 0,
  "energy_results": {
    "cpu_power": 112.5,
    "gpu_power": 192.96314509728373,
    "ram_power": 3.8357162475585938,
    "cpu_energy": 0.00036097400678409034,
    "gpu_energy": 0.0005467526596234507,
    "ram_energy": 6.599306588227546e-06,
    "total_energy_kwh": 0.0009143259729957686,
    "total_energy_joules": 3291.573502784767,
    "final_emissions": 0.00034831247941273806
  }
}