{
  "process_id": 137543,
  "local_process_index": 1,
  "energy_results": {
    "cpu_power": 112.5,
    "gpu_power": 98.37984908075603,
    "ram_power": 0.6718826293945312,
    "cpu_energy": 0.0007155958250621097,
    "gpu_energy": 0.004773653541141898,
    "ram_energy": 3.9869732473855865e-06,
    "total_energy_kwh": 0.0054932363394513935,
    "total_energy_joules": 19775.650822025018,
    "final_emissions": 0.002092648383514008
  }
}