{
  "process_id": 100125,
  "local_process_index": 1,
  "energy_results": {
    "cpu_power": 112.5,
    "gpu_power": 498.84821827185505,
    "ram_power": 0.6532573699951172,
    "cpu_energy": 0.000965277695000225,
    "gpu_energy": 0.0068295843525520705,
    "ram_energy": 5.519671833755312e-06,
    "total_energy_kwh": 0.00780038171938605,
    "total_energy_joules": 28081.37418978978,
    "final_emissions": 0.0029715554160001157
  }
}