{
  "process_id": 100126,
  "local_process_index": 2,
  "energy_results": {
    "cpu_power": 112.5,
    "gpu_power": 0.0,
    "ram_power": 0.6545605659484863,
    "cpu_energy": 0.0008955987656875094,
    "gpu_energy": 0.006156068535961984,
    "ram_energy": 4.83345449113777e-06,
    "total_energy_kwh": 0.00705650075614063,
    "total_energy_joules": 25403.402722106268,
    "final_emissions": 0.002688173963051773
  }
}