{
  "process_id": 2525138,
  "local_process_index": 3,
  "energy_results": {
    "cpu_power": 112.5,
    "gpu_power": 256.5672690556606,
    "ram_power": 0.7066226005554199,
    "cpu_energy": 0.001445787987596304,
    "gpu_energy": 0.0036053323287084105,
    "ram_energy": 6.402335872593611e-06,
    "total_energy_kwh": 0.005057522652177308,
    "total_energy_joules": 18207.08154783831,
    "final_emissions": 0.0019266632543469455
  }
}