{
  "process_id": 2525135,
  "local_process_index": 0,
  "energy_results": {
    "cpu_power": 112.5,
    "gpu_power": 226.9098664570262,
    "ram_power": 0.6745734214782715,
    "cpu_energy": 0.001580947968689543,
    "gpu_energy": 0.003895968116773174,
    "ram_energy": 6.800400201082243e-06,
    "total_energy_kwh": 0.0054837164856637996,
    "total_energy_joules": 19741.379348389677,
    "final_emissions": 0.0020890217952136245
  }
}