{
  "process_id": 81829,
  "local_process_index": 3,
  "energy_results": {
    "cpu_power": 112.5,
    "gpu_power": 682.7791358029963,
    "ram_power": 0.6537795066833496,
    "cpu_energy": 0.0009417213138750073,
    "gpu_energy": 0.0066234427987500455,
    "ram_energy": 4.804021411821816e-06,
    "total_energy_kwh": 0.0075699681340368735,
    "total_energy_joules": 27251.885282532745,
    "final_emissions": 0.002883779360661347
  }
}