{
  "process_id": 81827,
  "local_process_index": 1,
  "energy_results": {
    "cpu_power": 112.5,
    "gpu_power": 451.59433799810654,
    "ram_power": 0.6602439880371094,
    "cpu_energy": 0.0011067888925934994,
    "gpu_energy": 0.00744444428888405,
    "ram_energy": 5.735111877239817e-06,
    "total_energy_kwh": 0.008556968293354792,
    "total_energy_joules": 30805.08585607725,
    "final_emissions": 0.003259777071353508
  }
}