{
  "process_id": 135887,
  "local_process_index": 3,
  "energy_results": {
    "cpu_power": 112.5,
    "gpu_power": 397.3480746057014,
    "ram_power": 0.6645913124084473,
    "cpu_energy": 0.0007364789607499914,
    "gpu_energy": 0.005120571596453932,
    "ram_energy": 4.366533063564484e-06,
    "total_energy_kwh": 0.005861417090267488,
    "total_energy_joules": 21101.101524962956,
    "final_emissions": 0.0022329068405373994
  }
}