{
  "process_id": 114217,
  "local_process_index": 3,
  "energy_results": {
    "cpu_power": 112.5,
    "gpu_power": 57.2544055462669,
    "ram_power": 0.6336665153503418,
    "cpu_energy": 0.0007959783547813118,
    "gpu_energy": 0.005311692304906079,
    "ram_energy": 4.162911128687534e-06,
    "total_energy_kwh": 0.006111833570816081,
    "total_energy_joules": 22002.60085493789,
    "final_emissions": 0.002328302998802386
  }
}