{
  "process_id": 114214,
  "local_process_index": 0,
  "energy_results": {
    "cpu_power": 112.5,
    "gpu_power": 1061.801104402552,
    "ram_power": 0.6972870826721191,
    "cpu_energy": 0.0007216129968751375,
    "gpu_energy": 0.004824784137602067,
    "ram_energy": 3.800220920839246e-06,
    "total_energy_kwh": 0.005550197355398042,
    "total_energy_joules": 19980.710479432953,
    "final_emissions": 0.0021143476825388843
  }
}