{
  "process_id": 212727,
  "local_process_index": 0,
  "energy_results": {
    "cpu_power": 112.5,
    "gpu_power": 829.3610418172757,
    "ram_power": 0.703132152557373,
    "cpu_energy": 0.0006988725287496892,
    "gpu_energy": 0.0046604442839079385,
    "ram_energy": 4.443783398955074e-06,
    "total_energy_kwh": 0.005363760596056583,
    "total_energy_joules": 19309.538145803697,
    "final_emissions": 0.0020433245990677555
  }
}