{
  "process_id": 212730,
  "local_process_index": 3,
  "energy_results": {
    "cpu_power": 112.5,
    "gpu_power": 518.7564640103095,
    "ram_power": 0.6507296562194824,
    "cpu_energy": 0.0008013886575937479,
    "gpu_energy": 0.005097582133617828,
    "ram_energy": 4.661811325812182e-06,
    "total_energy_kwh": 0.005903632602537387,
    "total_energy_joules": 21253.077369134593,
    "final_emissions": 0.0022489888399366176
  }
}