{
  "process_id": 2526751,
  "local_process_index": 3,
  "energy_results": {
    "cpu_power": 112.5,
    "gpu_power": 274.70301518137666,
    "ram_power": 0.7044968605041505,
    "cpu_energy": 0.0016901428314122315,
    "gpu_energy": 0.004513717499858405,
    "ram_energy": 7.598346830068568e-06,
    "total_energy_kwh": 0.0062114586781007045,
    "total_energy_joules": 22361.251241162536,
    "final_emissions": 0.0023662551834224632
  }
}