{
  "process_id": 2526750,
  "local_process_index": 2,
  "energy_results": {
    "cpu_power": 112.5,
    "gpu_power": 290.6035927260081,
    "ram_power": 0.7045841217041017,
    "cpu_energy": 0.0015701286109688225,
    "gpu_energy": 0.004233800609259264,
    "ram_energy": 7.027394289863527e-06,
    "total_energy_kwh": 0.005810956614517949,
    "total_energy_joules": 20919.443812264613,
    "final_emissions": 0.0022136839223006128
  }
}