{
  "process_id": 2185336,
  "local_process_index": 3,
  "energy_results": {
    "cpu_power": 112.5,
    "gpu_power": 420.6641865054338,
    "ram_power": 0.7209577560424805,
    "cpu_energy": 0.0006889543399047399,
    "gpu_energy": 0.0038813631050880204,
    "ram_energy": 4.79159582625632e-06,
    "total_energy_kwh": 0.004575109040819017,
    "total_energy_joules": 16470.392546948464,
    "final_emissions": 0.0017428877891000048
  }
}