{
  "process_id": 2185334,
  "local_process_index": 1,
  "energy_results": {
    "cpu_power": 112.5,
    "gpu_power": 443.95288640820047,
    "ram_power": 0.7208633422851562,
    "cpu_energy": 0.0006635164261224418,
    "gpu_energy": 0.0038731928207740296,
    "ram_energy": 5.051211306360498e-06,
    "total_energy_kwh": 0.004541760458202832,
    "total_energy_joules": 16350.337649530196,
    "final_emissions": 0.0017301836465523689
  }
}