{
  "process_id": 2185335,
  "local_process_index": 2,
  "energy_results": {
    "cpu_power": 112.5,
    "gpu_power": 428.21144051200054,
    "ram_power": 0.7190694808959961,
    "cpu_energy": 0.0006858342575633288,
    "gpu_energy": 0.0038767172680378437,
    "ram_energy": 4.790385857180775e-06,
    "total_energy_kwh": 0.004567341911458351,
    "total_energy_joules": 16442.43088125006,
    "final_emissions": 0.0017399289011700587
  }
}