{
  "process_id": 217578,
  "local_process_index": 2,
  "energy_results": {
    "cpu_power": 112.5,
    "gpu_power": 1208.6116246460292,
    "ram_power": 0.6491274833679199,
    "cpu_energy": 0.0007375065516874884,
    "gpu_energy": 0.004656309280600179,
    "ram_energy": 3.984752355206689e-06,
    "total_energy_kwh": 0.0053978005846428735,
    "total_energy_joules": 19432.082104714344,
    "final_emissions": 0.0020562921327197028
  }
}