{
  "process_id": 217577,
  "local_process_index": 1,
  "energy_results": {
    "cpu_power": 112.5,
    "gpu_power": 590.2115714017713,
    "ram_power": 0.6510071754455566,
    "cpu_energy": 0.000703484795718623,
    "gpu_energy": 0.004741395737558163,
    "ram_energy": 4.109221318051914e-06,
    "total_energy_kwh": 0.005448989754594837,
    "total_energy_joules": 19616.36311654141,
    "final_emissions": 0.0020757926470129032
  }
}