{
  "process_id": 2520398,
  "local_process_index": 3,
  "energy_results": {
    "cpu_power": 112.5,
    "gpu_power": 350.22715852801565,
    "ram_power": 0.7240762710571289,
    "cpu_energy": 0.00125954541734518,
    "gpu_energy": 0.00383795918147678,
    "ram_energy": 5.8231950147412634e-06,
    "total_energy_kwh": 0.0051033277938367025,
    "total_energy_joules": 18371.98005781213,
    "final_emissions": 0.0019441127230620918
  }
}