{
  "process_id": 2552033,
  "local_process_index": 2,
  "energy_results": {
    "cpu_power": 112.5,
    "gpu_power": 524.6948875710311,
    "ram_power": 0.725797176361084,
    "cpu_energy": 0.0012544926709069841,
    "gpu_energy": 0.0048088135692705425,
    "ram_energy": 6.0955336881055375e-06,
    "total_energy_kwh": 0.00606940177386563,
    "total_energy_joules": 21849.84638591627,
    "final_emissions": 0.002312138605754112
  }
}