{
  "process_id": 2552032,
  "local_process_index": 1,
  "energy_results": {
    "cpu_power": 112.5,
    "gpu_power": 308.09406710772424,
    "ram_power": 0.7231521606445312,
    "cpu_energy": 0.001336948128973745,
    "gpu_energy": 0.005135244663747374,
    "ram_energy": 6.4037898695988955e-06,
    "total_energy_kwh": 0.0064785965825907175,
    "total_energy_joules": 23322.947697326585,
    "final_emissions": 0.0024680213681379337
  }
}