{
  "experiment_id": "0314",
  "local_process_results": {
    "cpu_power": {
      "process_0": 112.5,
      "process_2": 112.5,
      "process_3": 112.5,
      "process_1": 112.5
    },
    "gpu_power": {
      "process_0": 245.7845533810929,
      "process_2": 395.18199874798864,
      "process_3": 402.0546785712256,
      "process_1": 427.1167597242292
    },
    "ram_power": {
      "process_0": 0.9333558082580568,
      "process_2": 0.9752626419067383,
      "process_3": 0.9594311714172363,
      "process_1": 0.9662818908691406
    },
    "cpu_energy": {
      "process_0": 0.001152431789156594,
      "process_2": 0.001153821296718547,
      "process_3": 0.0011343179064374452,
      "process_1": 0.0011307776068749718
    },
    "gpu_energy": {
      "process_0": 0.004163469164105871,
      "process_2": 0.004170053613817781,
      "process_3": 0.004107624674985932,
      "process_1": 0.004110263565985983
    },
    "ram_energy": {
      "process_0": 7.488628917134048e-06,
      "process_2": 7.837211065726147e-06,
      "process_3": 7.616490424078213e-06,
      "process_1": 7.681703091092155e-06
    },
    "total_energy_kwh": {
      "process_0": 0.005323389582179599,
      "process_2": 0.005331712121602054,
      "process_3": 0.005249559071847454,
      "process_1": 0.005248722875952047
    },
    "total_energy_joules": {
      "process_0": 19164.202495846555,
      "process_2": 19194.163637767393,
      "process_3": 18898.412658650836,
      "process_1": 18895.40235342737
    }
  },
  "global_experiment_results": {
    "cpu_power_avg": 112.5,
    "gpu_power_avg": 367.5344976061341,
    "ram_power_avg": 0.958582878112793,
    "cpu_energy_total": 0.004571348599187558,
    "gpu_energy_total": 0.016551411018895568,
    "ram_energy_total": 3.062403349803056e-05,
    "total_energy_kwh": 0.021153383651581155,
    "total_energy_joules": 76152.18114569216
  },
  "global_derived_quantities": {
    "tokens_per_joule": 0.21514813828713067,
    "joules_per_token": 4.647960275005625,
    "flops_per_joule": 222580243.115083,
    "joules_per_flop": 4.49276173843947e-09
  },
  "per-process_emissions": [
    0.0020279452613313183,
    0.0020311157327243022,
    0.001999819528420288,
    0.0019995009795939324
  ]
}