{
  "process_id": 416687,
  "local_process_index": 3,
  "energy_results": {
    "cpu_power": 112.5,
    "gpu_power": 402.0546785712256,
    "ram_power": 0.9594311714172363,
    "cpu_energy": 0.0011343179064374452,
    "gpu_energy": 0.004107624674985932,
    "ram_energy": 7.616490424078213e-06,
    "total_energy_kwh": 0.005249559071847454,
    "total_energy_joules": 18898.412658650836,
    "final_emissions": 0.001999819528420288
  }
}