{
  "process_id": 98405,
  "local_process_index": 1,
  "energy_results": {
    "cpu_power": 112.5,
    "gpu_power": 597.7241985384861,
    "ram_power": 0.6535005569458008,
    "cpu_energy": 0.0009094868724062621,
    "gpu_energy": 0.006833754911444084,
    "ram_energy": 5.150561741506247e-06,
    "total_energy_kwh": 0.007748392345591853,
    "total_energy_joules": 27894.21244413067,
    "final_emissions": 0.0029517500640532162
  }
}