{
  "process_id": 2449851,
  "local_process_index": 3,
  "energy_results": {
    "cpu_power": 112.5,
    "gpu_power": 184.20290923757202,
    "ram_power": 0.7036442756652832,
    "cpu_energy": 0.0024931834879362213,
    "gpu_energy": 0.004484398031959991,
    "ram_energy": 9.970966974170687e-06,
    "total_energy_kwh": 0.006987552486870387,
    "total_energy_joules": 25155.188952733395,
    "final_emissions": 0.0026619081198732742
  }
}