{
  "process_id": 297246,
  "local_process_index": 0,
  "energy_results": {
    "cpu_power": 112.5,
    "gpu_power": 457.3822823106764,
    "ram_power": 1.0818843841552734,
    "cpu_energy": 0.00040003843131262333,
    "gpu_energy": 0.0017294880502560228,
    "ram_energy": 3.2852205637956664e-06,
    "total_energy_kwh": 0.002132811702132442,
    "total_energy_joules": 7678.122127676792,
    "final_emissions": 0.0008124946179273538
  }
}