{
  "process_id": 297248,
  "local_process_index": 2,
  "energy_results": {
    "cpu_power": 112.5,
    "gpu_power": 595.3593030364384,
    "ram_power": 0.8520698547363281,
    "cpu_energy": 0.0003696059814999444,
    "gpu_energy": 0.0017294880502560228,
    "ram_energy": 2.35372143714362e-06,
    "total_energy_kwh": 0.0021014477531931105,
    "total_energy_joules": 7565.2119114951975,
    "final_emissions": 0.0008005465215789154
  }
}