{
  "process_id": 297249,
  "local_process_index": 3,
  "energy_results": {
    "cpu_power": 112.5,
    "gpu_power": 457.6421746367473,
    "ram_power": 0.8715505599975586,
    "cpu_energy": 0.0003729443096561908,
    "gpu_energy": 0.0017172869293840543,
    "ram_energy": 2.4219246771324998e-06,
    "total_energy_kwh": 0.0020926531637173785,
    "total_energy_joules": 7533.551389382563,
    "final_emissions": 0.0007971962227181354
  }
}