{
  "process_id": 11405,
  "local_process_index": 0,
  "energy_results": {
    "cpu_power": 112.5,
    "gpu_power": 118.54351054760643,
    "ram_power": 1.0811519622802734,
    "cpu_energy": 0.0018045119103125493,
    "gpu_energy": 0.002001616601292,
    "ram_energy": 1.5268824470745704e-05,
    "total_energy_kwh": 0.003821397336075295,
    "total_energy_joules": 13757.030409871062,
    "final_emissions": 0.0014557613151778837
  }
}