{
  "process_id": 313106,
  "local_process_index": 1,
  "energy_results": {
    "cpu_power": 112.5,
    "gpu_power": 288.8288871856928,
    "ram_power": 0.9724631309509277,
    "cpu_energy": 0.009047659288874575,
    "gpu_energy": 0.021142763580864143,
    "ram_energy": 6.084922679253787e-05,
    "total_energy_kwh": 0.03025127209653126,
    "total_energy_joules": 108904.57954751253,
    "final_emissions": 0.011524222105173584
  }
}