{
  "process_id": 313105,
  "local_process_index": 0,
  "energy_results": {
    "cpu_power": 112.5,
    "gpu_power": 265.2848446663859,
    "ram_power": 0.9217987060546875,
    "cpu_energy": 0.009017257080498553,
    "gpu_energy": 0.021071981857571753,
    "ram_energy": 5.774810256329681e-05,
    "total_energy_kwh": 0.030146987040633604,
    "total_energy_joules": 108529.15334628097,
    "final_emissions": 0.011484494713129371
  }
}