{
  "process_id": 313107,
  "local_process_index": 2,
  "energy_results": {
    "cpu_power": 112.5,
    "gpu_power": 248.9497356612853,
    "ram_power": 0.9589920043945312,
    "cpu_energy": 0.009147464451061531,
    "gpu_energy": 0.021437665205673806,
    "ram_energy": 6.045409531217833e-05,
    "total_energy_kwh": 0.03064558375204752,
    "total_energy_joules": 110324.10150737107,
    "final_emissions": 0.011674435130342503
  }
}