{
  "experiment_id": "0238",
  "local_process_results": {
    "cpu_power": {
      "process_3": 112.5,
      "process_1": 112.5,
      "process_2": 112.5,
      "process_0": 112.5
    },
    "gpu_power": {
      "process_3": 271.2867587040874,
      "process_1": 288.8288871856928,
      "process_2": 248.9497356612853,
      "process_0": 265.2848446663859
    },
    "ram_power": {
      "process_3": 0.9752440452575685,
      "process_1": 0.9724631309509277,
      "process_2": 0.9589920043945312,
      "process_0": 0.9217987060546875
    },
    "cpu_energy": {
      "process_3": 0.008998032204063294,
      "process_1": 0.009047659288874575,
      "process_2": 0.009147464451061531,
      "process_0": 0.009017257080498553
    },
    "gpu_energy": {
      "process_3": 0.021031934047756162,
      "process_1": 0.021142763580864143,
      "process_2": 0.021437665205673806,
      "process_0": 0.021071981857571753
    },
    "ram_energy": {
      "process_3": 6.078233216753045e-05,
      "process_1": 6.084922679253787e-05,
      "process_2": 6.045409531217833e-05,
      "process_0": 5.774810256329681e-05
    },
    "total_energy_kwh": {
      "process_3": 0.030090748583986963,
      "process_1": 0.03025127209653126,
      "process_2": 0.03064558375204752,
      "process_0": 0.030146987040633604
    },
    "total_energy_joules": {
      "process_3": 108326.69490235306,
      "process_1": 108904.57954751253,
      "process_2": 110324.10150737107,
      "process_0": 108529.15334628097
    }
  },
  "global_experiment_results": {
    "cpu_power_avg": 112.5,
    "gpu_power_avg": 268.58755655436283,
    "ram_power_avg": 0.9571244716644287,
    "cpu_energy_total": 0.03621041302449795,
    "gpu_energy_total": 0.08468434469186586,
    "ram_energy_total": 0.00023983375683554346,
    "total_energy_kwh": 0.12113459147319934,
    "total_energy_joules": 436084.52930351766
  },
  "global_derived_quantities": {
    "tokens_per_joule": 0.03734138430915587,
    "joules_per_token": 26.77993916135579,
    "flops_per_joule": 38868544.63794727,
    "joules_per_flop": 2.572774487223024e-08
  },
  "per-process_emissions": [
    0.011463070673069835,
    0.011524222105173584,
    0.011674435130342503,
    0.011484494713129371
  ]
}