{
  "process_id": 182172,
  "local_process_index": 1,
  "energy_results": {
    "cpu_power": 112.5,
    "gpu_power": 773.4050203693262,
    "ram_power": 0.6306467056274415,
    "cpu_energy": 0.0006397281238751021,
    "gpu_energy": 0.004648351774233894,
    "ram_energy": 3.6810668469187263e-06,
    "total_energy_kwh": 0.005291760964955914,
    "total_energy_joules": 19050.33947384129,
    "final_emissions": 0.0020158963395999555
  }
}