{
  "process_id": 2511534,
  "local_process_index": 3,
  "energy_results": {
    "cpu_power": 112.5,
    "gpu_power": 279.87866397731904,
    "ram_power": 0.7245182991027832,
    "cpu_energy": 0.0014946204247771673,
    "gpu_energy": 0.0036344481853340938,
    "ram_energy": 6.840812147542347e-06,
    "total_energy_kwh": 0.005135909422258805,
    "total_energy_joules": 18489.273920131698,
    "final_emissions": 0.001956524694409492
  }
}