{
  "process_id": 2511533,
  "local_process_index": 2,
  "energy_results": {
    "cpu_power": 112.5,
    "gpu_power": 239.5843672789322,
    "ram_power": 0.7201652526855469,
    "cpu_energy": 0.0015737179815623675,
    "gpu_energy": 0.003795153591676703,
    "ram_energy": 7.156981637660553e-06,
    "total_energy_kwh": 0.00537602855487673,
    "total_energy_joules": 19353.70279755623,
    "final_emissions": 0.0020479980779802903
  }
}