{
  "experiment_id": "0248",
  "local_process_results": {
    "cpu_power": {
      "process_2": 112.5,
      "process_0": 112.5,
      "process_1": 112.5,
      "process_3": 112.5
    },
    "gpu_power": {
      "process_2": 0.0,
      "process_0": 359.5805256283451,
      "process_1": 327.36192113545764,
      "process_3": 378.216055754753
    },
    "ram_power": {
      "process_2": 0.9631404876708984,
      "process_0": 0.9203095436096191,
      "process_1": 0.9741697311401367,
      "process_3": 0.9541912078857422
    },
    "cpu_energy": {
      "process_2": 0.001143670890843623,
      "process_0": 0.0011205185856874775,
      "process_1": 0.0011258714364371372,
      "process_3": 0.001117323852781169
    },
    "gpu_energy": {
      "process_2": 0.0040040159809881515,
      "process_0": 0.004023148496293982,
      "process_1": 0.004033024615306358,
      "process_3": 0.004013354877348219
    },
    "ram_energy": {
      "process_2": 7.733194185719769e-06,
      "process_0": 7.215563331246361e-06,
      "process_1": 7.635175760668017e-06,
      "process_3": 7.5016675638209035e-06
    },
    "total_energy_kwh": {
      "process_2": 0.005155420066017494,
      "process_0": 0.005150882645312707,
      "process_1": 0.005166531227504162,
      "process_3": 0.005138180397693211
    },
    "total_energy_joules": {
      "process_2": 18559.51223766298,
      "process_0": 18543.177523125745,
      "process_1": 18599.51241901498,
      "process_3": 18497.44943169556
    }
  },
  "global_experiment_results": {
    "cpu_power_avg": 112.5,
    "gpu_power_avg": 266.2896256296389,
    "ram_power_avg": 0.9529527425765991,
    "cpu_energy_total": 0.004507384765749406,
    "gpu_energy_total": 0.01607354396993671,
    "ram_energy_total": 3.008560084145505e-05,
    "total_energy_kwh": 0.020611014336527574,
    "total_energy_joules": 74199.65161149926
  },
  "global_derived_quantities": {
    "tokens_per_joule": 0.22080966209632247,
    "joules_per_token": 4.528787329803421,
    "flops_per_joule": 228437339.32741457,
    "joules_per_flop": 4.377568058463159e-09
  },
  "per-process_emissions": [
    0.0019639572741493644,
    0.001962228743731876,
    0.0019681900711177105,
    0.001957389822501229
  ]
}