{
  "process_id": 329993,
  "local_process_index": 3,
  "energy_results": {
    "cpu_power": 112.5,
    "gpu_power": 378.216055754753,
    "ram_power": 0.9541912078857422,
    "cpu_energy": 0.001117323852781169,
    "gpu_energy": 0.004013354877348219,
    "ram_energy": 7.5016675638209035e-06,
    "total_energy_kwh": 0.005138180397693211,
    "total_energy_joules": 18497.44943169556,
    "final_emissions": 0.001957389822501229
  }
}