{
  "process_id": 329990,
  "local_process_index": 0,
  "energy_results": {
    "cpu_power": 112.5,
    "gpu_power": 359.5805256283451,
    "ram_power": 0.9203095436096191,
    "cpu_energy": 0.0011205185856874775,
    "gpu_energy": 0.004023148496293982,
    "ram_energy": 7.215563331246361e-06,
    "total_energy_kwh": 0.005150882645312707,
    "total_energy_joules": 18543.177523125745,
    "final_emissions": 0.001962228743731876
  }
}