{
  "process_id": 329991,
  "local_process_index": 1,
  "energy_results": {
    "cpu_power": 112.5,
    "gpu_power": 327.36192113545764,
    "ram_power": 0.9741697311401367,
    "cpu_energy": 0.0011258714364371372,
    "gpu_energy": 0.004033024615306358,
    "ram_energy": 7.635175760668017e-06,
    "total_energy_kwh": 0.005166531227504162,
    "total_energy_joules": 18599.51241901498,
    "final_emissions": 0.0019681900711177105
  }
}