{
  "process_id": 127854,
  "local_process_index": 2,
  "energy_results": {
    "cpu_power": 112.5,
    "gpu_power": 799.4593066425557,
    "ram_power": 0.6694693565368652,
    "cpu_energy": 0.0007128017772501494,
    "gpu_energy": 0.004759636029928099,
    "ram_energy": 3.9235782133287755e-06,
    "total_energy_kwh": 0.00547636138539158,
    "total_energy_joules": 19714.90098740969,
    "final_emissions": 0.0020862198697649222
  }
}