{
  "experiment_id": "0140",
  "local_process_results": {
    "cpu_power": {
      "process_3": 112.5,
      "process_1": 112.5,
      "process_0": 112.5,
      "process_2": 112.5
    },
    "gpu_power": {
      "process_3": 52.69694783633006,
      "process_1": 805.7945652894658,
      "process_0": 865.1945091036393,
      "process_2": 799.4593066425557
    },
    "ram_power": {
      "process_3": 0.6635355949401855,
      "process_1": 0.6631579399108887,
      "process_0": 0.7031164169311525,
      "process_2": 0.6694693565368652
    },
    "cpu_energy": {
      "process_3": 0.0008889588664061989,
      "process_1": 0.0007738253625935269,
      "process_0": 0.0007111750614686798,
      "process_2": 0.0007128017772501494
    },
    "gpu_energy": {
      "process_3": 0.005144687726858083,
      "process_1": 0.004759636029928099,
      "process_0": 0.004759636029928099,
      "process_2": 0.004759636029928099
    },
    "ram_energy": {
      "process_3": 4.578020309892218e-06,
      "process_1": 3.890997022726399e-06,
      "process_0": 4.131662849189254e-06,
      "process_2": 3.9235782133287755e-06
    },
    "total_energy_kwh": {
      "process_3": 0.006038224613574173,
      "process_1": 0.005537352389544353,
      "process_0": 0.005474942754245968,
      "process_2": 0.00547636138539158
    },
    "total_energy_joules": {
      "process_3": 21737.608608867024,
      "process_1": 19934.46860235967,
      "process_0": 19709.793915285485,
      "process_2": 19714.90098740969
    }
  },
  "global_experiment_results": {
    "cpu_power_avg": 112.5,
    "gpu_power_avg": 630.7863322179978,
    "ram_power_avg": 0.674819827079773,
    "cpu_energy_total": 0.003086761067718555,
    "gpu_energy_total": 0.01942359581664238,
    "ram_energy_total": 1.6524258395136647e-05,
    "total_energy_kwh": 0.022526881142756073,
    "total_energy_joules": 81096.77211392188
  },
  "global_derived_quantities": {
    "tokens_per_joule": 0.20203023588885063,
    "joules_per_token": 4.949754157343865,
    "flops_per_joule": 209009194.21726528,
    "joules_per_flop": 4.78447851897127e-09
  },
  "per-process_emissions": [
    0.0023002616665410815,
    0.0021094543927969215,
    0.0020856794422300013,
    0.0020862198697649222
  ]
}