{
  "process_id": 127853,
  "local_process_index": 1,
  "energy_results": {
    "cpu_power": 112.5,
    "gpu_power": 805.7945652894658,
    "ram_power": 0.6631579399108887,
    "cpu_energy": 0.0007738253625935269,
    "gpu_energy": 0.004759636029928099,
    "ram_energy": 3.890997022726399e-06,
    "total_energy_kwh": 0.005537352389544353,
    "total_energy_joules": 19934.46860235967,
    "final_emissions": 0.0021094543927969215
  }
}