{
  "process_id": 127852,
  "local_process_index": 0,
  "energy_results": {
    "cpu_power": 112.5,
    "gpu_power": 865.1945091036393,
    "ram_power": 0.7031164169311525,
    "cpu_energy": 0.0007111750614686798,
    "gpu_energy": 0.004759636029928099,
    "ram_energy": 4.131662849189254e-06,
    "total_energy_kwh": 0.005474942754245968,
    "total_energy_joules": 19709.793915285485,
    "final_emissions": 0.0020856794422300013
  }
}