{
  "process_id": 127855,
  "local_process_index": 3,
  "energy_results": {
    "cpu_power": 112.5,
    "gpu_power": 52.69694783633006,
    "ram_power": 0.6635355949401855,
    "cpu_energy": 0.0008889588664061989,
    "gpu_energy": 0.005144687726858083,
    "ram_energy": 4.578020309892218e-06,
    "total_energy_kwh": 0.006038224613574173,
    "total_energy_joules": 21737.608608867024,
    "final_emissions": 0.0023002616665410815
  }
}