{
  "process_id": 147351,
  "local_process_index": 0,
  "energy_results": {
    "cpu_power": 112.5,
    "gpu_power": 1246.937855691088,
    "ram_power": 0.7034683227539062,
    "cpu_energy": 0.0006276569604685847,
    "gpu_energy": 0.00475948352980593,
    "ram_energy": 4.036597071889363e-06,
    "total_energy_kwh": 0.005391177087346405,
    "total_energy_joules": 19408.237514447057,
    "final_emissions": 0.002053768911424613
  }
}