{
  "process_id": 230271,
  "local_process_index": 1,
  "energy_results": {
    "cpu_power": 112.5,
    "gpu_power": 864.4809634627254,
    "ram_power": 0.6519670486450195,
    "cpu_energy": 0.0008027906981559454,
    "gpu_energy": 0.005074906837700066,
    "ram_energy": 4.298125103445194e-06,
    "total_energy_kwh": 0.005881995660959458,
    "total_energy_joules": 21175.18437945405,
    "final_emissions": 0.002240746247042506
  }
}