{
  "experiment_id": "0206",
  "local_process_results": {
    "cpu_power": {
      "process_3": 112.5,
      "process_1": 112.5,
      "process_0": 112.5,
      "process_2": 112.5
    },
    "gpu_power": {
      "process_3": 50.77033614182556,
      "process_1": 864.4809634627254,
      "process_0": 592.3485640235789,
      "process_2": 52.799130240647415
    },
    "ram_power": {
      "process_3": 0.6593928337097168,
      "process_1": 0.6519670486450195,
      "process_0": 0.7015714645385743,
      "process_2": 0.6463465690612793
    },
    "cpu_energy": {
      "process_3": 0.0009316697127499083,
      "process_1": 0.0008027906981559454,
      "process_0": 0.0008284651039689378,
      "process_2": 0.0008607361752189035
    },
    "gpu_energy": {
      "process_3": 0.005316729808935883,
      "process_1": 0.005074906837700066,
      "process_0": 0.004947483957983945,
      "process_2": 0.0048164202420220015
    },
    "ram_energy": {
      "process_3": 5.113828267189979e-06,
      "process_1": 4.298125103445194e-06,
      "process_0": 4.778303717625594e-06,
      "process_2": 4.3043563789347845e-06
    },
    "total_energy_kwh": {
      "process_3": 0.006253513349952979,
      "process_1": 0.005881995660959458,
      "process_0": 0.005780727365670507,
      "process_2": 0.005681460773619839
    },
    "total_energy_joules": {
      "process_3": 22512.648059830724,
      "process_1": 21175.18437945405,
      "process_0": 20810.618516413826,
      "process_2": 20453.258785031423
    }
  },
  "global_experiment_results": {
    "cpu_power_avg": 112.5,
    "gpu_power_avg": 390.0997484671943,
    "ram_power_avg": 0.6648194789886475,
    "cpu_energy_total": 0.003423661690093695,
    "gpu_energy_total": 0.020155540846641895,
    "ram_energy_total": 1.849461346719555e-05,
    "total_energy_kwh": 0.02359769715020278,
    "total_energy_joules": 84951.70974073003
  },
  "global_derived_quantities": {
    "tokens_per_joule": 0.19286251036033833,
    "joules_per_token": 5.1850408777301045,
    "flops_per_joule": 199524777.6046272,
    "joules_per_flop": 5.011908856661264e-09
  },
  "per-process_emissions": [
    0.0023822759106645877,
    0.002240746247042506,
    0.00220216808995218,
    0.002164352481710478
  ]
}