{
  "process_id": 230272,
  "local_process_index": 2,
  "energy_results": {
    "cpu_power": 112.5,
    "gpu_power": 52.799130240647415,
    "ram_power": 0.6463465690612793,
    "cpu_energy": 0.0008607361752189035,
    "gpu_energy": 0.0048164202420220015,
    "ram_energy": 4.3043563789347845e-06,
    "total_energy_kwh": 0.005681460773619839,
    "total_energy_joules": 20453.258785031423,
    "final_emissions": 0.002164352481710478
  }
}