{
  "process_id": 230270,
  "local_process_index": 0,
  "energy_results": {
    "cpu_power": 112.5,
    "gpu_power": 592.3485640235789,
    "ram_power": 0.7015714645385743,
    "cpu_energy": 0.0008284651039689378,
    "gpu_energy": 0.004947483957983945,
    "ram_energy": 4.778303717625594e-06,
    "total_energy_kwh": 0.005780727365670507,
    "total_energy_joules": 20810.618516413826,
    "final_emissions": 0.00220216808995218
  }
}