{
  "experiment_id": "0432",
  "local_process_results": {
    "cpu_power": {
      "process_0": 112.5,
      "process_2": 112.5,
      "process_1": 112.5,
      "process_3": 112.5
    },
    "gpu_power": {
      "process_0": 480.0625976003331,
      "process_2": 410.37926270292513,
      "process_1": 366.51462475488506,
      "process_3": 297.2027124307129
    },
    "ram_power": {
      "process_0": 0.6895966529846191,
      "process_2": 0.7203011512756349,
      "process_1": 0.7210307121276855,
      "process_3": 0.7278599739074707
    },
    "cpu_energy": {
      "process_0": 0.0012638616327167256,
      "process_2": 0.0013469107535938748,
      "process_1": 0.001364884477529813,
      "process_3": 0.0014041714237473567
    },
    "gpu_energy": {
      "process_0": 0.004841170817376783,
      "process_2": 0.005161286073469329,
      "process_1": 0.005215485283496024,
      "process_3": 0.005331077042634913
    },
    "ram_energy": {
      "process_0": 5.778008934683954e-06,
      "process_2": 6.460910951172967e-06,
      "process_1": 6.689411190075405e-06,
      "process_3": 7.028738139140117e-06
    },
    "total_energy_kwh": {
      "process_0": 0.006110810459028193,
      "process_2": 0.0065146577380143745,
      "process_1": 0.0065870591722159135,
      "process_3": 0.006742277204521407
    },
    "total_energy_joules": {
      "process_0": 21998.917652501492,
      "process_2": 23452.767856851748,
      "process_1": 23713.413019977288,
      "process_3": 24272.197936277065
    }
  },
  "global_experiment_results": {
    "cpu_power_avg": 112.5,
    "gpu_power_avg": 388.539799372214,
    "ram_power_avg": 0.7146971225738525,
    "cpu_energy_total": 0.00537982828758777,
    "gpu_energy_total": 0.02054901921697705,
    "ram_energy_total": 2.5957069215072444e-05,
    "total_energy_kwh": 0.02595480457377989,
    "total_energy_joules": 93437.2964656076
  },
  "global_derived_quantities": {
    "tokens_per_joule": 0.1753475391492157,
    "joules_per_token": 5.702959989355932,
    "flops_per_joule": 181404766.9860712,
    "joules_per_flop": 5.512534298929327e-09
  },
  "per-process_emissions": [
    0.00232791324436679,
    0.002481758865296576,
    0.0025093401916556524,
    0.00256847050106243
  ]
}