{
  "experiment_id": "0183",
  "local_process_results": {
    "cpu_power": {
      "process_3": 112.5,
      "process_2": 112.5,
      "process_1": 112.5,
      "process_0": 112.5
    },
    "gpu_power": {
      "process_3": 667.7985395881038,
      "process_2": 2485.634032910787,
      "process_1": 940.5321978170101,
      "process_0": 1847.0837229016665
    },
    "ram_power": {
      "process_3": 0.6576404571533203,
      "process_2": 0.6561026573181152,
      "process_1": 0.6450090408325195,
      "process_0": 0.7021465301513672
    },
    "cpu_energy": {
      "process_3": 0.0007435628971563801,
      "process_2": 0.0006677065542186826,
      "process_1": 0.0006866825364375587,
      "process_0": 0.0006767352035311092
    },
    "gpu_energy": {
      "process_3": 0.005026074298633887,
      "process_2": 0.004762054087418144,
      "process_1": 0.004774587986334011,
      "process_0": 0.004750656578299983
    },
    "ram_energy": {
      "process_3": 4.401289722145764e-06,
      "process_2": 3.985958319581277e-06,
      "process_1": 3.975468016586486e-06,
      "process_0": 4.295192884380029e-06
    },
    "total_energy_kwh": {
      "process_3": 0.005774038485512413,
      "process_2": 0.005433746599956408,
      "process_1": 0.005465245990788155,
      "process_0": 0.005431686974715473
    },
    "total_energy_joules": {
      "process_3": 20786.538547844688,
      "process_2": 19561.48775984307,
      "process_1": 19674.885566837358,
      "process_0": 19554.073108975703
    }
  },
  "global_experiment_results": {
    "cpu_power_avg": 112.5,
    "gpu_power_avg": 1485.262123304392,
    "ram_power_avg": 0.6652246713638306,
    "cpu_energy_total": 0.0027746871913437304,
    "gpu_energy_total": 0.019313372950686025,
    "ram_energy_total": 1.6657908942693555e-05,
    "total_energy_kwh": 0.02210471805097245,
    "total_energy_joules": 79576.98498350082
  },
  "global_derived_quantities": {
    "tokens_per_joule": 0.20588867501573468,
    "joules_per_token": 4.856993712371876,
    "flops_per_joule": 213000919.75922862,
    "joules_per_flop": 4.694815407982168e-09
  },
  "per-process_emissions": [
    0.002199619961055954,
    0.0020699857672533935,
    0.0020819854601907477,
    0.0020692011530178593
  ]
}