{
  "process_id": 415322,
  "local_process_index": 3,
  "energy_results": {
    "cpu_power": 112.5,
    "gpu_power": 435.1718741816514,
    "ram_power": 0.9774656295776368,
    "cpu_energy": 0.0011338120156879085,
    "gpu_energy": 0.004128691358506076,
    "ram_energy": 7.757641338733848e-06,
    "total_energy_kwh": 0.005270261015532718,
    "total_energy_joules": 18972.939655917788,
    "final_emissions": 0.002007705933867189
  }
}