{
  "process_id": 415319,
  "local_process_index": 0,
  "energy_results": {
    "cpu_power": 112.5,
    "gpu_power": 456.36535942241545,
    "ram_power": 0.9324259757995605,
    "cpu_energy": 0.00113598189465597,
    "gpu_energy": 0.004130475526600175,
    "ram_energy": 7.424530164804228e-06,
    "total_energy_kwh": 0.0052738819514209475,
    "total_energy_joules": 18985.97502511541,
    "final_emissions": 0.00200908532939381
  }
}