{
  "process_id": 219202,
  "local_process_index": 0,
  "energy_results": {
    "cpu_power": 112.5,
    "gpu_power": 91.65493748469669,
    "ram_power": 0.7007904052734375,
    "cpu_energy": 0.0007268784654692128,
    "gpu_energy": 0.00476653381322395,
    "ram_energy": 4.24871286186756e-06,
    "total_energy_kwh": 0.0054976609915550305,
    "total_energy_joules": 19791.57956959811,
    "final_emissions": 0.002094333954732889
  }
}