{
  "process_id": 219205,
  "local_process_index": 3,
  "energy_results": {
    "cpu_power": 112.5,
    "gpu_power": 358.23167610382853,
    "ram_power": 0.6493306159973146,
    "cpu_energy": 0.0008252124333753275,
    "gpu_energy": 0.005084936567945952,
    "ram_energy": 4.410760315639823e-06,
    "total_energy_kwh": 0.005914559761636918,
    "total_energy_joules": 21292.415141892907,
    "final_emissions": 0.002253151541195584
  }
}