{
  "process_id": 31222,
  "local_process_index": 1,
  "energy_results": {
    "cpu_power": 112.5,
    "gpu_power": 915.1373721200737,
    "ram_power": 0.6510272026062012,
    "cpu_energy": 0.0004762958689687337,
    "gpu_energy": 0.003911999796264026,
    "ram_energy": 2.414898505446887e-06,
    "total_energy_kwh": 0.004390710563738206,
    "total_energy_joules": 15806.558029457543,
    "final_emissions": 0.0016726411892560697
  }
}