{
  "process_id": 384568,
  "local_process_index": 2,
  "energy_results": {
    "cpu_power": 112.5,
    "gpu_power": 5198.226099780574,
    "ram_power": 0.9636282920837402,
    "cpu_energy": 0.0011476573128123846,
    "gpu_energy": 0.004154283601201791,
    "ram_energy": 7.982325185358708e-06,
    "total_energy_kwh": 0.005309923239199536,
    "total_energy_joules": 19115.72366111833,
    "final_emissions": 0.0020228152579730633
  }
}