{
  "process_id": 384567,
  "local_process_index": 1,
  "energy_results": {
    "cpu_power": 112.5,
    "gpu_power": 301.5271970768851,
    "ram_power": 0.9816126823425293,
    "cpu_energy": 0.001153393463249813,
    "gpu_energy": 0.004167972778819917,
    "ram_energy": 7.912226004245615e-06,
    "total_energy_kwh": 0.005329278468073977,
    "total_energy_joules": 19185.402485066315,
    "final_emissions": 0.0020301886324127815
  }
}