{
  "process_id": 384566,
  "local_process_index": 0,
  "energy_results": {
    "cpu_power": 112.5,
    "gpu_power": 0.0,
    "ram_power": 0.934844970703125,
    "cpu_energy": 0.001145981969312743,
    "gpu_energy": 0.004150126653431785,
    "ram_energy": 7.744124668107656e-06,
    "total_energy_kwh": 0.005303852747412636,
    "total_energy_joules": 19093.869890685488,
    "final_emissions": 0.0020205027041268436
  }
}