{
  "experiment_id": "0289",
  "local_process_results": {
    "cpu_power": {
      "process_1": 112.5,
      "process_3": 112.5,
      "process_0": 112.5,
      "process_2": 112.5
    },
    "gpu_power": {
      "process_1": 301.5271970768851,
      "process_3": 409.63537295503727,
      "process_0": 0.0,
      "process_2": 5198.226099780574
    },
    "ram_power": {
      "process_1": 0.9816126823425293,
      "process_3": 0.9685549736022949,
      "process_0": 0.934844970703125,
      "process_2": 0.9636282920837402
    },
    "cpu_energy": {
      "process_1": 0.001153393463249813,
      "process_3": 0.0011509885512813295,
      "process_0": 0.001145981969312743,
      "process_2": 0.0011476573128123846
    },
    "gpu_energy": {
      "process_1": 0.004167972778819917,
      "process_3": 0.00416994083595007,
      "process_0": 0.004150126653431785,
      "process_2": 0.004154283601201791
    },
    "ram_energy": {
      "process_1": 7.912226004245615e-06,
      "process_3": 7.825878974372939e-06,
      "process_0": 7.744124668107656e-06,
      "process_2": 7.982325185358708e-06
    },
    "total_energy_kwh": {
      "process_1": 0.005329278468073977,
      "process_3": 0.005328755266205774,
      "process_0": 0.005303852747412636,
      "process_2": 0.005309923239199536
    },
    "total_energy_joules": {
      "process_1": 19185.402485066315,
      "process_3": 19183.518958340785,
      "process_0": 19093.869890685488,
      "process_2": 19115.72366111833
    }
  },
  "global_experiment_results": {
    "cpu_power_avg": 112.5,
    "gpu_power_avg": 1477.3471674531243,
    "ram_power_avg": 0.9621602296829224,
    "cpu_energy_total": 0.00459802129665627,
    "gpu_energy_total": 0.016642323869403564,
    "ram_energy_total": 3.146455483208492e-05,
    "total_energy_kwh": 0.02127180972089192,
    "total_energy_joules": 76578.51499521092
  },
  "global_derived_quantities": {
    "tokens_per_joule": 0.2139503488808137,
    "joules_per_token": 4.6739816281256665,
    "flops_per_joule": 221341077.11819717,
    "joules_per_flop": 4.517914220983009e-09
  },
  "per-process_emissions": [
    0.0020301886324127815,
    0.0020299893186610895,
    0.0020205027041268436,
    0.0020228152579730633
  ]
}