{
  "process_id": 384569,
  "local_process_index": 3,
  "energy_results": {
    "cpu_power": 112.5,
    "gpu_power": 409.63537295503727,
    "ram_power": 0.9685549736022949,
    "cpu_energy": 0.0011509885512813295,
    "gpu_energy": 0.00416994083595007,
    "ram_energy": 7.825878974372939e-06,
    "total_energy_kwh": 0.005328755266205774,
    "total_energy_joules": 19183.518958340785,
    "final_emissions": 0.0020299893186610895
  }
}