{
  "process_id": 1970754,
  "local_process_index": 0,
  "energy_results": {
    "cpu_power": 112.5,
    "gpu_power": 154.5253642494408,
    "ram_power": 1.580225944519043,
    "cpu_energy": 0.0003626261171266379,
    "gpu_energy": 0.0005850546347101471,
    "ram_energy": 3.927718182172483e-06,
    "total_energy_kwh": 0.0009516084700189574,
    "total_energy_joules": 3425.7904920682467,
    "final_emissions": 0.00036251524665372186
  }
}