{
  "process_id": 335340,
  "local_process_index": 0,
  "energy_results": {
    "cpu_power": 112.5,
    "gpu_power": 363.2065462930909,
    "ram_power": 0.9075665473937988,
    "cpu_energy": 0.0011503835199063136,
    "gpu_energy": 0.00413145163849199,
    "ram_energy": 7.299607270649083e-06,
    "total_energy_kwh": 0.005289134765668952,
    "total_energy_joules": 19040.885156408225,
    "final_emissions": 0.002014895888981587
  }
}