{
  "process_id": 335342,
  "local_process_index": 2,
  "energy_results": {
    "cpu_power": 112.5,
    "gpu_power": 419.13896041435083,
    "ram_power": 0.9764471054077148,
    "cpu_energy": 0.0011432181465313533,
    "gpu_energy": 0.004104128283299979,
    "ram_energy": 7.832905384365541e-06,
    "total_energy_kwh": 0.005255179335215699,
    "total_energy_joules": 18918.645606776518,
    "final_emissions": 0.0020019605677504206
  }
}