{
  "process_id": 335341,
  "local_process_index": 1,
  "energy_results": {
    "cpu_power": 112.5,
    "gpu_power": 432.35357290090946,
    "ram_power": 0.969294548034668,
    "cpu_energy": 0.001131426066031395,
    "gpu_energy": 0.0040609524154260335,
    "ram_energy": 7.692201557260953e-06,
    "total_energy_kwh": 0.005200070683014689,
    "total_energy_joules": 18720.25445885288,
    "final_emissions": 0.001980966926694446
  }
}