{
  "process_id": 335343,
  "local_process_index": 3,
  "energy_results": {
    "cpu_power": 112.5,
    "gpu_power": 424.59052917012394,
    "ram_power": 0.9706306457519531,
    "cpu_energy": 0.0011517758301561117,
    "gpu_energy": 0.00413145163849199,
    "ram_energy": 7.837543449575886e-06,
    "total_energy_kwh": 0.00529106501209768,
    "total_energy_joules": 19047.834043551647,
    "final_emissions": 0.002015631216358611
  }
}