{
  "process_id": 345611,
  "local_process_index": 2,
  "energy_results": {
    "cpu_power": 112.5,
    "gpu_power": 439.92422098656385,
    "ram_power": 0.971132755279541,
    "cpu_energy": 0.0011119486702499443,
    "gpu_energy": 0.004012879321411977,
    "ram_energy": 7.600263373736418e-06,
    "total_energy_kwh": 0.005132428255035661,
    "total_energy_joules": 18476.741718128378,
    "final_emissions": 0.001955198543755835
  }
}