{
  "process_id": 345612,
  "local_process_index": 3,
  "energy_results": {
    "cpu_power": 112.5,
    "gpu_power": 378.3926523746951,
    "ram_power": 0.9625024795532228,
    "cpu_energy": 0.001124266055000362,
    "gpu_energy": 0.004061644360424055,
    "ram_energy": 7.5771560389050946e-06,
    "total_energy_kwh": 0.005193487571463324,
    "total_energy_joules": 18696.555257267966,
    "final_emissions": 0.0019784590903489533
  }
}