{
  "experiment_id": "0260",
  "local_process_results": {
    "cpu_power": {
      "process_1": 112.5,
      "process_3": 112.5,
      "process_2": 112.5,
      "process_0": 112.5
    },
    "gpu_power": {
      "process_1": 336.92904943023507,
      "process_3": 378.3926523746951,
      "process_2": 439.92422098656385,
      "process_0": 493.06297691759613
    },
    "ram_power": {
      "process_1": 0.9464707374572754,
      "process_3": 0.9625024795532228,
      "process_2": 0.971132755279541,
      "process_0": 0.9122700691223145
    },
    "cpu_energy": {
      "process_1": 0.0011278072255623782,
      "process_3": 0.001124266055000362,
      "process_2": 0.0011119486702499443,
      "process_0": 0.0011194372745935654
    },
    "gpu_energy": {
      "process_1": 0.004063330195106074,
      "process_3": 0.004061644360424055,
      "process_2": 0.004012879321411977,
      "process_0": 0.0040436235126738995
    },
    "ram_energy": {
      "process_1": 7.476471357318308e-06,
      "process_3": 7.5771560389050946e-06,
      "process_2": 7.600263373736418e-06,
      "process_0": 7.132174307157151e-06
    },
    "total_energy_kwh": {
      "process_1": 0.005198613892025773,
      "process_3": 0.005193487571463324,
      "process_2": 0.005132428255035661,
      "process_0": 0.005170192961574622
    },
    "total_energy_joules": {
      "process_1": 18715.010011292783,
      "process_3": 18696.555257267966,
      "process_2": 18476.741718128378,
      "process_0": 18612.694661668636
    }
  },
  "global_experiment_results": {
    "cpu_power_avg": 112.5,
    "gpu_power_avg": 412.07722492727254,
    "ram_power_avg": 0.9480940103530884,
    "cpu_energy_total": 0.00448345922540625,
    "gpu_energy_total": 0.016181477389616006,
    "ram_energy_total": 2.9786065077116973e-05,
    "total_energy_kwh": 0.02069472268009938,
    "total_energy_joules": 74501.00164835776
  },
  "global_derived_quantities": {
    "tokens_per_joule": 0.2199165063220483,
    "joules_per_token": 4.547180276389024,
    "flops_per_joule": 227513330.26574993,
    "joules_per_flop": 4.395346852124826e-09
  },
  "per-process_emissions": [
    0.0019804119621672184,
    0.0019784590903489533,
    0.001955198543755835,
    0.0019695850087118522
  ]
}