{
  "process_id": 168281,
  "local_process_index": 3,
  "energy_results": {
    "cpu_power": 112.5,
    "gpu_power": 373.10911881670813,
    "ram_power": 0.667862892150879,
    "cpu_energy": 0.000721659710937672,
    "gpu_energy": 0.005074118225958046,
    "ram_energy": 4.321315583036433e-06,
    "total_energy_kwh": 0.0058000992524787544,
    "total_energy_joules": 20880.357308923514,
    "final_emissions": 0.0022095478102317815
  }
}