{
  "process_id": 178985,
  "local_process_index": 2,
  "energy_results": {
    "cpu_power": 112.5,
    "gpu_power": 147.94284811508837,
    "ram_power": 0.6196990013122559,
    "cpu_energy": 0.0007604509601562768,
    "gpu_energy": 0.0046352048192719875,
    "ram_energy": 3.6276738837487105e-06,
    "total_energy_kwh": 0.0053992834533120124,
    "total_energy_joules": 19437.420431923245,
    "final_emissions": 0.0020568570315392114
  }
}