{
  "experiment_id": "0173",
  "local_process_results": {
    "cpu_power": {
      "process_1": 112.5,
      "process_3": 112.5,
      "process_2": 112.5,
      "process_0": 112.5
    },
    "gpu_power": {
      "process_1": 31000.47471049894,
      "process_3": 1061.6503077568218,
      "process_2": 147.94284811508837,
      "process_0": 1465.047114279995
    },
    "ram_power": {
      "process_1": 0.6312532424926758,
      "process_3": 0.6450033187866211,
      "process_2": 0.6196990013122559,
      "process_0": 0.6960611343383789
    },
    "cpu_energy": {
      "process_1": 0.0007188536351876566,
      "process_3": 0.0007046686639687322,
      "process_2": 0.0007604509601562768,
      "process_0": 0.0007129269879999357
    },
    "gpu_energy": {
      "process_1": 0.004635366208290137,
      "process_3": 0.005046327648170146,
      "process_2": 0.0046352048192719875,
      "process_0": 0.004666419010909917
    },
    "ram_energy": {
      "process_1": 3.7484448496758255e-06,
      "process_3": 4.524126527397412e-06,
      "process_2": 3.6276738837487105e-06,
      "process_0": 3.7916434167189753e-06
    },
    "total_energy_kwh": {
      "process_1": 0.005357968288327469,
      "process_3": 0.005755520438666277,
      "process_2": 0.0053992834533120124,
      "process_0": 0.005383137642326572
    },
    "total_energy_joules": {
      "process_1": 19288.685837978886,
      "process_3": 20719.873579198596,
      "process_2": 19437.420431923245,
      "process_0": 19379.29551237566
    }
  },
  "global_experiment_results": {
    "cpu_power_avg": 112.5,
    "gpu_power_avg": 8418.778745162712,
    "ram_power_avg": 0.6480041742324829,
    "cpu_energy_total": 0.0028969002473126014,
    "gpu_energy_total": 0.018983317686642187,
    "ram_energy_total": 1.569188867754092e-05,
    "total_energy_kwh": 0.02189590982263233,
    "total_energy_joules": 78825.2753614764
  },
  "global_derived_quantities": {
    "tokens_per_joule": 0.20785211247111243,
    "joules_per_token": 4.811112998136987,
    "flops_per_joule": 215032182.44938496,
    "joules_per_flop": 4.650466681820446e-09
  },
  "per-process_emissions": [
    0.0020411180194383496,
    0.0021925655111099183,
    0.0020568570315392114,
    0.0020507062848443077
  ]
}