{
  "process_id": 178986,
  "local_process_index": 3,
  "energy_results": {
    "cpu_power": 112.5,
    "gpu_power": 1061.6503077568218,
    "ram_power": 0.6450033187866211,
    "cpu_energy": 0.0007046686639687322,
    "gpu_energy": 0.005046327648170146,
    "ram_energy": 4.524126527397412e-06,
    "total_energy_kwh": 0.005755520438666277,
    "total_energy_joules": 20719.873579198596,
    "final_emissions": 0.0021925655111099183
  }
}