{
  "process_id": 178983,
  "local_process_index": 0,
  "energy_results": {
    "cpu_power": 112.5,
    "gpu_power": 1465.047114279995,
    "ram_power": 0.6960611343383789,
    "cpu_energy": 0.0007129269879999357,
    "gpu_energy": 0.004666419010909917,
    "ram_energy": 3.7916434167189753e-06,
    "total_energy_kwh": 0.005383137642326572,
    "total_energy_joules": 19379.29551237566,
    "final_emissions": 0.0020507062848443077
  }
}