{
  "process_id": 68326,
  "local_process_index": 0,
  "energy_results": {
    "cpu_power": 112.5,
    "gpu_power": 627.6912006847322,
    "ram_power": 0.6908526420593262,
    "cpu_energy": 0.009208174153905695,
    "gpu_energy": 0.04709415795307402,
    "ram_energy": 4.826776472680989e-05,
    "total_energy_kwh": 0.056350599871706514,
    "total_energy_joules": 202862.15953814346,
    "final_emissions": 0.021466761021126598
  }
}