{
  "process_id": 1512581,
  "local_process_index": 0,
  "energy_results": {
    "cpu_power": 112.5,
    "gpu_power": 356.01130747129713,
    "ram_power": 3.8390464782714844,
    "cpu_energy": 0.00025672474784551013,
    "gpu_energy": 0.0007295139169438691,
    "ram_energy": 7.4428722893186945e-06,
    "total_energy_kwh": 0.0009936815370786977,
    "total_energy_joules": 3577.2535334833115,
    "final_emissions": 0.0003785429815501299
  }
}