{
  "process_id": 2500383,
  "local_process_index": 1,
  "energy_results": {
    "cpu_power": 112.5,
    "gpu_power": 388.2927299168356,
    "ram_power": 0.7213196754455566,
    "cpu_energy": 0.001243409356312441,
    "gpu_energy": 0.003742322438300194,
    "ram_energy": 5.690122741602603e-06,
    "total_energy_kwh": 0.004991421917354238,
    "total_energy_joules": 17969.118902475257,
    "final_emissions": 0.001901482179416097
  }
}