{
  "experiment_id": "0143",
  "local_process_results": {
    "cpu_power": {
      "process_0": 112.5,
      "process_3": 112.5,
      "process_2": 112.5,
      "process_1": 112.5
    },
    "gpu_power": {
      "process_0": 833.9718633050586,
      "process_3": 498.3228012931064,
      "process_2": 613.8322133749165,
      "process_1": 721.5325218608932
    },
    "ram_power": {
      "process_0": 0.7041034698486328,
      "process_3": 0.6649289131164551,
      "process_2": 0.6718897819519043,
      "process_1": 0.6676239967346191
    },
    "cpu_energy": {
      "process_0": 0.0007540727435937242,
      "process_3": 0.0007901908371562742,
      "process_2": 0.0007841080919998264,
      "process_1": 0.0007751250458437084
    },
    "gpu_energy": {
      "process_0": 0.004696069312408041,
      "process_3": 0.0050928743520739506,
      "process_2": 0.004791618555513966,
      "process_1": 0.004759231585159979
    },
    "ram_energy": {
      "process_0": 4.06819300593836e-06,
      "process_3": 4.36688987342613e-06,
      "process_2": 4.13703782777828e-06,
      "process_1": 3.933244505764589e-06
    },
    "total_energy_kwh": {
      "process_0": 0.005454210249007703,
      "process_3": 0.0058874320791036504,
      "process_2": 0.005579863685341569,
      "process_1": 0.00553828987550945
    },
    "total_energy_joules": {
      "process_0": 19635.15689642773,
      "process_3": 21194.75548477314,
      "process_2": 20087.50926722965,
      "process_1": 19937.84355183402
    }
  },
  "global_experiment_results": {
    "cpu_power_avg": 112.5,
    "gpu_power_avg": 666.9148499584937,
    "ram_power_avg": 0.6771365404129028,
    "cpu_energy_total": 0.003103496718593533,
    "gpu_energy_total": 0.019339793805155936,
    "ram_energy_total": 1.650536521290736e-05,
    "total_energy_kwh": 0.022459795888962374,
    "total_energy_joules": 80855.26520026455
  },
  "global_derived_quantities": {
    "tokens_per_joule": 0.20263368080507382,
    "joules_per_token": 4.935013745133334,
    "flops_per_joule": 209633484.61191544,
    "joules_per_flop": 4.770230299092021e-09
  },
  "per-process_emissions": [
    0.002077781394359484,
    0.0022428172505345356,
    0.002125649070930871,
    0.002109811528075325
  ]
}