{
  "process_id": 132646,
  "local_process_index": 2,
  "energy_results": {
    "cpu_power": 112.5,
    "gpu_power": 613.8322133749165,
    "ram_power": 0.6718897819519043,
    "cpu_energy": 0.0007841080919998264,
    "gpu_energy": 0.004791618555513966,
    "ram_energy": 4.13703782777828e-06,
    "total_energy_kwh": 0.005579863685341569,
    "total_energy_joules": 20087.50926722965,
    "final_emissions": 0.002125649070930871
  }
}