{
  "process_id": 132647,
  "local_process_index": 3,
  "energy_results": {
    "cpu_power": 112.5,
    "gpu_power": 498.3228012931064,
    "ram_power": 0.6649289131164551,
    "cpu_energy": 0.0007901908371562742,
    "gpu_energy": 0.0050928743520739506,
    "ram_energy": 4.36688987342613e-06,
    "total_energy_kwh": 0.0058874320791036504,
    "total_energy_joules": 21194.75548477314,
    "final_emissions": 0.0022428172505345356
  }
}