{
  "process_id": 132644,
  "local_process_index": 0,
  "energy_results": {
    "cpu_power": 112.5,
    "gpu_power": 833.9718633050586,
    "ram_power": 0.7041034698486328,
    "cpu_energy": 0.0007540727435937242,
    "gpu_energy": 0.004696069312408041,
    "ram_energy": 4.06819300593836e-06,
    "total_energy_kwh": 0.005454210249007703,
    "total_energy_joules": 19635.15689642773,
    "final_emissions": 0.002077781394359484
  }
}