{
  "experiment_id": "0355",
  "local_process_results": {
    "cpu_power": {
      "process_1": 112.5,
      "process_3": 112.5,
      "process_2": 112.5,
      "process_0": 112.5
    },
    "gpu_power": {
      "process_1": 185.32420724737398,
      "process_3": 201.41520931481045,
      "process_2": 193.57273259108436,
      "process_0": 226.08901614103695
    },
    "ram_power": {
      "process_1": 0.7010550498962402,
      "process_3": 0.7105865478515625,
      "process_2": 0.6992440223693848,
      "process_0": 0.667393684387207
    },
    "cpu_energy": {
      "process_1": 0.0008001227740305692,
      "process_3": 0.0012628235162196687,
      "process_2": 0.000989520255156549,
      "process_0": 0.001785023112592625
    },
    "gpu_energy": {
      "process_1": 0.0013846033299047544,
      "process_3": 0.0022090731561454913,
      "process_2": 0.0017031416402897293,
      "process_0": 0.003241839815692371
    },
    "ram_energy": {
      "process_1": 2.6087913634645527e-06,
      "process_3": 4.117101864297396e-06,
      "process_2": 3.2999916503113576e-06,
      "process_0": 4.599407548249793e-06
    },
    "total_energy_kwh": {
      "process_1": 0.002187334895298789,
      "process_3": 0.003476013774229458,
      "process_2": 0.0026959618870965895,
      "process_0": 0.005031462335833248
    },
    "total_energy_joules": {
      "process_1": 7874.4056230756405,
      "process_3": 12513.64958722605,
      "process_2": 9705.462793547722,
      "process_0": 18113.264408999694
    }
  },
  "global_experiment_results": {
    "cpu_power_avg": 112.5,
    "gpu_power_avg": 201.60029132357644,
    "ram_power_avg": 0.6945698261260986,
    "cpu_energy_total": 0.004837489657999412,
    "gpu_energy_total": 0.008538657942032346,
    "ram_energy_total": 1.4625292426323099e-05,
    "total_energy_kwh": 0.013390772892458085,
    "total_energy_joules": 48206.782412849105
  },
  "global_derived_quantities": {
    "tokens_per_joule": 0.33986918810895345,
    "joules_per_token": 2.942308496877997,
    "flops_per_joule": 351609672.84624517,
    "joules_per_flop": 2.844062826557358e-09
  },
  "per-process_emissions": [
    0.0008332652283640738,
    0.001324187447292712,
    0.0010270266808894458,
    0.001916735576835676
  ]
}