{
  "process_id": 93222,
  "local_process_index": 1,
  "energy_results": {
    "cpu_power": 112.5,
    "gpu_power": 452.2257271901062,
    "ram_power": 0.6196131706237793,
    "cpu_energy": 0.0010328415149375588,
    "gpu_energy": 0.006462476558866143,
    "ram_energy": 5.041676195539272e-06,
    "total_energy_kwh": 0.007500359749999242,
    "total_energy_joules": 27001.29509999727,
    "final_emissions": 0.0028572620467622115
  }
}