{
  "process_id": 93223,
  "local_process_index": 2,
  "energy_results": {
    "cpu_power": 112.5,
    "gpu_power": 532.3565967744776,
    "ram_power": 0.6175174713134766,
    "cpu_energy": 0.0009382870071560775,
    "gpu_energy": 0.0059936189615580615,
    "ram_energy": 4.5029379621354024e-06,
    "total_energy_kwh": 0.006936408906676275,
    "total_energy_joules": 24971.07206403459,
    "final_emissions": 0.002642424972998327
  }
}