{
  "process_id": 93221,
  "local_process_index": 0,
  "energy_results": {
    "cpu_power": 112.5,
    "gpu_power": 0.0,
    "ram_power": 0.6956791877746582,
    "cpu_energy": 0.0008388075806249164,
    "gpu_energy": 0.005058052657550105,
    "ram_energy": 4.503793218874494e-06,
    "total_energy_kwh": 0.005901364031393896,
    "total_energy_joules": 21244.910513018025,
    "final_emissions": 0.0022481246277595048
  }
}