{
  "process_id": 170008,
  "local_process_index": 3,
  "energy_results": {
    "cpu_power": 112.5,
    "gpu_power": 412.4784675095533,
    "ram_power": 0.6703505516052246,
    "cpu_energy": 0.0007538027192815094,
    "gpu_energy": 0.005059559325421986,
    "ram_energy": 4.520813875547926e-06,
    "total_energy_kwh": 0.005817882858579044,
    "total_energy_joules": 20944.378290884557,
    "final_emissions": 0.0022163224749756866
  }
}