{
  "process_id": 168279,
  "local_process_index": 1,
  "energy_results": {
    "cpu_power": 112.5,
    "gpu_power": 958.9757083911462,
    "ram_power": 0.6628704071044922,
    "cpu_energy": 0.0006786579915313384,
    "gpu_energy": 0.00478217299240194,
    "ram_energy": 4.030249937418704e-06,
    "total_energy_kwh": 0.005464861233870695,
    "total_energy_joules": 19673.500441934502,
    "final_emissions": 0.0020818388870430414
  }
}