{
  "process_id": 168278,
  "local_process_index": 0,
  "energy_results": {
    "cpu_power": 112.5,
    "gpu_power": 989.9922628418183,
    "ram_power": 0.702568531036377,
    "cpu_energy": 0.0006415848183750654,
    "gpu_energy": 0.00478217299240194,
    "ram_energy": 4.072022513635014e-06,
    "total_energy_kwh": 0.00542782983329064,
    "total_energy_joules": 19540.187399846305,
    "final_emissions": 0.0020677317749920694
  }
}