{
  "experiment_id": "0417",
  "local_process_results": {
    "cpu_power": {
      "process_3": 112.5,
      "process_1": 112.5,
      "process_2": 112.5,
      "process_0": 112.5
    },
    "gpu_power": {
      "process_3": 361.1755833084371,
      "process_1": 316.1832564827257,
      "process_2": 244.37892373332537,
      "process_0": 238.7474632866973
    },
    "ram_power": {
      "process_3": 0.7052063941955566,
      "process_1": 0.7112689018249513,
      "process_2": 0.7061605453491211,
      "process_0": 0.6756649017333984
    },
    "cpu_energy": {
      "process_3": 0.0011585506229066594,
      "process_1": 0.0011954264951236839,
      "process_2": 0.001419366927030751,
      "process_0": 0.0015955228840030037
    },
    "gpu_energy": {
      "process_3": 0.0035680481322135638,
      "process_1": 0.0036674573784085673,
      "process_2": 0.004148707485630565,
      "process_0": 0.004527079454993643
    },
    "ram_energy": {
      "process_3": 5.527279551797935e-06,
      "process_1": 5.560906502933405e-06,
      "process_2": 6.521674294887058e-06,
      "process_0": 6.796465628767817e-06
    },
    "total_energy_kwh": {
      "process_3": 0.004732126034672021,
      "process_1": 0.004868444780035187,
      "process_2": 0.005574596086956204,
      "process_0": 0.006129398804625418
    },
    "total_energy_joules": {
      "process_3": 17035.653724819276,
      "process_1": 17526.401208126674,
      "process_2": 20068.545913042333,
      "process_0": 22065.835696651506
    }
  },
  "global_experiment_results": {
    "cpu_power_avg": 112.5,
    "gpu_power_avg": 290.12130670279635,
    "ram_power_avg": 0.6995751857757568,
    "cpu_energy_total": 0.005368866929064098,
    "gpu_energy_total": 0.01591129245124634,
    "ram_energy_total": 2.4406325978386214e-05,
    "total_energy_kwh": 0.02130456570628883,
    "total_energy_joules": 76696.43654263979
  },
  "global_derived_quantities": {
    "tokens_per_joule": 0.2136213980540182,
    "joules_per_token": 4.681178988198229,
    "flops_per_joule": 221000762.97193515,
    "joules_per_flop": 4.524871256335843e-09
  },
  "per-process_emissions": [
    0.0018027034129083064,
    0.0018546340389544046,
    0.002123642379325966,
    0.002334994474622053
  ]
}