{
  "process_id": 2531388,
  "local_process_index": 3,
  "energy_results": {
    "cpu_power": 112.5,
    "gpu_power": 361.1755833084371,
    "ram_power": 0.7052063941955566,
    "cpu_energy": 0.0011585506229066594,
    "gpu_energy": 0.0035680481322135638,
    "ram_energy": 5.527279551797935e-06,
    "total_energy_kwh": 0.004732126034672021,
    "total_energy_joules": 17035.653724819276,
    "final_emissions": 0.0018027034129083064
  }
}