{
  "experiment_id": "0080",
  "local_process_results": {
    "cpu_power": {
      "process_0": 112.5
    },
    "gpu_power": {
      "process_0": 179.70445432121693
    },
    "ram_power": {
      "process_0": 0.9330525398254395
    },
    "cpu_energy": {
      "process_0": 0.00029652530524992924
    },
    "gpu_energy": {
      "process_0": 0.0003826255838780268
    },
    "ram_energy": {
      "process_0": 2.0243325301638516e-06
    },
    "total_energy_kwh": {
      "process_0": 0.0006811752216581198
    },
    "total_energy_joules": {
      "process_0": 2452.2307979692314
    }
  },
  "global_experiment_results": {
    "cpu_power_avg": 112.5,
    "gpu_power_avg": 179.70445432121693,
    "ram_power_avg": 0.9330525398254395,
    "cpu_energy_total": 0.00029652530524992924,
    "gpu_energy_total": 0.0003826255838780268,
    "ram_energy_total": 2.0243325301638516e-06,
    "total_energy_kwh": 0.0006811752216581198,
    "total_energy_joules": 2452.2307979692314
  },
  "global_derived_quantities": {
    "tokens_per_joule": 6.681263449414345,
    "joules_per_token": 0.14967228991511422,
    "flops_per_joule": 421878776.1970603,
    "joules_per_flop": 2.370349153409173e-09
  },
  "per-process_emissions": [
    0.00025949370069066073
  ]
}