{
  "process_id": 72328,
  "local_process_index": 0,
  "energy_results": {
    "cpu_power": 112.5,
    "gpu_power": 179.70445432121693,
    "ram_power": 0.9330525398254395,
    "cpu_energy": 0.00029652530524992924,
    "gpu_energy": 0.0003826255838780268,
    "ram_energy": 2.0243325301638516e-06,
    "total_energy_kwh": 0.0006811752216581198,
    "total_energy_joules": 2452.2307979692314,
    "final_emissions": 0.00025949370069066073
  }
}