{
  "process_id": 215983,
  "local_process_index": 1,
  "energy_results": {
    "cpu_power": 112.5,
    "gpu_power": 793.9872730337526,
    "ram_power": 0.6483206748962402,
    "cpu_energy": 0.0007035520621877822,
    "gpu_energy": 0.0046350384302500935,
    "ram_energy": 3.456957249248866e-06,
    "total_energy_kwh": 0.005342047449687124,
    "total_energy_joules": 19231.37081887365,
    "final_emissions": 0.00203505297595831
  }
}