{
  "experiment_id": "0196",
  "local_process_results": {
    "cpu_power": {
      "process_2": 112.5,
      "process_1": 112.5,
      "process_3": 112.5,
      "process_0": 112.5
    },
    "gpu_power": {
      "process_2": 758.8126405215852,
      "process_1": 793.9872730337526,
      "process_3": 27.59374695845666,
      "process_0": 1252.4239999544654
    },
    "ram_power": {
      "process_2": 0.6506710052490234,
      "process_1": 0.6483206748962402,
      "process_3": 0.6498942375183107,
      "process_0": 0.7031164169311525
    },
    "cpu_energy": {
      "process_2": 0.0006986398934689076,
      "process_1": 0.0007035520621877822,
      "process_3": 0.0007608768421566767,
      "process_0": 0.0007536885449062539
    },
    "gpu_energy": {
      "process_2": 0.004654623168140026,
      "process_1": 0.0046350384302500935,
      "process_3": 0.0050181095700399525,
      "process_0": 0.004779082434373971
    },
    "ram_energy": {
      "process_2": 3.4199195355725226e-06,
      "process_1": 3.456957249248866e-06,
      "process_3": 4.107884630773363e-06,
      "process_0": 4.040127171832096e-06
    },
    "total_energy_kwh": {
      "process_2": 0.0053566829811445065,
      "process_1": 0.005342047449687124,
      "process_3": 0.0057830942968274054,
      "process_0": 0.005536811106452056
    },
    "total_energy_joules": {
      "process_2": 19284.058732120222,
      "process_1": 19231.37081887365,
      "process_3": 20819.139468578658,
      "process_0": 19932.5199832274
    }
  },
  "global_experiment_results": {
    "cpu_power_avg": 112.5,
    "gpu_power_avg": 708.204415117065,
    "ram_power_avg": 0.6630005836486816,
    "cpu_energy_total": 0.0029167573427196203,
    "gpu_energy_total": 0.019086853602804044,
    "ram_energy_total": 1.5024888587426845e-05,
    "total_energy_kwh": 0.022018635834111094,
    "total_energy_joules": 79267.08900279993
  },
  "global_derived_quantities": {
    "tokens_per_joule": 0.20669360015757957,
    "joules_per_token": 4.83807916276855,
    "flops_per_joule": 213833650.33820382,
    "joules_per_flop": 4.6765324279802496e-09
  },
  "per-process_emissions": [
    0.0020406283816669997,
    0.00203505297595831,
    0.0022030697723764,
    0.0021092481910029107
  ]
}