{
  "process_id": 215984,
  "local_process_index": 2,
  "energy_results": {
    "cpu_power": 112.5,
    "gpu_power": 758.8126405215852,
    "ram_power": 0.6506710052490234,
    "cpu_energy": 0.0006986398934689076,
    "gpu_energy": 0.004654623168140026,
    "ram_energy": 3.4199195355725226e-06,
    "total_energy_kwh": 0.0053566829811445065,
    "total_energy_joules": 19284.058732120222,
    "final_emissions": 0.0020406283816669997
  }
}