{
  "experiment_id": "0146",
  "local_process_results": {
    "cpu_power": {
      "process_0": 112.5,
      "process_3": 112.5,
      "process_2": 112.5,
      "process_1": 112.5
    },
    "gpu_power": {
      "process_0": 0.0,
      "process_3": 395.6761373427577,
      "process_2": 8.759802809501618,
      "process_1": 98.37984908075603
    },
    "ram_power": {
      "process_0": 0.7034740447998048,
      "process_3": 0.6650018692016603,
      "process_2": 0.664698600769043,
      "process_1": 0.6718826293945312
    },
    "cpu_energy": {
      "process_0": 0.0007898428050623352,
      "process_3": 0.000816569330499874,
      "process_2": 0.0007975650880624699,
      "process_1": 0.0007155958250621097
    },
    "gpu_energy": {
      "process_0": 0.00477967299040194,
      "process_3": 0.005071850724143984,
      "process_2": 0.004783711326965923,
      "process_1": 0.004773653541141898
    },
    "ram_energy": {
      "process_0": 4.562099946205827e-06,
      "process_3": 4.497835428280775e-06,
      "process_2": 4.337585807044994e-06,
      "process_1": 3.9869732473855865e-06
    },
    "total_energy_kwh": {
      "process_0": 0.005574077895410481,
      "process_3": 0.005892917890072138,
      "process_2": 0.005585614000835438,
      "process_1": 0.0054932363394513935
    },
    "total_energy_joules": {
      "process_0": 20066.680423477734,
      "process_3": 21214.504404259696,
      "process_2": 20108.210403007575,
      "process_1": 19775.650822025018
    }
  },
  "global_experiment_results": {
    "cpu_power_avg": 112.5,
    "gpu_power_avg": 125.70394730825384,
    "ram_power_avg": 0.6762642860412598,
    "cpu_energy_total": 0.003119573048686789,
    "gpu_energy_total": 0.019408888582653744,
    "ram_energy_total": 1.7384494428917182e-05,
    "total_energy_kwh": 0.02254584612576945,
    "total_energy_joules": 81165.04605277002
  },
  "global_derived_quantities": {
    "tokens_per_joule": 0.20186029327634247,
    "joules_per_token": 4.953921267869264,
    "flops_per_joule": 208833381.085398,
    "joules_per_flop": 4.788506486858397e-09
  },
  "per-process_emissions": [
    0.002123444974256623,
    0.002244907070222981,
    0.00212783965361826,
    0.002092648383514008
  ]
}