{
  "process_id": 137545,
  "local_process_index": 3,
  "energy_results": {
    "cpu_power": 112.5,
    "gpu_power": 395.6761373427577,
    "ram_power": 0.6650018692016603,
    "cpu_energy": 0.000816569330499874,
    "gpu_energy": 0.005071850724143984,
    "ram_energy": 4.497835428280775e-06,
    "total_energy_kwh": 0.005892917890072138,
    "total_energy_joules": 21214.504404259696,
    "final_emissions": 0.002244907070222981
  }
}