{
  "process_id": 1462883,
  "local_process_index": 1,
  "energy_results": {
    "cpu_power": 112.5,
    "gpu_power": 95.51685435175425,
    "ram_power": 2.318166732788086,
    "cpu_energy": 0.00018719278503158423,
    "gpu_energy": 0.0001566687364458197,
    "ram_energy": 3.0003501159203433e-06,
    "total_energy_kwh": 0.00034686187159332416,
    "total_energy_joules": 1248.702737735967,
    "final_emissions": 0.00013213702998347685
  }
}