{
  "process_id": 2493329,
  "local_process_index": 1,
  "energy_results": {
    "cpu_power": 112.5,
    "gpu_power": 283.9560595191798,
    "ram_power": 0.7210850715637208,
    "cpu_energy": 0.0013548507044652065,
    "gpu_energy": 0.003547257004470339,
    "ram_energy": 6.274572245124532e-06,
    "total_energy_kwh": 0.004908382281180671,
    "total_energy_joules": 17670.176212250415,
    "final_emissions": 0.0018698482300157767
  }
}