{
  "process_id": 2493331,
  "local_process_index": 3,
  "energy_results": {
    "cpu_power": 112.5,
    "gpu_power": 264.24280418737044,
    "ram_power": 0.7212953567504883,
    "cpu_energy": 0.001539000300342196,
    "gpu_energy": 0.003964816227406631,
    "ram_energy": 6.849078142595535e-06,
    "total_energy_kwh": 0.005510665605891422,
    "total_energy_joules": 19838.39618120912,
    "final_emissions": 0.0020992880625643373
  }
}