{
  "process_id": 2449849,
  "local_process_index": 1,
  "energy_results": {
    "cpu_power": 112.5,
    "gpu_power": 248.66898730143282,
    "ram_power": 0.703465461730957,
    "cpu_energy": 0.002792999181689084,
    "gpu_energy": 0.005124423543979351,
    "ram_energy": 1.1328772687830216e-05,
    "total_energy_kwh": 0.007928751498356264,
    "total_energy_joules": 28543.50539408255,
    "final_emissions": 0.003020457883298819
  }
}