{
  "process_id": 2449850,
  "local_process_index": 2,
  "energy_results": {
    "cpu_power": 112.5,
    "gpu_power": 228.52068503691962,
    "ram_power": 0.7102274894714355,
    "cpu_energy": 0.002426014493564253,
    "gpu_energy": 0.004338721804309165,
    "ram_energy": 9.620427072437513e-06,
    "total_energy_kwh": 0.006774356724945855,
    "total_energy_joules": 24387.684209805077,
    "final_emissions": 0.0025806911943681236
  }
}