{
  "experiment_id": "0370",
  "local_process_results": {
    "cpu_power": {
      "process_3": 112.5,
      "process_0": 112.5,
      "process_2": 112.5,
      "process_1": 112.5
    },
    "gpu_power": {
      "process_3": 184.20290923757202,
      "process_0": 206.78102984511708,
      "process_2": 228.52068503691962,
      "process_1": 248.66898730143282
    },
    "ram_power": {
      "process_3": 0.7036442756652832,
      "process_0": 0.6759939193725586,
      "process_2": 0.7102274894714355,
      "process_1": 0.703465461730957
    },
    "cpu_energy": {
      "process_3": 0.0024931834879362213,
      "process_0": 0.0023001478951891843,
      "process_2": 0.002426014493564253,
      "process_1": 0.002792999181689084
    },
    "gpu_energy": {
      "process_3": 0.004484398031959991,
      "process_0": 0.0041019449482200265,
      "process_2": 0.004338721804309165,
      "process_1": 0.005124423543979351
    },
    "ram_energy": {
      "process_3": 9.970966974170687e-06,
      "process_0": 9.076887165586985e-06,
      "process_2": 9.620427072437513e-06,
      "process_1": 1.1328772687830216e-05
    },
    "total_energy_kwh": {
      "process_3": 0.006987552486870387,
      "process_0": 0.006411169730574796,
      "process_2": 0.006774356724945855,
      "process_1": 0.007928751498356264
    },
    "total_energy_joules": {
      "process_3": 25155.188952733395,
      "process_0": 23080.211030069266,
      "process_2": 24387.684209805077,
      "process_1": 28543.50539408255
    }
  },
  "global_experiment_results": {
    "cpu_power_avg": 112.5,
    "gpu_power_avg": 217.04340285526038,
    "ram_power_avg": 0.6983327865600586,
    "cpu_energy_total": 0.010012345058378742,
    "gpu_energy_total": 0.018049488328468533,
    "ram_energy_total": 3.99970539000254e-05,
    "total_energy_kwh": 0.0281018304407473,
    "total_energy_joules": 101166.58958669027
  },
  "global_derived_quantities": {
    "tokens_per_joule": 0.16195069999824843,
    "joules_per_token": 6.174718602703264,
    "flops_per_joule": 167545145.70867753,
    "joules_per_flop": 5.96854057317047e-09
  },
  "per-process_emissions": [
    0.0026619081198732742,
    0.002442335108862469,
    0.0025806911943681236,
    0.003020457883298819
  ]
}