{
  "process_id": 96650,
  "local_process_index": 1,
  "energy_results": {
    "cpu_power": 112.5,
    "gpu_power": 11.212883879817413,
    "ram_power": 0.6532902717590332,
    "cpu_energy": 0.0010880901969687216,
    "gpu_energy": 0.00680115321869601,
    "ram_energy": 5.558624618247985e-06,
    "total_energy_kwh": 0.007894802040282981,
    "total_energy_joules": 28421.287345018733,
    "final_emissions": 0.003007524837245802
  }
}