{
  "experiment_id": "0126",
  "local_process_results": {
    "cpu_power": {
      "process_1": 112.5,
      "process_3": 112.5,
      "process_2": 112.5,
      "process_0": 112.5
    },
    "gpu_power": {
      "process_1": 11.212883879817413,
      "process_3": 675.2676998335459,
      "process_2": 752.5689573137257,
      "process_0": 0.0
    },
    "ram_power": {
      "process_1": 0.6532902717590332,
      "process_3": 0.6531786918640137,
      "process_2": 0.6470074653625488,
      "process_0": 0.6938109397888184
    },
    "cpu_energy": {
      "process_1": 0.0010880901969687216,
      "process_3": 0.0008418836083125144,
      "process_2": 0.0009466695074997348,
      "process_0": 0.0007601655227499577
    },
    "gpu_energy": {
      "process_1": 0.00680115321869601,
      "process_3": 0.005704661230392011,
      "process_2": 0.006108060442000018,
      "process_0": 0.005040186532146024
    },
    "ram_energy": {
      "process_1": 5.558624618247985e-06,
      "process_3": 4.212816845920381e-06,
      "process_2": 4.721320871859632e-06,
      "process_0": 4.467374614346211e-06
    },
    "total_energy_kwh": {
      "process_1": 0.007894802040282981,
      "process_3": 0.006550757655550445,
      "process_2": 0.007059451270371614,
      "process_0": 0.005804819429510329
    },
    "total_energy_joules": {
      "process_1": 28421.287345018733,
      "process_3": 23582.727559981602,
      "process_2": 25414.02457333781,
      "process_0": 20897.349946237187
    }
  },
  "global_experiment_results": {
    "cpu_power_avg": 112.5,
    "gpu_power_avg": 359.7623852567723,
    "ram_power_avg": 0.6618218421936035,
    "cpu_energy_total": 0.0036368088355309284,
    "gpu_energy_total": 0.023654061423234063,
    "ram_energy_total": 1.8960136950374206e-05,
    "total_energy_kwh": 0.02730983039571537,
    "total_energy_joules": 98315.38942457533
  },
  "global_derived_quantities": {
    "tokens_per_joule": 0.16664735903395186,
    "joules_per_token": 6.000695155308553,
    "flops_per_joule": 172404046.73528266,
    "joules_per_flop": 5.800327886360158e-09
  },
  "per-process_emissions": [
    0.003007524837245802,
    0.0024955111288819417,
    0.0026892979614480668,
    0.00221134596167196
  ]
}