{
  "process_id": 2532964,
  "local_process_index": 0,
  "energy_results": {
    "cpu_power": 112.5,
    "gpu_power": 187.53073864649073,
    "ram_power": 0.6654109954833984,
    "cpu_energy": 0.010221101307806749,
    "gpu_energy": 0.01564220362486468,
    "ram_energy": 4.365763896804678e-05,
    "total_energy_kwh": 0.025906962571639443,
    "total_energy_joules": 93265.065257902,
    "final_emissions": 0.009869257391666046
  }
}