{
  "process_id": 367138,
  "local_process_index": 2,
  "energy_results": {
    "cpu_power": 112.5,
    "gpu_power": 317.72284398001773,
    "ram_power": 0.9639029502868652,
    "cpu_energy": 0.0011480774119996793,
    "gpu_energy": 0.004175321118031983,
    "ram_energy": 7.735771890792359e-06,
    "total_energy_kwh": 0.0053311343019224544,
    "total_energy_joules": 19192.083486920837,
    "final_emissions": 0.002030895612317359
  }
}