{
  "process_id": 367139,
  "local_process_index": 3,
  "energy_results": {
    "cpu_power": 112.5,
    "gpu_power": 300.439741401043,
    "ram_power": 0.9802079200744629,
    "cpu_energy": 0.0011501705511875572,
    "gpu_energy": 0.004178019175745951,
    "ram_energy": 8.153052790840565e-06,
    "total_energy_kwh": 0.005336342779724348,
    "total_energy_joules": 19210.834007007652,
    "final_emissions": 0.0020328797819359904
  }
}