{
  "experiment_id": "0234",
  "local_process_results": {
    "cpu_power": {
      "process_1": 112.5,
      "process_0": 112.5
    },
    "gpu_power": {
      "process_1": 0.0,
      "process_0": 0.0
    },
    "ram_power": {
      "process_1": 0.9749622344970703,
      "process_0": 0.9246983528137207
    },
    "cpu_energy": {
      "process_1": 0.001179262808906401,
      "process_0": 0.0011800036952811298
    },
    "gpu_energy": {
      "process_1": 0.003352842404494183,
      "process_0": 0.003352842404494183
    },
    "ram_energy": {
      "process_1": 9.636711561604263e-06,
      "process_0": 8.946608222474208e-06
    },
    "total_energy_kwh": {
      "process_1": 0.004541741924962188,
      "process_0": 0.004541792707997787
    },
    "total_energy_joules": {
      "process_1": 16350.270929863877,
      "process_0": 16350.453748792035
    }
  },
  "global_experiment_results": {
    "cpu_power_avg": 112.5,
    "gpu_power_avg": 0.0,
    "ram_power_avg": 0.9498302936553955,
    "cpu_energy_total": 0.0023592665041875308,
    "gpu_energy_total": 0.006705684808988366,
    "ram_energy_total": 1.858331978407847e-05,
    "total_energy_kwh": 0.009083534632959975,
    "total_energy_joules": 32700.72467865591
  },
  "global_derived_quantities": {
    "tokens_per_joule": 0.5010286518418964,
    "joules_per_token": 1.9958938402499944,
    "flops_per_joule": 518336249.72279024,
    "joules_per_flop": 1.9292495952864705e-09
  },
  "per-process_emissions": [
    0.0017301765863143455,
    0.001730195932111757
  ]
}