{
  "process_id": 301722,
  "local_process_index": 0,
  "energy_results": {
    "cpu_power": 112.5,
    "gpu_power": 0.0,
    "ram_power": 0.9246983528137207,
    "cpu_energy": 0.0011800036952811298,
    "gpu_energy": 0.003352842404494183,
    "ram_energy": 8.946608222474208e-06,
    "total_energy_kwh": 0.004541792707997787,
    "total_energy_joules": 16350.453748792035,
    "final_emissions": 0.001730195932111757
  }
}