{
  "process_id": 301723,
  "local_process_index": 1,
  "energy_results": {
    "cpu_power": 112.5,
    "gpu_power": 0.0,
    "ram_power": 0.9749622344970703,
    "cpu_energy": 0.001179262808906401,
    "gpu_energy": 0.003352842404494183,
    "ram_energy": 9.636711561604263e-06,
    "total_energy_kwh": 0.004541741924962188,
    "total_energy_joules": 16350.270929863877,
    "final_emissions": 0.0017301765863143455
  }
}