{
  "experiment_id": "0127",
  "local_process_results": {
    "cpu_power": {
      "process_2": 112.5,
      "process_0": 112.5,
      "process_3": 112.5,
      "process_1": 112.5
    },
    "gpu_power": {
      "process_2": 27.024433239600942,
      "process_0": 15.275659941683134,
      "process_3": 23.198431756489995,
      "process_1": 597.7241985384861
    },
    "ram_power": {
      "process_2": 0.6517782211303711,
      "process_0": 0.705604076385498,
      "process_3": 0.6574287414550781,
      "process_1": 0.6535005569458008
    },
    "cpu_energy": {
      "process_2": 0.0009003121925625806,
      "process_0": 0.0006703108479999285,
      "process_3": 0.0009074311812811399,
      "process_1": 0.0009094868724062621
    },
    "gpu_energy": {
      "process_2": 0.00619947245957389,
      "process_0": 0.005265961434988031,
      "process_3": 0.006184107169503961,
      "process_1": 0.006833754911444084
    },
    "ram_energy": {
      "process_2": 5.217500786004036e-06,
      "process_0": 4.201737887787978e-06,
      "process_3": 5.305998410242266e-06,
      "process_1": 5.150561741506247e-06
    },
    "total_energy_kwh": {
      "process_2": 0.007105002152922477,
      "process_0": 0.005940474020875747,
      "process_3": 0.007096844349195344,
      "process_1": 0.007748392345591853
    },
    "total_energy_joules": {
      "process_2": 25578.007750520916,
      "process_0": 21385.70647515269,
      "process_3": 25548.63965710324,
      "process_1": 27894.21244413067
    }
  },
  "global_experiment_results": {
    "cpu_power_avg": 112.5,
    "gpu_power_avg": 165.80568086906504,
    "ram_power_avg": 0.667077898979187,
    "cpu_energy_total": 0.0033875410942499113,
    "gpu_energy_total": 0.024483295975509967,
    "ram_energy_total": 1.9875798825540525e-05,
    "total_energy_kwh": 0.02789071286858542,
    "total_energy_joules": 100406.5663269075
  },
  "global_derived_quantities": {
    "tokens_per_joule": 0.163176578976482,
    "joules_per_token": 6.128330464288788,
    "flops_per_joule": 168813371.6072477,
    "joules_per_flop": 5.923701366065641e-09
  },
  "per-process_emissions": [
    0.0027066505701558176,
    0.002263023578252616,
    0.0027035428548259663,
    0.0029517500640532162
  ]
}