{
  "process_id": 98404,
  "local_process_index": 0,
  "energy_results": {
    "cpu_power": 112.5,
    "gpu_power": 15.275659941683134,
    "ram_power": 0.705604076385498,
    "cpu_energy": 0.0006703108479999285,
    "gpu_energy": 0.005265961434988031,
    "ram_energy": 4.201737887787978e-06,
    "total_energy_kwh": 0.005940474020875747,
    "total_energy_joules": 21385.70647515269,
    "final_emissions": 0.002263023578252616
  }
}