{
  "experiment_id": "0429",
  "local_process_results": {
    "cpu_power": {
      "process_3": 112.5,
      "process_0": 112.5,
      "process_1": 112.5,
      "process_2": 112.5
    },
    "gpu_power": {
      "process_3": 382.1936557606932,
      "process_0": 411.91010701269727,
      "process_1": 433.18917370373134,
      "process_2": 567.9117745103373
    },
    "ram_power": {
      "process_3": 0.7076411247253418,
      "process_0": 0.6735992431640625,
      "process_1": 0.7044267654418945,
      "process_2": 0.7048001289367676
    },
    "cpu_energy": {
      "process_3": 0.001528186400936648,
      "process_0": 0.001362592478781153,
      "process_1": 0.0011644357372815645,
      "process_2": 0.001272177784841915
    },
    "gpu_energy": {
      "process_3": 0.0059556205978270604,
      "process_0": 0.005421759615182431,
      "process_1": 0.004674517628498354,
      "process_2": 0.0051031101935963274
    },
    "ram_energy": {
      "process_3": 7.2357468409957394e-06,
      "process_0": 6.2254825819087446e-06,
      "process_1": 5.388480929953553e-06,
      "process_2": 6.0850466032338225e-06
    },
    "total_energy_kwh": {
      "process_3": 0.007491042745604702,
      "process_0": 0.006790577576545493,
      "process_1": 0.005844341846709871,
      "process_2": 0.006381373025041475
    },
    "total_energy_joules": {
      "process_3": 26967.753884176927,
      "process_0": 24446.079275563774,
      "process_1": 21039.630648155537,
      "process_2": 22972.94289014931
    }
  },
  "global_experiment_results": {
    "cpu_power_avg": 112.5,
    "gpu_power_avg": 448.8011777468648,
    "ram_power_avg": 0.6976168155670166,
    "cpu_energy_total": 0.005327392401841281,
    "gpu_energy_total": 0.021155008035104172,
    "ram_energy_total": 2.4934756956091858e-05,
    "total_energy_kwh": 0.02650733519390154,
    "total_energy_joules": 95426.40669804555
  },
  "global_derived_quantities": {
    "tokens_per_joule": 0.17169251747939457,
    "joules_per_token": 5.824365643191257,
    "flops_per_joule": 177623485.779845,
    "joules_per_flop": 5.629886135887726e-09
  },
  "per-process_emissions": [
    0.0028537127339381112,
    0.0025868705277850056,
    0.0022264020265041254,
    0.00243098405388955
  ]
}