{
  "process_id": 1460974,
  "local_process_index": 0,
  "energy_results": {
    "cpu_power": 112.5,
    "gpu_power": 245.74807495756517,
    "ram_power": 2.3280200958251953,
    "cpu_energy": 0.00021791913453125743,
    "gpu_energy": 0.0004320767345498133,
    "ram_energy": 3.4899238637061024e-06,
    "total_energy_kwh": 0.000653485792944777,
    "total_energy_joules": 2352.548854601197,
    "final_emissions": 0.0002489454128223128
  }
}