{
  "process_id": 321094,
  "local_process_index": 1,
  "energy_results": {
    "cpu_power": 112.5,
    "gpu_power": 437.28647505930667,
    "ram_power": 0.9590449333190919,
    "cpu_energy": 0.0011392098282185545,
    "gpu_energy": 0.004109568843207845,
    "ram_energy": 7.63164889586401e-06,
    "total_energy_kwh": 0.005256410320322264,
    "total_energy_joules": 18923.07715316015,
    "final_emissions": 0.0020024295115267667
  }
}