{
  "experiment_id": "0241",
  "local_process_results": {
    "cpu_power": {
      "process_0": 112.5,
      "process_2": 112.5,
      "process_3": 112.5,
      "process_1": 112.5
    },
    "gpu_power": {
      "process_0": 439.98222223518945,
      "process_2": 442.64907966978217,
      "process_3": 3154.2371283821585,
      "process_1": 437.28647505930667
    },
    "ram_power": {
      "process_0": 0.9163141250610352,
      "process_2": 0.9774441719055177,
      "process_3": 0.9665508270263673,
      "process_1": 0.9590449333190919
    },
    "cpu_energy": {
      "process_0": 0.0011492133015310632,
      "process_2": 0.0011327760752500352,
      "process_3": 0.0011473782727186976,
      "process_1": 0.0011392098282185545
    },
    "gpu_energy": {
      "process_0": 0.004139097477941944,
      "process_2": 0.004097026055395969,
      "process_3": 0.004133927473805921,
      "process_1": 0.004109568843207845
    },
    "ram_energy": {
      "process_0": 7.541415476716377e-06,
      "process_2": 7.741737046916318e-06,
      "process_3": 7.971073635200392e-06,
      "process_1": 7.63164889586401e-06
    },
    "total_energy_kwh": {
      "process_0": 0.005295852194949727,
      "process_2": 0.005237543867692921,
      "process_3": 0.005289276820159816,
      "process_1": 0.005256410320322264
    },
    "total_energy_joules": {
      "process_0": 19065.067901819017,
      "process_2": 18855.157923694514,
      "process_3": 19041.396552575337,
      "process_1": 18923.07715316015
    }
  },
  "global_experiment_results": {
    "cpu_power_avg": 112.5,
    "gpu_power_avg": 1118.5387263366092,
    "ram_power_avg": 0.9548385143280029,
    "cpu_energy_total": 0.00456857747771835,
    "gpu_energy_total": 0.01647961985035168,
    "ram_energy_total": 3.08858750546971e-05,
    "total_energy_kwh": 0.02107908320312473,
    "total_energy_joules": 75884.69953124902
  },
  "global_derived_quantities": {
    "tokens_per_joule": 0.2159065015899962,
    "joules_per_token": 4.631634492874086,
    "flops_per_joule": 223364803.41695324,
    "joules_per_flop": 4.4769810852129115e-09
  },
  "per-process_emissions": [
    0.0020174548936660983,
    0.0019952423363976185,
    0.002014950004639882,
    0.0020024295115267667
  ]
}