{
  "process_id": 321093,
  "local_process_index": 0,
  "energy_results": {
    "cpu_power": 112.5,
    "gpu_power": 439.98222223518945,
    "ram_power": 0.9163141250610352,
    "cpu_energy": 0.0011492133015310632,
    "gpu_energy": 0.004139097477941944,
    "ram_energy": 7.541415476716377e-06,
    "total_energy_kwh": 0.005295852194949727,
    "total_energy_joules": 19065.067901819017,
    "final_emissions": 0.0020174548936660983
  }
}