{
  "process_id": 321095,
  "local_process_index": 2,
  "energy_results": {
    "cpu_power": 112.5,
    "gpu_power": 442.64907966978217,
    "ram_power": 0.9774441719055177,
    "cpu_energy": 0.0011327760752500352,
    "gpu_energy": 0.004097026055395969,
    "ram_energy": 7.741737046916318e-06,
    "total_energy_kwh": 0.005237543867692921,
    "total_energy_joules": 18855.157923694514,
    "final_emissions": 0.0019952423363976185
  }
}