{
  "process_id": 2518809,
  "local_process_index": 2,
  "energy_results": {
    "cpu_power": 112.5,
    "gpu_power": 327.8405998107189,
    "ram_power": 0.7257428169250488,
    "cpu_energy": 0.0015497239599044403,
    "gpu_energy": 0.0035395667205397885,
    "ram_energy": 6.879397748070049e-06,
    "total_energy_kwh": 0.005096170078192299,
    "total_energy_joules": 18346.212281492277,
    "final_emissions": 0.0019413859912873561
  }
}