{
  "process_id": 2518808,
  "local_process_index": 1,
  "energy_results": {
    "cpu_power": 112.5,
    "gpu_power": 219.43342190343768,
    "ram_power": 0.7208218574523926,
    "cpu_energy": 0.0015186304569042475,
    "gpu_energy": 0.0034639002711183142,
    "ram_energy": 6.688081425201263e-06,
    "total_energy_kwh": 0.004989218809447765,
    "total_energy_joules": 17961.187714011954,
    "final_emissions": 0.0019006429054591262
  }
}