{
  "process_id": 2518807,
  "local_process_index": 0,
  "energy_results": {
    "cpu_power": 112.5,
    "gpu_power": 275.27531827606686,
    "ram_power": 0.6896538734436035,
    "cpu_energy": 0.001583323487966481,
    "gpu_energy": 0.003626947345999554,
    "ram_energy": 6.6962789185751605e-06,
    "total_energy_kwh": 0.005216967112884611,
    "total_energy_joules": 18781.0816063846,
    "final_emissions": 0.0019874036216533924
  }
}