{
  "experiment_id": "0420",
  "local_process_results": {
    "cpu_power": {
      "process_0": 112.5,
      "process_3": 112.5,
      "process_2": 112.5,
      "process_1": 112.5
    },
    "gpu_power": {
      "process_0": 382.1798159418378,
      "process_3": 0.0,
      "process_2": 363.88642829245487,
      "process_1": 505.1609714124011
    },
    "ram_power": {
      "process_0": 0.6756019592285156,
      "process_3": 0.7063107490539551,
      "process_2": 0.7057757377624513,
      "process_1": 0.7053065299987793
    },
    "cpu_energy": {
      "process_0": 0.0012861918962844355,
      "process_3": 0.0013641562259708731,
      "process_2": 0.001286630350314226,
      "process_1": 0.0013632094535032592
    },
    "gpu_energy": {
      "process_0": 0.0038657997593032345,
      "process_3": 0.003975386235861134,
      "process_2": 0.0038674655939692215,
      "process_1": 0.004046249903663535
    },
    "ram_energy": {
      "process_0": 5.752570466294922e-06,
      "process_3": 6.35896320327507e-06,
      "process_2": 6.000851040009658e-06,
      "process_1": 6.490155406420496e-06
    },
    "total_energy_kwh": {
      "process_0": 0.0051577442260539634,
      "process_3": 0.005345901425035282,
      "process_2": 0.0051600967953234584,
      "process_1": 0.005415949512573215
    },
    "total_energy_joules": {
      "process_0": 18567.87921379427,
      "process_3": 19245.245130127016,
      "process_2": 18576.34846316445,
      "process_1": 19497.418245263576
    }
  },
  "global_experiment_results": {
    "cpu_power_avg": 112.5,
    "gpu_power_avg": 312.80680391167346,
    "ram_power_avg": 0.6982487440109253,
    "cpu_energy_total": 0.005300187926072794,
    "gpu_energy_total": 0.015754901492797124,
    "ram_energy_total": 2.4602540116000145e-05,
    "total_energy_kwh": 0.02107969195898592,
    "total_energy_joules": 75886.89105234931
  },
  "global_derived_quantities": {
    "tokens_per_joule": 0.21590026647287172,
    "joules_per_token": 4.631768252706867,
    "flops_per_joule": 223358352.9131447,
    "joules_per_flop": 4.4771103787144274e-09
  },
  "per-process_emissions": [
    0.0019648426629152575,
    0.002036521147867191,
    0.0019657388741784717,
    0.0020632059668147665
  ]
}