{
  "process_id": 2544461,
  "local_process_index": 1,
  "energy_results": {
    "cpu_power": 112.5,
    "gpu_power": 505.1609714124011,
    "ram_power": 0.7053065299987793,
    "cpu_energy": 0.0013632094535032592,
    "gpu_energy": 0.004046249903663535,
    "ram_energy": 6.490155406420496e-06,
    "total_energy_kwh": 0.005415949512573215,
    "total_energy_joules": 19497.418245263576,
    "final_emissions": 0.0020632059668147665
  }
}