{
  "experiment_id": "0056",
  "local_process_results": {
    "cpu_power": {
      "process_0": 112.5
    },
    "gpu_power": {
      "process_0": 118.46996986273552
    },
    "ram_power": {
      "process_0": 0.9248213768005371
    },
    "cpu_energy": {
      "process_0": 0.035696834485156495
    },
    "gpu_energy": {
      "process_0": 0.03487604206747799
    },
    "ram_energy": {
      "process_0": 0.0002553537496743837
    },
    "total_energy_kwh": {
      "process_0": 0.07082823030230896
    },
    "total_energy_joules": {
      "process_0": 254981.62908831227
    }
  },
  "global_experiment_results": {
    "cpu_power_avg": 112.5,
    "gpu_power_avg": 118.46996986273552,
    "ram_power_avg": 0.9248213768005371,
    "cpu_energy_total": 0.035696834485156495,
    "gpu_energy_total": 0.03487604206747799,
    "ram_energy_total": 0.0002553537496743837,
    "total_energy_kwh": 0.07082823030230896,
    "total_energy_joules": 254981.62908831227
  },
  "global_derived_quantities": {
    "tokens_per_joule": 0.05654917199939143,
    "joules_per_token": 17.683724883023253,
    "flops_per_joule": 4057328.0973182903,
    "joules_per_flop": 2.464676200726667e-07
  },
  "per-process_emissions": [
    0.026982014333664598
  ]
}