{
  "process_id": 2443722,
  "local_process_index": 3,
  "energy_results": {
    "cpu_power": 112.5,
    "gpu_power": 848.3309226787566,
    "ram_power": 0.7059602737426758,
    "cpu_energy": 0.002281050089905421,
    "gpu_energy": 0.003937282316490265,
    "ram_energy": 8.514336637569076e-06,
    "total_energy_kwh": 0.00622684674303326,
    "total_energy_joules": 22416.64827491974,
    "final_emissions": 0.0023721172667585206
  }
}