{
  "experiment_id": "0376",
  "local_process_results": {
    "cpu_power": {
      "process_1": 112.5,
      "process_3": 112.5,
      "process_2": 112.5,
      "process_0": 112.5
    },
    "gpu_power": {
      "process_1": 267.12961395502697,
      "process_3": 256.93830346073463,
      "process_2": 388.3205661857658,
      "process_0": 295.7234698701622
    },
    "ram_power": {
      "process_1": 0.7097940444946289,
      "process_3": 0.7092890739440918,
      "process_2": 0.7043924331665039,
      "process_0": 0.6737451553344728
    },
    "cpu_energy": {
      "process_1": 0.0014938066915347015,
      "process_3": 0.0014653339852784485,
      "process_2": 0.0015699562715344652,
      "process_0": 0.0013779912688742118
    },
    "gpu_energy": {
      "process_1": 0.0037894321982090418,
      "process_3": 0.0037256710360891176,
      "process_2": 0.003979969572861952,
      "process_0": 0.0035302033797151022
    },
    "ram_energy": {
      "process_1": 6.312039657878627e-06,
      "process_3": 6.3947600245494084e-06,
      "process_2": 6.728224344272005e-06,
      "process_0": 5.55332350689436e-06
    },
    "total_energy_kwh": {
      "process_1": 0.00528955092940162,
      "process_3": 0.005197399781392116,
      "process_2": 0.005556654068740689,
      "process_0": 0.004913747972096209
    },
    "total_energy_joules": {
      "process_1": 19042.383345845832,
      "process_3": 18710.63921301162,
      "process_2": 20003.95464746648,
      "process_0": 17689.49269954635
    }
  },
  "global_experiment_results": {
    "cpu_power_avg": 112.5,
    "gpu_power_avg": 302.02798836792243,
    "ram_power_avg": 0.6993051767349243,
    "cpu_energy_total": 0.005907088217221827,
    "gpu_energy_total": 0.015025276186875214,
    "ram_energy_total": 2.4988347533594403e-05,
    "total_energy_kwh": 0.020957352751630635,
    "total_energy_joules": 75446.46990587028
  },
  "global_derived_quantities": {
    "tokens_per_joule": 0.21716059108453006,
    "joules_per_token": 4.6048870792157155,
    "flops_per_joule": 224662214.33950973,
    "joules_per_flop": 4.451126785783385e-09
  },
  "per-process_emissions": [
    0.0020150544265555475,
    0.0019799494467213265,
    0.0021168073674867655,
    0.0018718922899700508
  ]
}