{
  "process_id": 2466417,
  "local_process_index": 2,
  "energy_results": {
    "cpu_power": 112.5,
    "gpu_power": 388.3205661857658,
    "ram_power": 0.7043924331665039,
    "cpu_energy": 0.0015699562715344652,
    "gpu_energy": 0.003979969572861952,
    "ram_energy": 6.728224344272005e-06,
    "total_energy_kwh": 0.005556654068740689,
    "total_energy_joules": 20003.95464746648,
    "final_emissions": 0.0021168073674867655
  }
}