{
  "process_id": 1513699,
  "local_process_index": 0,
  "energy_results": {
    "cpu_power": 112.5,
    "gpu_power": 162.198450405457,
    "ram_power": 2.323124885559082,
    "cpu_energy": 0.00014522101680995546,
    "gpu_energy": 0.00021672128448813055,
    "ram_energy": 2.353536544559525e-06,
    "total_energy_kwh": 0.00036429583784264557,
    "total_energy_joules": 1311.465016233524,
    "final_emissions": 0.00013877849942615583
  }
}