{
  "experiment_id": "0285",
  "local_process_results": {
    "cpu_power": {
      "process_0": 112.5,
      "process_1": 112.5,
      "process_2": 112.5,
      "process_3": 112.5
    },
    "gpu_power": {
      "process_0": 409.6293127774312,
      "process_1": 421.616475996957,
      "process_2": 318.3932440091747,
      "process_3": 449.4503059932046
    },
    "ram_power": {
      "process_0": 0.9043407440185547,
      "process_1": 0.9719667434692383,
      "process_2": 0.9604225158691406,
      "process_3": 0.9801034927368164
    },
    "cpu_energy": {
      "process_0": 0.0011402216813121411,
      "process_1": 0.0011408969635003814,
      "process_2": 0.0011541587551874954,
      "process_3": 0.0011283666217810834
    },
    "gpu_energy": {
      "process_0": 0.004133836918177924,
      "process_1": 0.004140392478977906,
      "process_2": 0.0041648447207617845,
      "process_3": 0.0041000255022400345
    },
    "ram_energy": {
      "process_0": 7.234196894660289e-06,
      "process_1": 7.782081287271757e-06,
      "process_2": 7.75253423581526e-06,
      "process_3": 7.752935783333107e-06
    },
    "total_energy_kwh": {
      "process_0": 0.005281292796384726,
      "process_1": 0.0052890715237655615,
      "process_2": 0.005326756010185095,
      "process_3": 0.005236145059804451
    },
    "total_energy_joules": {
      "process_0": 19012.654066985015,
      "process_1": 19040.65748555602,
      "process_2": 19176.321636666344,
      "process_3": 18850.12221529602
    }
  },
  "global_experiment_results": {
    "cpu_power_avg": 112.5,
    "gpu_power_avg": 399.7723346941919,
    "ram_power_avg": 0.9542083740234375,
    "cpu_energy_total": 0.004563644021781102,
    "gpu_energy_total": 0.01653909962015765,
    "ram_energy_total": 3.052174820108041e-05,
    "total_energy_kwh": 0.021133265390139832,
    "total_energy_joules": 76079.7554045034
  },
  "global_derived_quantities": {
    "tokens_per_joule": 0.21535295313305092,
    "joules_per_token": 4.643539758575647,
    "flops_per_joule": 222792133.11125705,
    "joules_per_flop": 4.488488826042273e-09
  },
  "per-process_emissions": [
    0.0020119084907827614,
    0.0020148717969784907,
    0.002029227702080012,
    0.0019947094605325057
  ]
}