{
  "process_id": 379219,
  "local_process_index": 0,
  "energy_results": {
    "cpu_power": 112.5,
    "gpu_power": 409.6293127774312,
    "ram_power": 0.9043407440185547,
    "cpu_energy": 0.0011402216813121411,
    "gpu_energy": 0.004133836918177924,
    "ram_energy": 7.234196894660289e-06,
    "total_energy_kwh": 0.005281292796384726,
    "total_energy_joules": 19012.654066985015,
    "final_emissions": 0.0020119084907827614
  }
}