{
  "process_id": 75557,
  "local_process_index": 0,
  "energy_results": {
    "cpu_power": 112.5,
    "gpu_power": 1115.4418224010076,
    "ram_power": 0.6999406814575195,
    "cpu_energy": 0.002727139851906204,
    "gpu_energy": 0.015567889120967987,
    "ram_energy": 1.439778458209099e-05,
    "total_energy_kwh": 0.018309426757456265,
    "total_energy_joules": 65913.93632684255,
    "final_emissions": 0.006974976123252964
  }
}