{
  "experiment_id": "0222",
  "local_process_results": {
    "cpu_power": {
      "process_0": 112.5
    },
    "gpu_power": {
      "process_0": 59.55226010267821
    },
    "ram_power": {
      "process_0": 0.909635066986084
    },
    "cpu_energy": {
      "process_0": 0.00037410548700006534
    },
    "gpu_energy": {
      "process_0": 0.00038689614284997953
    },
    "ram_energy": {
      "process_0": 2.520237777000544e-06
    },
    "total_energy_kwh": {
      "process_0": 0.0007635218676270454
    },
    "total_energy_joules": {
      "process_0": 2748.6787234573635
    }
  },
  "global_experiment_results": {
    "cpu_power_avg": 112.5,
    "gpu_power_avg": 59.55226010267821,
    "ram_power_avg": 0.909635066986084,
    "cpu_energy_total": 0.00037410548700006534,
    "gpu_energy_total": 0.00038689614284997953,
    "ram_energy_total": 2.520237777000544e-06,
    "total_energy_kwh": 0.0007635218676270454,
    "total_energy_joules": 2748.6787234573635
  },
  "global_derived_quantities": {
    "tokens_per_joule": 5.960682076147392,
    "joules_per_token": 0.16776603536727072,
    "flops_per_joule": 6166588640.753133,
    "joules_per_flop": 1.6216421400177405e-10
  },
  "per-process_emissions": [
    0.0002908636554725229
  ]
}