{
  "process_id": 10249,
  "local_process_index": 1,
  "energy_results": {
    "cpu_power": 112.5,
    "gpu_power": 806.553364267072,
    "ram_power": 0.8721199035644531,
    "cpu_energy": 0.000215408917281259,
    "gpu_energy": 0.0014025727887240005,
    "ram_energy": 1.4605765755373294e-06,
    "total_energy_kwh": 0.0016194422825807967,
    "total_energy_joules": 5829.992217290868,
    "final_emissions": 0.0006169265375491546
  }
}