{
  "experiment_id": "0050",
  "local_process_results": {
    "cpu_power": {
      "process_0": 112.5,
      "process_3": 112.5,
      "process_2": 112.5,
      "process_1": 112.5
    },
    "gpu_power": {
      "process_0": 305.97959510892525,
      "process_3": 0.0,
      "process_2": 806.0764331650836,
      "process_1": 806.553364267072
    },
    "ram_power": {
      "process_0": 1.0806126594543457,
      "process_3": 0.8699040412902833,
      "process_2": 0.8503775596618652,
      "process_1": 0.8721199035644531
    },
    "cpu_energy": {
      "process_0": 0.00022243310946874572,
      "process_3": 0.00025411739096875866,
      "process_2": 0.00021831649506249564,
      "process_1": 0.000215408917281259
    },
    "gpu_energy": {
      "process_0": 0.001436343649073999,
      "process_3": 0.001438450039648001,
      "process_2": 0.001420120302762,
      "process_1": 0.0014025727887240005
    },
    "ram_energy": {
      "process_0": 1.8616714426552095e-06,
      "process_3": 1.6799436705000766e-06,
      "process_2": 1.4446461710463208e-06,
      "process_1": 1.4605765755373294e-06
    },
    "total_energy_kwh": {
      "process_0": 0.0016606384299854,
      "process_3": 0.00169424737428726,
      "process_2": 0.0016398814439955417,
      "process_1": 0.0016194422825807967
    },
    "total_energy_joules": {
      "process_0": 5978.29834794744,
      "process_3": 6099.290547434136,
      "process_2": 5903.57319838395,
      "process_1": 5829.992217290868
    }
  },
  "global_experiment_results": {
    "cpu_power_avg": 112.5,
    "gpu_power_avg": 479.65234813527024,
    "ram_power_avg": 0.9182535409927368,
    "cpu_energy_total": 0.0009102759127812591,
    "gpu_energy_total": 0.0056974867802080005,
    "ram_energy_total": 6.446837859738936e-06,
    "total_energy_kwh": 0.006614209530848999,
    "total_energy_joules": 23811.154311056394
  },
  "global_derived_quantities": {
    "tokens_per_joule": 0.688080879489001,
    "joules_per_token": 1.4533175238681881,
    "flops_per_joule": 711850033.4644215,
    "joules_per_flop": 1.4047902690026076e-09
  },
  "per-process_emissions": [
    0.0006326202099029382,
    0.0006454235372347316,
    0.0006247128360901016,
    0.0006169265375491546
  ]
}