{
  "process_id": 10248,
  "local_process_index": 0,
  "energy_results": {
    "cpu_power": 112.5,
    "gpu_power": 305.97959510892525,
    "ram_power": 1.0806126594543457,
    "cpu_energy": 0.00022243310946874572,
    "gpu_energy": 0.001436343649073999,
    "ram_energy": 1.8616714426552095e-06,
    "total_energy_kwh": 0.0016606384299854,
    "total_energy_joules": 5978.29834794744,
    "final_emissions": 0.0006326202099029382
  }
}