{
  "process_id": 161889,
  "local_process_index": 1,
  "energy_results": {
    "cpu_power": 112.5,
    "gpu_power": 2230.7317139282404,
    "ram_power": 0.6767091751098633,
    "cpu_energy": 0.0007161525032187227,
    "gpu_energy": 0.004734011009427885,
    "ram_energy": 4.041975183027991e-06,
    "total_energy_kwh": 0.0054542054878296345,
    "total_energy_joules": 19635.139756186683,
    "final_emissions": 0.002077779580588699
  }
}