{
  "process_id": 206117,
  "local_process_index": 0,
  "energy_results": {
    "cpu_power": 112.5,
    "gpu_power": 854.4650189596504,
    "ram_power": 0.7022109031677246,
    "cpu_energy": 0.0007203055303122029,
    "gpu_energy": 0.004673195682997844,
    "ram_energy": 4.220125828688862e-06,
    "total_energy_kwh": 0.005397721339138735,
    "total_energy_joules": 19431.796820899446,
    "final_emissions": 0.002056261944144901
  }
}