{
  "process_id": 1470025,
  "local_process_index": 0,
  "energy_results": {
    "cpu_power": 112.5,
    "gpu_power": 89.54193878528405,
    "ram_power": 2.3114748001098633,
    "cpu_energy": 0.00017256156634539365,
    "gpu_energy": 0.00014614789469646894,
    "ram_energy": 2.716906165010593e-06,
    "total_energy_kwh": 0.0003214263672068732,
    "total_energy_joules": 1157.1349219447434,
    "final_emissions": 0.00012244737458745833
  }
}