{
  "process_id": 402761,
  "local_process_index": 1,
  "energy_results": {
    "cpu_power": 112.5,
    "gpu_power": 340.2019840041833,
    "ram_power": 0.9737691879272461,
    "cpu_energy": 0.0011497868373124907,
    "gpu_energy": 0.004137138309708133,
    "ram_energy": 7.819246854494539e-06,
    "total_energy_kwh": 0.005294744393875117,
    "total_energy_joules": 19061.07981795042,
    "final_emissions": 0.002017032876846726
  }
}