{
  "process_id": 402763,
  "local_process_index": 3,
  "energy_results": {
    "cpu_power": 112.5,
    "gpu_power": 317.236460219269,
    "ram_power": 0.9788718223571776,
    "cpu_energy": 0.0011527976269062492,
    "gpu_energy": 0.00414919276379605,
    "ram_energy": 7.868973767493226e-06,
    "total_energy_kwh": 0.005309859364469795,
    "total_energy_joules": 19115.493712091262,
    "final_emissions": 0.0020227909248947684
  }
}