{
  "experiment_id": "0304",
  "local_process_results": {
    "cpu_power": {
      "process_1": 112.5,
      "process_2": 112.5,
      "process_0": 112.5,
      "process_3": 112.5
    },
    "gpu_power": {
      "process_1": 340.2019840041833,
      "process_2": 438.6025726078089,
      "process_0": 445.41548963061155,
      "process_3": 317.236460219269
    },
    "ram_power": {
      "process_1": 0.9737691879272461,
      "process_2": 0.9590134620666504,
      "process_0": 0.9257054328918457,
      "process_3": 0.9788718223571776
    },
    "cpu_energy": {
      "process_1": 0.0011497868373124907,
      "process_2": 0.0011403098808124242,
      "process_0": 0.0011402579954693693,
      "process_3": 0.0011527976269062492
    },
    "gpu_energy": {
      "process_1": 0.004137138309708133,
      "process_2": 0.004112438289948062,
      "process_0": 0.004110462455034103,
      "process_3": 0.00414919276379605
    },
    "ram_energy": {
      "process_1": 7.819246854494539e-06,
      "process_2": 7.698612961833827e-06,
      "process_0": 7.393220178037956e-06,
      "process_3": 7.868973767493226e-06
    },
    "total_energy_kwh": {
      "process_1": 0.005294744393875117,
      "process_2": 0.005260446783722317,
      "process_0": 0.0052581136706815095,
      "process_3": 0.005309859364469795
    },
    "total_energy_joules": {
      "process_1": 19061.07981795042,
      "process_2": 18937.608421400342,
      "process_0": 18929.209214453433,
      "process_3": 19115.493712091262
    }
  },
  "global_experiment_results": {
    "cpu_power_avg": 112.5,
    "gpu_power_avg": 385.3641266154682,
    "ram_power_avg": 0.95933997631073,
    "cpu_energy_total": 0.004583152340500533,
    "gpu_energy_total": 0.016509231818486347,
    "ram_energy_total": 3.078005376185955e-05,
    "total_energy_kwh": 0.02112316421274874,
    "total_energy_joules": 76043.39116589546
  },
  "global_derived_quantities": {
    "tokens_per_joule": 0.21545593573354505,
    "joules_per_token": 4.641320261590299,
    "flops_per_joule": 222898673.15588441,
    "joules_per_flop": 4.4863434395621055e-09
  },
  "per-process_emissions": [
    0.002017032876846726,
    0.002003967202259017,
    0.002003078402846121,
    0.0020227909248947684
  ]
}