{
  "experiment_id": "0416",
  "local_process_results": {
    "cpu_power": {
      "process_1": 112.5,
      "process_0": 112.5,
      "process_2": 112.5,
      "process_3": 112.5
    },
    "gpu_power": {
      "process_1": 283.4643294040321,
      "process_0": 343.2714791314625,
      "process_2": 264.2935700842934,
      "process_3": 334.43662633287505
    },
    "ram_power": {
      "process_1": 0.7059230804443359,
      "process_0": 0.6727695465087891,
      "process_2": 0.708651065826416,
      "process_3": 0.709146022796631
    },
    "cpu_energy": {
      "process_1": 0.0015587252590612485,
      "process_0": 0.0013560244030304607,
      "process_2": 0.001510545844719673,
      "process_3": 0.0014355725278755926
    },
    "gpu_energy": {
      "process_1": 0.0038908872793737004,
      "process_0": 0.0033930518811060573,
      "process_2": 0.003781093024872062,
      "process_3": 0.0036181212278276753
    },
    "ram_energy": {
      "process_1": 6.933644343574671e-06,
      "process_0": 6.059039232413427e-06,
      "process_2": 6.735710161899771e-06,
      "process_3": 6.6462698703080985e-06
    },
    "total_energy_kwh": {
      "process_1": 0.005456546182778524,
      "process_0": 0.004755135323368932,
      "process_2": 0.005298374579753633,
      "process_3": 0.005060340025573575
    },
    "total_energy_joules": {
      "process_1": 19643.566258002684,
      "process_0": 17118.487164128157,
      "process_2": 19074.148487113078,
      "process_3": 18217.224092064873
    }
  },
  "global_experiment_results": {
    "cpu_power_avg": 112.5,
    "gpu_power_avg": 306.36650123816577,
    "ram_power_avg": 0.699122428894043,
    "cpu_energy_total": 0.005860868034686975,
    "gpu_energy_total": 0.014683153413179495,
    "ram_energy_total": 2.6374663608195967e-05,
    "total_energy_kwh": 0.020570396111474664,
    "total_energy_joules": 74053.42600130879
  },
  "global_derived_quantities": {
    "tokens_per_joule": 0.22124567200591685,
    "joules_per_token": 4.519862426837695,
    "flops_per_joule": 228888410.81913528,
    "joules_per_flop": 4.36894116404254e-09
  },
  "per-process_emissions": [
    0.0020786712683294787,
    0.0018114688014373946,
    0.0020184157961571467,
    0.0019277365327422535
  ]
}