{
  "process_id": 2529827,
  "local_process_index": 1,
  "energy_results": {
    "cpu_power": 112.5,
    "gpu_power": 283.4643294040321,
    "ram_power": 0.7059230804443359,
    "cpu_energy": 0.0015587252590612485,
    "gpu_energy": 0.0038908872793737004,
    "ram_energy": 6.933644343574671e-06,
    "total_energy_kwh": 0.005456546182778524,
    "total_energy_joules": 19643.566258002684,
    "final_emissions": 0.0020786712683294787
  }
}