{
  "process_id": 2478562,
  "local_process_index": 2,
  "energy_results": {
    "cpu_power": 112.5,
    "gpu_power": 242.44813171685513,
    "ram_power": 0.708892822265625,
    "cpu_energy": 0.001530712923965439,
    "gpu_energy": 0.0040282462781515704,
    "ram_energy": 6.613951595069654e-06,
    "total_energy_kwh": 0.005565573153712079,
    "total_energy_joules": 20036.063353363486,
    "final_emissions": 0.002120205092906617
  }
}