{
  "process_id": 2478563,
  "local_process_index": 3,
  "energy_results": {
    "cpu_power": 112.5,
    "gpu_power": 314.4083808924082,
    "ram_power": 0.7081489562988281,
    "cpu_energy": 0.0013346015318466016,
    "gpu_energy": 0.003584570923210073,
    "ram_energy": 5.9271686050787894e-06,
    "total_energy_kwh": 0.004925099623661752,
    "total_energy_joules": 17730.358645182307,
    "final_emissions": 0.0018762167016339445
  }
}