{
  "experiment_id": "0467",
  "local_process_results": {
    "cpu_power": {
      "process_2": 112.5,
      "process_0": 112.5,
      "process_3": 112.5,
      "process_1": 112.5
    },
    "gpu_power": {
      "process_2": 354.94355331581215,
      "process_0": 775.5740300781088,
      "process_3": 430.4037031729032,
      "process_1": 0.0
    },
    "ram_power": {
      "process_2": 0.7068886756896973,
      "process_0": 0.6721973419189453,
      "process_3": 0.7050375938415528,
      "process_1": 0.7086582183837891
    },
    "cpu_energy": {
      "process_2": 0.0006744479529352248,
      "process_0": 0.0006686690579990683,
      "process_3": 0.0006785253689340606,
      "process_1": 0.0006667251773687894
    },
    "gpu_energy": {
      "process_2": 0.003949654826388205,
      "process_0": 0.003913251186157041,
      "process_3": 0.00392311980516169,
      "process_1": 0.00390362840067926
    },
    "ram_energy": {
      "process_2": 5.025826018740013e-06,
      "process_0": 4.7075922416059265e-06,
      "process_3": 4.953028285281093e-06,
      "process_1": 5.331798670391966e-06
    },
    "total_energy_kwh": {
      "process_2": 0.004629128605342169,
      "process_0": 0.004586627836397715,
      "process_3": 0.004606598202381032,
      "process_1": 0.004575685376718441
    },
    "total_energy_joules": {
      "process_2": 16664.86297923181,
      "process_0": 16511.860211031773,
      "process_3": 16583.753528571717,
      "process_1": 16472.467356186386
    }
  },
  "global_experiment_results": {
    "cpu_power_avg": 112.5,
    "gpu_power_avg": 390.23032164170604,
    "ram_power_avg": 0.6981954574584961,
    "cpu_energy_total": 0.002688367557237143,
    "gpu_energy_total": 0.015689654218386195,
    "ram_energy_total": 2.0018245216019e-05,
    "total_energy_kwh": 0.018398040020839355,
    "total_energy_joules": 66232.94407502169
  },
  "global_derived_quantities": {
    "tokens_per_joule": 0.2473693451017659,
    "joules_per_token": 4.0425380905164605,
    "flops_per_joule": 255914503.42223746,
    "joules_per_flop": 3.907555010081175e-09
  },
  "per-process_emissions": [
    0.0017634665422050994,
    0.0017472758742757097,
    0.0017548835851970543,
    0.00174310734426089
  ]
}