{
  "process_id": 2181224,
  "local_process_index": 3,
  "energy_results": {
    "cpu_power": 112.5,
    "gpu_power": 430.4037031729032,
    "ram_power": 0.7050375938415528,
    "cpu_energy": 0.0006785253689340606,
    "gpu_energy": 0.00392311980516169,
    "ram_energy": 4.953028285281093e-06,
    "total_energy_kwh": 0.004606598202381032,
    "total_energy_joules": 16583.753528571717,
    "final_emissions": 0.0017548835851970543
  }
}