{
  "process_id": 2181222,
  "local_process_index": 1,
  "energy_results": {
    "cpu_power": 112.5,
    "gpu_power": 0.0,
    "ram_power": 0.7086582183837891,
    "cpu_energy": 0.0006667251773687894,
    "gpu_energy": 0.00390362840067926,
    "ram_energy": 5.331798670391966e-06,
    "total_energy_kwh": 0.004575685376718441,
    "total_energy_joules": 16472.467356186386,
    "final_emissions": 0.00174310734426089
  }
}