{
  "process_id": 233669,
  "local_process_index": 1,
  "energy_results": {
    "cpu_power": 112.5,
    "gpu_power": 674.7365786514791,
    "ram_power": 0.6581926345825195,
    "cpu_energy": 0.0009732284624064962,
    "gpu_energy": 0.0053413262175018295,
    "ram_energy": 4.9411973142484445e-06,
    "total_energy_kwh": 0.0063194958772225755,
    "total_energy_joules": 22750.18515800127,
    "final_emissions": 0.0024074119544279403
  }
}