{
  "experiment_id": "0208",
  "local_process_results": {
    "cpu_power": {
      "process_0": 112.5,
      "process_2": 112.5,
      "process_3": 112.5,
      "process_1": 112.5
    },
    "gpu_power": {
      "process_0": 696.2927497629445,
      "process_2": 836.3950447780419,
      "process_3": 532.7672312676534,
      "process_1": 674.7365786514791
    },
    "ram_power": {
      "process_0": 0.7054367065429689,
      "process_2": 0.6576075553894043,
      "process_3": 0.6579680442810059,
      "process_1": 0.6581926345825195
    },
    "cpu_energy": {
      "process_0": 0.0009936705203753037,
      "process_2": 0.0009263843829686493,
      "process_3": 0.0010035968579369412,
      "process_1": 0.0009732284624064962
    },
    "gpu_energy": {
      "process_0": 0.0053397553829118705,
      "process_2": 0.0051982055474499855,
      "process_3": 0.005680288710894044,
      "process_1": 0.0053413262175018295
    },
    "ram_energy": {
      "process_0": 5.435523468298103e-06,
      "process_2": 4.691490847517647e-06,
      "process_3": 5.418404265587928e-06,
      "process_1": 4.9411973142484445e-06
    },
    "total_energy_kwh": {
      "process_0": 0.006338861426755472,
      "process_2": 0.006129281421266153,
      "process_3": 0.0066893039730965735,
      "process_1": 0.0063194958772225755
    },
    "total_energy_joules": {
      "process_0": 22819.901136319702,
      "process_2": 22065.413116558153,
      "process_3": 24081.494303147665,
      "process_1": 22750.18515800127
    }
  },
  "global_experiment_results": {
    "cpu_power_avg": 112.5,
    "gpu_power_avg": 685.0479011150298,
    "ram_power_avg": 0.6698012351989746,
    "cpu_energy_total": 0.003896880223687391,
    "gpu_energy_total": 0.02155957585875773,
    "ram_energy_total": 2.0486615895652122e-05,
    "total_energy_kwh": 0.025476942698340777,
    "total_energy_joules": 91716.9937140268
  },
  "global_derived_quantities": {
    "tokens_per_joule": 0.17863647004267544,
    "joules_per_token": 5.597961042115894,
    "flops_per_joule": 184807311.1292978,
    "joules_per_flop": 5.411041337538667e-09
  },
  "per-process_emissions": [
    0.0024147892605224973,
    0.0023349497574313414,
    0.0025482903485511397,
    0.0024074119544279403
  ]
}