{
  "process_id": 341590,
  "local_process_index": 2,
  "energy_results": {
    "cpu_power": 112.5,
    "gpu_power": 436.51867762409427,
    "ram_power": 0.9541797637939453,
    "cpu_energy": 0.001119291148656316,
    "gpu_energy": 0.004016479046513921,
    "ram_energy": 7.709200768172202e-06,
    "total_energy_kwh": 0.00514347939593841,
    "total_energy_joules": 18516.525825378274,
    "final_emissions": 0.0019594084758827375
  }
}