{
  "process_id": 341591,
  "local_process_index": 3,
  "energy_results": {
    "cpu_power": 112.5,
    "gpu_power": 433.034685101705,
    "ram_power": 0.9618587493896484,
    "cpu_energy": 0.0011096118912499835,
    "gpu_energy": 0.003994692362418006,
    "ram_energy": 7.51099173164191e-06,
    "total_energy_kwh": 0.0051118152453996325,
    "total_energy_joules": 18402.53488343868,
    "final_emissions": 0.00194734601773499
  }
}