{
  "process_id": 341589,
  "local_process_index": 1,
  "energy_results": {
    "cpu_power": 112.5,
    "gpu_power": 431.22506114679044,
    "ram_power": 0.9715232849121094,
    "cpu_energy": 0.0011082167275003486,
    "gpu_energy": 0.003984266242965939,
    "ram_energy": 7.538792529165497e-06,
    "total_energy_kwh": 0.005100021762995452,
    "total_energy_joules": 18360.078346783626,
    "final_emissions": 0.0019428532906131176
  }
}