{
  "process_id": 124586,
  "local_process_index": 1,
  "energy_results": {
    "cpu_power": 112.5,
    "gpu_power": 1979.2217777673447,
    "ram_power": 0.6665997505187988,
    "cpu_energy": 0.0007202502751562747,
    "gpu_energy": 0.004796646615091965,
    "ram_energy": 3.994235323491134e-06,
    "total_energy_kwh": 0.005520891125571733,
    "total_energy_joules": 19875.20805205824,
    "final_emissions": 0.0021031834742865517
  }
}