{
  "process_id": 124588,
  "local_process_index": 3,
  "energy_results": {
    "cpu_power": 112.5,
    "gpu_power": 442.5034238909419,
    "ram_power": 0.6692476272583009,
    "cpu_energy": 0.0008156110272498154,
    "gpu_energy": 0.005118373816918015,
    "ram_energy": 4.146772202833309e-06,
    "total_energy_kwh": 0.005938131616370662,
    "total_energy_joules": 21377.273818934384,
    "final_emissions": 0.002262131239256404
  }
}