{
  "process_id": 1956415,
  "local_process_index": 0,
  "energy_results": {
    "cpu_power": 112.5,
    "gpu_power": 306.24147604230154,
    "ram_power": 2.2221951484680176,
    "cpu_energy": 0.00011038686940446495,
    "gpu_energy": 0.00038392391824881855,
    "ram_energy": 1.8452461969411214e-06,
    "total_energy_kwh": 0.0004961560338502247,
    "total_energy_joules": 1786.161721860809,
    "final_emissions": 0.0001890106410952431
  }
}