{
  "process_id": 1956416,
  "local_process_index": 1,
  "energy_results": {
    "cpu_power": 112.5,
    "gpu_power": 345.3874513185257,
    "ram_power": 2.2221951484680176,
    "cpu_energy": 0.00010992592768525357,
    "gpu_energy": 0.0003801841930357597,
    "ram_energy": 1.8359615473540846e-06,
    "total_energy_kwh": 0.0004919460822683673,
    "total_energy_joules": 1771.0058961661223,
    "final_emissions": 0.00018740686004013453
  }
}