{
  "process_id": 65704,
  "local_process_index": 2,
  "energy_results": {
    "cpu_power": 112.5,
    "gpu_power": 934.2520329595256,
    "ram_power": 0.6519927978515625,
    "cpu_energy": 0.001020133911593802,
    "gpu_energy": 0.006342773685326042,
    "ram_energy": 5.2022448338566775e-06,
    "total_energy_kwh": 0.0073681098417537,
    "total_energy_joules": 26525.19543031332,
    "final_emissions": 0.002806881444216072
  }
}