{
  "process_id": 163499,
  "local_process_index": 3,
  "energy_results": {
    "cpu_power": 112.5,
    "gpu_power": 259.8771861270169,
    "ram_power": 0.6764130592346191,
    "cpu_energy": 0.0008134208749062281,
    "gpu_energy": 0.0050657534970439955,
    "ram_energy": 4.57329662892077e-06,
    "total_energy_kwh": 0.0058837476685791425,
    "total_energy_joules": 21181.491606884912,
    "final_emissions": 0.0022414136743452245
  }
}