{
  "process_id": 1512581,
  "local_process_index": 0,
  "energy_results": {
    "cpu_power": 112.5,
    "gpu_power": 160.39494400623886,
    "ram_power": 1.4175310134887698,
    "cpu_energy": 0.00013869075318871185,
    "gpu_energy": 0.00018257931272991357,
    "ram_energy": 1.335896028789481e-06,
    "total_energy_kwh": 0.0003226059619474149,
    "total_energy_joules": 1161.3814630106936,
    "final_emissions": 0.0001228967412038677
  }
}