{
  "process_id": 369855,
  "local_process_index": 1,
  "energy_results": {
    "cpu_power": 112.5,
    "gpu_power": 413.6240594844003,
    "ram_power": 0.9545917510986328,
    "cpu_energy": 0.001140385249687597,
    "gpu_energy": 0.004149195263798144,
    "ram_energy": 7.615768229901602e-06,
    "total_energy_kwh": 0.0052971962817156435,
    "total_energy_joules": 19069.906614176318,
    "final_emissions": 0.0020179669235195746
  }
}