{
  "process_id": 369856,
  "local_process_index": 2,
  "energy_results": {
    "cpu_power": 112.5,
    "gpu_power": 447.8251637355245,
    "ram_power": 0.9766001701354982,
    "cpu_energy": 0.0011363787139999889,
    "gpu_energy": 0.004148574707746211,
    "ram_energy": 7.793453759849032e-06,
    "total_energy_kwh": 0.0052927468755060506,
    "total_energy_joules": 19053.88875182178,
    "final_emissions": 0.00201627192222403
  }
}