{
  "process_id": 369854,
  "local_process_index": 0,
  "energy_results": {
    "cpu_power": 112.5,
    "gpu_power": 454.83248639068955,
    "ram_power": 0.9440088272094727,
    "cpu_energy": 0.0011379269339372511,
    "gpu_energy": 0.0041476305403241875,
    "ram_energy": 7.528873857160262e-06,
    "total_energy_kwh": 0.005293086348118598,
    "total_energy_joules": 19055.110853226954,
    "final_emissions": 0.00201640124431578
  }
}