{
  "process_id": 2473772,
  "local_process_index": 1,
  "energy_results": {
    "cpu_power": 112.5,
    "gpu_power": 254.84657895183,
    "ram_power": 0.7071418762207031,
    "cpu_energy": 0.0015592543086295342,
    "gpu_energy": 0.0037218699219383478,
    "ram_energy": 6.911445956287618e-06,
    "total_energy_kwh": 0.00528803567652417,
    "total_energy_joules": 19036.92843548701,
    "final_emissions": 0.0020144771909718826
  }
}