{
  "process_id": 2473774,
  "local_process_index": 3,
  "energy_results": {
    "cpu_power": 112.5,
    "gpu_power": 249.18023399017963,
    "ram_power": 0.7147822380065918,
    "cpu_energy": 0.0015408725408151442,
    "gpu_energy": 0.0036844704475742507,
    "ram_energy": 7.0997597061525095e-06,
    "total_energy_kwh": 0.005232442748095547,
    "total_energy_joules": 18836.793893143968,
    "final_emissions": 0.0019932990648869986
  }
}