{
  "experiment_id": "0397",
  "local_process_results": {
    "cpu_power": {
      "process_2": 112.5,
      "process_3": 112.5,
      "process_1": 112.5,
      "process_0": 112.5
    },
    "gpu_power": {
      "process_2": 286.7093721801209,
      "process_3": 313.3670507862093,
      "process_1": 388.2927299168356,
      "process_0": 371.64737745794037
    },
    "ram_power": {
      "process_2": 0.719520092010498,
      "process_3": 0.7265768051147461,
      "process_1": 0.7213196754455566,
      "process_0": 0.6909842491149902
    },
    "cpu_energy": {
      "process_2": 0.001412614730158566,
      "process_3": 0.0014598174097809535,
      "process_1": 0.001243409356312441,
      "process_0": 0.0011854112167502535
    },
    "gpu_energy": {
      "process_2": 0.004153018322411661,
      "process_3": 0.004253882569769107,
      "process_1": 0.003742322438300194,
      "process_0": 0.003580796475746384
    },
    "ram_energy": {
      "process_2": 6.50578240996521e-06,
      "process_3": 6.813800395918415e-06,
      "process_1": 5.690122741602603e-06,
      "process_0": 5.533888010087767e-06
    },
    "total_energy_kwh": {
      "process_2": 0.005572138834980191,
      "process_3": 0.005720513779945979,
      "process_1": 0.004991421917354238,
      "process_0": 0.004771741580506726
    },
    "total_energy_joules": {
      "process_2": 20059.699805928685,
      "process_3": 20593.849607805525,
      "process_1": 17969.118902475257,
      "process_0": 17178.269689824214
    }
  },
  "global_experiment_results": {
    "cpu_power_avg": 112.5,
    "gpu_power_avg": 340.0041325852766,
    "ram_power_avg": 0.7146002054214478,
    "cpu_energy_total": 0.005301252713002214,
    "gpu_energy_total": 0.015730019806227347,
    "ram_energy_total": 2.4543593557573994e-05,
    "total_energy_kwh": 0.021055816112787132,
    "total_energy_joules": 75800.93800603368
  },
  "global_derived_quantities": {
    "tokens_per_joule": 0.21614508251462336,
    "joules_per_token": 4.626522095094829,
    "flops_per_joule": 223611625.91157907,
    "joules_per_flop": 4.472039393852545e-09
  },
  "per-process_emissions": [
    0.002122706289185704,
    0.0021792297244704207,
    0.001901482179416097,
    0.0018177949550940375
  ]
}