{
  "process_id": 153783,
  "local_process_index": 3,
  "energy_results": {
    "cpu_power": 112.5,
    "gpu_power": 2326.1094944746146,
    "ram_power": 0.6717495918273926,
    "cpu_energy": 0.0006517952940001239,
    "gpu_energy": 0.005060523492860014,
    "ram_energy": 4.000433788511038e-06,
    "total_energy_kwh": 0.005716319220648649,
    "total_energy_joules": 20578.749194335134,
    "final_emissions": 0.0021776318071061026
  }
}