{
  "process_id": 217579,
  "local_process_index": 3,
  "energy_results": {
    "cpu_power": 112.5,
    "gpu_power": 533.7966354778259,
    "ram_power": 0.6495823860168458,
    "cpu_energy": 0.0007456077217500478,
    "gpu_energy": 0.005094094353050194,
    "ram_energy": 4.332546937919091e-06,
    "total_energy_kwh": 0.005844034621738163,
    "total_energy_joules": 21038.524638257386,
    "final_emissions": 0.002226284989151153
  }
}