{
  "process_id": 142404,
  "local_process_index": 3,
  "energy_results": {
    "cpu_power": 112.5,
    "gpu_power": 474.4127268022985,
    "ram_power": 0.670773983001709,
    "cpu_energy": 0.000763849890312656,
    "gpu_energy": 0.005039318475896087,
    "ram_energy": 4.223051588478084e-06,
    "total_energy_kwh": 0.005807391417797222,
    "total_energy_joules": 20906.609104069998,
    "final_emissions": 0.002212325760609852
  }
}