{
  "process_id": 142403,
  "local_process_index": 2,
  "energy_results": {
    "cpu_power": 112.5,
    "gpu_power": 124.54659387628226,
    "ram_power": 0.6661605834960938,
    "cpu_energy": 0.0007197166464063683,
    "gpu_energy": 0.004774493819591941,
    "ram_energy": 3.953890736186758e-06,
    "total_energy_kwh": 0.005498164356734497,
    "total_energy_joules": 19793.391684244187,
    "final_emissions": 0.002094525711698007
  }
}