{
  "process_id": 142402,
  "local_process_index": 1,
  "energy_results": {
    "cpu_power": 112.5,
    "gpu_power": 113.35143215986727,
    "ram_power": 0.662325382232666,
    "cpu_energy": 0.0007201264689374511,
    "gpu_energy": 0.004776093265315917,
    "ram_energy": 3.929097921729456e-06,
    "total_energy_kwh": 0.005500148832175097,
    "total_energy_joules": 19800.53579583035,
    "final_emissions": 0.002095281697617103
  }
}