{
  "process_id": 2485062,
  "local_process_index": 1,
  "energy_results": {
    "cpu_power": 112.5,
    "gpu_power": 318.5880881462545,
    "ram_power": 0.7190666198730469,
    "cpu_energy": 0.0014492413666257562,
    "gpu_energy": 0.003903690622950151,
    "ram_energy": 6.451952990744314e-06,
    "total_energy_kwh": 0.005359383942566649,
    "total_energy_joules": 19293.78219323994,
    "final_emissions": 0.0020416573129207654
  }
}