{
  "experiment_id": "0387",
  "local_process_results": {
    "cpu_power": {
      "process_3": 112.5,
      "process_2": 112.5,
      "process_1": 112.5,
      "process_0": 112.5
    },
    "gpu_power": {
      "process_3": 352.7559690096097,
      "process_2": 290.956034181896,
      "process_1": 318.5880881462545,
      "process_0": 328.28623225840767
    },
    "ram_power": {
      "process_3": 0.7204656600952148,
      "process_2": 0.7208347320556641,
      "process_1": 0.7190666198730469,
      "process_0": 0.6888999938964844
    },
    "cpu_energy": {
      "process_3": 0.0013717310991241904,
      "process_2": 0.0014332460093728515,
      "process_1": 0.0014492413666257562,
      "process_0": 0.001446461162999185
    },
    "gpu_energy": {
      "process_3": 0.0036957226787988073,
      "process_2": 0.0038561166960020543,
      "process_1": 0.003903690622950151,
      "process_0": 0.0038959464500887275
    },
    "ram_energy": {
      "process_3": 6.158470975631641e-06,
      "process_2": 6.231608825107565e-06,
      "process_1": 6.451952990744314e-06,
      "process_0": 6.267109238168117e-06
    },
    "total_energy_kwh": {
      "process_3": 0.005073612248898628,
      "process_2": 0.0052955943142000104,
      "process_1": 0.005359383942566649,
      "process_0": 0.005348674722326081
    },
    "total_energy_joules": {
      "process_3": 18265.00409603506,
      "process_2": 19064.139531120036,
      "process_1": 19293.78219323994,
      "process_0": 19255.229000373893
    }
  },
  "global_experiment_results": {
    "cpu_power_avg": 112.5,
    "gpu_power_avg": 322.64658089904196,
    "ram_power_avg": 0.7123167514801025,
    "cpu_energy_total": 0.0057006796381219825,
    "gpu_energy_total": 0.01535147644783974,
    "ram_energy_total": 2.5109142029651637e-05,
    "total_energy_kwh": 0.02107726522799137,
    "total_energy_joules": 75878.15482076892
  },
  "global_derived_quantities": {
    "tokens_per_joule": 0.21592512415069257,
    "joules_per_token": 4.631235035447322,
    "flops_per_joule": 223384069.27776998,
    "joules_per_flop": 4.476594965939743e-09
  },
  "per-process_emissions": [
    0.0019327925862179325,
    0.002017356653994494,
    0.0020416573129207654,
    0.0020375776354701206
  ]
}