{
  "process_id": 2141392,
  "local_process_index": 0,
  "energy_results": {
    "cpu_power": 112.5,
    "gpu_power": 1000.4392545221945,
    "ram_power": 0.6892361640930176,
    "cpu_energy": 0.001418401973622167,
    "gpu_energy": 0.0010491544504338535,
    "ram_energy": 8.427432393539506e-06,
    "total_energy_kwh": 0.0024759838564495595,
    "total_energy_joules": 8913.541883218413,
    "final_emissions": 0.0009432260501144597
  }
}