{
  "experiment_id": "0445",
  "local_process_results": {
    "cpu_power": {
      "process_0": 112.5
    },
    "gpu_power": {
      "process_0": 1000.4392545221945
    },
    "ram_power": {
      "process_0": 0.6892361640930176
    },
    "cpu_energy": {
      "process_0": 0.001418401973622167
    },
    "gpu_energy": {
      "process_0": 0.0010491544504338535
    },
    "ram_energy": {
      "process_0": 8.427432393539506e-06
    },
    "total_energy_kwh": {
      "process_0": 0.0024759838564495595
    },
    "total_energy_joules": {
      "process_0": 8913.541883218413
    }
  },
  "global_experiment_results": {
    "cpu_power_avg": 112.5,
    "gpu_power_avg": 1000.4392545221945,
    "ram_power_avg": 0.6892361640930176,
    "cpu_energy_total": 0.001418401973622167,
    "gpu_energy_total": 0.0010491544504338535,
    "ram_energy_total": 8.427432393539506e-06,
    "total_energy_kwh": 0.0024759838564495595,
    "total_energy_joules": 8913.541883218413
  },
  "global_derived_quantities": {
    "tokens_per_joule": 1.838102093943853,
    "joules_per_token": 0.5440394215831551,
    "flops_per_joule": 1901597727.9541175,
    "joules_per_flop": 5.258735774131765e-10
  },
  "per-process_emissions": [
    0.0009432260501144597
  ]
}