{
  "process_id": 88019,
  "local_process_index": 2,
  "energy_results": {
    "cpu_power": 112.5,
    "gpu_power": 541.8323302320946,
    "ram_power": 0.9904131889343262,
    "cpu_energy": 0.004220705831125143,
    "gpu_energy": 0.01936243465660198,
    "ram_energy": 3.276591607232212e-05,
    "total_energy_kwh": 0.023615906403799444,
    "total_energy_joules": 85017.263053678,
    "final_emissions": 0.008996479544527399
  }
}