{
  "process_id": 88020,
  "local_process_index": 3,
  "energy_results": {
    "cpu_power": 112.5,
    "gpu_power": 504.4283241280552,
    "ram_power": 0.9893217086791993,
    "cpu_energy": 0.003396908146937562,
    "gpu_energy": 0.015643170847860044,
    "ram_energy": 2.585795126892437e-05,
    "total_energy_kwh": 0.019065936946066536,
    "total_energy_joules": 68637.37300583953,
    "final_emissions": 0.007263168679604047
  }
}