{
  "experiment_id": "0122",
  "local_process_results": {
    "cpu_power": {
      "process_1": 112.5,
      "process_2": 112.5,
      "process_3": 112.5,
      "process_0": 112.5
    },
    "gpu_power": {
      "process_1": 328.13377023779583,
      "process_2": 541.8323302320946,
      "process_3": 504.4283241280552,
      "process_0": 566.7352606591663
    },
    "ram_power": {
      "process_1": 0.9914517402648926,
      "process_2": 0.9904131889343262,
      "process_3": 0.9893217086791993,
      "process_0": 0.9470300674438477
    },
    "cpu_energy": {
      "process_1": 0.0047936341938748794,
      "process_2": 0.004220705831125143,
      "process_3": 0.003396908146937562,
      "process_0": 0.0022894508404066867
    },
    "gpu_energy": {
      "process_1": 0.02156976753357795,
      "process_2": 0.01936243465660198,
      "process_3": 0.015643170847860044,
      "process_0": 0.01046701670694003
    },
    "ram_energy": {
      "process_1": 3.75411757607639e-05,
      "process_2": 3.276591607232212e-05,
      "process_3": 2.585795126892437e-05,
      "process_0": 1.570739720097907e-05
    },
    "total_energy_kwh": {
      "process_1": 0.026400942903213605,
      "process_2": 0.023615906403799444,
      "process_3": 0.019065936946066536,
      "process_0": 0.012772174944547693
    },
    "total_energy_joules": {
      "process_1": 95043.39445156898,
      "process_2": 85017.263053678,
      "process_3": 68637.37300583953,
      "process_0": 45979.82980037169
    }
  },
  "global_experiment_results": {
    "cpu_power_avg": 112.5,
    "gpu_power_avg": 485.28242131427794,
    "ram_power_avg": 0.9795541763305664,
    "cpu_energy_total": 0.01470069901234427,
    "gpu_energy_total": 0.06704238974498,
    "ram_energy_total": 0.00011187244030298946,
    "total_energy_kwh": 0.08185496119762728,
    "total_energy_joules": 294677.86031145824
  },
  "global_derived_quantities": {
    "tokens_per_joule": 0.055599697862211354,
    "joules_per_token": 17.985709247525527,
    "flops_per_joule": 3510762.9969436587,
    "joules_per_flop": 2.848383672923986e-07
  },
  "per-process_emissions": [
    0.010057439198979223,
    0.008996479544527399,
    0.007263168679604047,
    0.004865560045125444
  ]
}