{
  "experiment_id": "0460",
  "local_process_results": {
    "cpu_power": {
      "process_3": 112.5,
      "process_1": 112.5,
      "process_0": 112.5,
      "process_2": 112.5
    },
    "gpu_power": {
      "process_3": 914.808145756501,
      "process_1": 27.621772559665764,
      "process_0": 33.39090707142709,
      "process_2": 35.77380319931805
    },
    "ram_power": {
      "process_3": 0.6660361289978027,
      "process_1": 0.6728239059448243,
      "process_0": 0.6336264610290527,
      "process_2": 0.6774301528930664
    },
    "cpu_energy": {
      "process_3": 0.000651104754253538,
      "process_1": 0.0007032603271236442,
      "process_0": 0.0006963172895902973,
      "process_2": 0.000747117916969728
    },
    "gpu_energy": {
      "process_3": 0.0037363504890750576,
      "process_1": 0.0037482860541793173,
      "process_0": 0.0037482860541793173,
      "process_2": 0.003746953830892963
    },
    "ram_energy": {
      "process_3": 4.3012063499291575e-06,
      "process_1": 4.5622469442705425e-06,
      "process_0": 4.277447910852756e-06,
      "process_2": 4.804450804669789e-06
    },
    "total_energy_kwh": {
      "process_3": 0.004391756449678524,
      "process_1": 0.0044561086282472314,
      "process_0": 0.0044488807916804665,
      "process_2": 0.004498876198667361
    },
    "total_energy_joules": {
      "process_3": 15810.323218842685,
      "process_1": 16041.991061690032,
      "process_0": 16015.97085004968,
      "process_2": 16195.9543152025
    }
  },
  "global_experiment_results": {
    "cpu_power_avg": 112.5,
    "gpu_power_avg": 252.89865714672797,
    "ram_power_avg": 0.6624791622161865,
    "cpu_energy_total": 0.002797800287937207,
    "gpu_energy_total": 0.014979876428326655,
    "ram_energy_total": 1.7945352009722246e-05,
    "total_energy_kwh": 0.017795622068273585,
    "total_energy_joules": 64064.23944578489
  },
  "global_derived_quantities": {
    "tokens_per_joule": 0.2557432998773856,
    "joules_per_token": 3.9101708646108944,
    "flops_per_joule": 264577729.16349238,
    "joules_per_flop": 3.779607615356253e-09
  },
  "per-process_emissions": [
    0.0016730396195050337,
    0.0016975545819307828,
    0.0016948011375906738,
    0.0017138468878823312
  ]
}