{
  "process_id": 2169258,
  "local_process_index": 3,
  "energy_results": {
    "cpu_power": 112.5,
    "gpu_power": 914.808145756501,
    "ram_power": 0.6660361289978027,
    "cpu_energy": 0.000651104754253538,
    "gpu_energy": 0.0037363504890750576,
    "ram_energy": 4.3012063499291575e-06,
    "total_energy_kwh": 0.004391756449678524,
    "total_energy_joules": 15810.323218842685,
    "final_emissions": 0.0016730396195050337
  }
}