{
  "process_id": 2169255,
  "local_process_index": 1,
  "energy_results": {
    "cpu_power": 112.5,
    "gpu_power": 27.621772559665764,
    "ram_power": 0.6728239059448243,
    "cpu_energy": 0.0007032603271236442,
    "gpu_energy": 0.0037482860541793173,
    "ram_energy": 4.5622469442705425e-06,
    "total_energy_kwh": 0.0044561086282472314,
    "total_energy_joules": 16041.991061690032,
    "final_emissions": 0.0016975545819307828
  }
}