{
  "process_id": 134262,
  "local_process_index": 1,
  "energy_results": {
    "cpu_power": 112.5,
    "gpu_power": 1161.2924604305088,
    "ram_power": 0.6685080528259277,
    "cpu_energy": 0.0006319188219376885,
    "gpu_energy": 0.004774742986457914,
    "ram_energy": 3.821206670363545e-06,
    "total_energy_kwh": 0.005410483015065966,
    "total_energy_joules": 19477.738854237476,
    "final_emissions": 0.0020611235045893796
  }
}