{
  "process_id": 134264,
  "local_process_index": 3,
  "energy_results": {
    "cpu_power": 112.5,
    "gpu_power": 451.21778318626957,
    "ram_power": 0.6679587364196777,
    "cpu_energy": 0.0007637089564061059,
    "gpu_energy": 0.005120597985364045,
    "ram_energy": 4.551182382362415e-06,
    "total_energy_kwh": 0.005888858124152511,
    "total_energy_joules": 21199.88924694904,
    "final_emissions": 0.002243360502395899
  }
}