{
  "process_id": 2529829,
  "local_process_index": 3,
  "energy_results": {
    "cpu_power": 112.5,
    "gpu_power": 334.43662633287505,
    "ram_power": 0.709146022796631,
    "cpu_energy": 0.0014355725278755926,
    "gpu_energy": 0.0036181212278276753,
    "ram_energy": 6.6462698703080985e-06,
    "total_energy_kwh": 0.005060340025573575,
    "total_energy_joules": 18217.224092064873,
    "final_emissions": 0.0019277365327422535
  }
}