{
  "process_id": 2529826,
  "local_process_index": 0,
  "energy_results": {
    "cpu_power": 112.5,
    "gpu_power": 343.2714791314625,
    "ram_power": 0.6727695465087891,
    "cpu_energy": 0.0013560244030304607,
    "gpu_energy": 0.0033930518811060573,
    "ram_energy": 6.059039232413427e-06,
    "total_energy_kwh": 0.004755135323368932,
    "total_energy_joules": 17118.487164128157,
    "final_emissions": 0.0018114688014373946
  }
}