{
  "process_id": 364434,
  "local_process_index": 1,
  "energy_results": {
    "cpu_power": 112.5,
    "gpu_power": 452.7312455831044,
    "ram_power": 0.9613838195800782,
    "cpu_energy": 0.0011364603596564398,
    "gpu_energy": 0.00416301777485617,
    "ram_energy": 7.672050530987186e-06,
    "total_energy_kwh": 0.005307150185043598,
    "total_energy_joules": 19105.74066615695,
    "final_emissions": 0.002021758862992359
  }
}