{
  "process_id": 364435,
  "local_process_index": 2,
  "energy_results": {
    "cpu_power": 112.5,
    "gpu_power": 433.2827851447016,
    "ram_power": 0.9726591110229492,
    "cpu_energy": 0.0011389110706562634,
    "gpu_energy": 0.004160143050334186,
    "ram_energy": 7.785937499193608e-06,
    "total_energy_kwh": 0.005306840058489642,
    "total_energy_joules": 19104.624210562713,
    "final_emissions": 0.0020216407202816294
  }
}