{
  "process_id": 2528493,
  "local_process_index": 1,
  "energy_results": {
    "cpu_power": 112.5,
    "gpu_power": 440.0231523744358,
    "ram_power": 0.7115707397460938,
    "cpu_energy": 0.0007234451695012469,
    "gpu_energy": 0.0024444172333102365,
    "ram_energy": 3.3672087875246737e-06,
    "total_energy_kwh": 0.0031712296115990074,
    "total_energy_joules": 11416.426601756426,
    "final_emissions": 0.001208079920538642
  }
}