{
  "experiment_id": "0189",
  "local_process_results": {
    "cpu_power": {
      "process_0": 112.5,
      "process_3": 112.5,
      "process_1": 112.5,
      "process_2": 112.5
    },
    "gpu_power": {
      "process_0": 1280.2263818392018,
      "process_3": 836.5376698908619,
      "process_1": 918.5834483316646,
      "process_2": 724.68342658884
    },
    "ram_power": {
      "process_0": 0.7008419036865234,
      "process_3": 0.654261589050293,
      "process_1": 0.6533117294311523,
      "process_2": 0.653895378112793
    },
    "cpu_energy": {
      "process_0": 0.0007261718540310085,
      "process_3": 0.0008084362644065095,
      "process_1": 0.0007154305753750807,
      "process_2": 0.0007188068384060671
    },
    "gpu_energy": {
      "process_0": 0.00477238187345802,
      "process_3": 0.005060523770638092,
      "process_1": 0.004669454846672083,
      "process_2": 0.004682912079659984
    },
    "ram_energy": {
      "process_0": 4.226933865956777e-06,
      "process_3": 4.3916978876576265e-06,
      "process_1": 3.8760199631547024e-06,
      "process_2": 3.910422032469053e-06
    },
    "total_energy_kwh": {
      "process_0": 0.005502780661354985,
      "process_3": 0.005873351732932261,
      "process_1": 0.0053887614420103196,
      "process_2": 0.005405629340098523
    },
    "total_energy_joules": {
      "process_0": 19810.010380877946,
      "process_3": 21144.066238556137,
      "process_1": 19399.54119123715,
      "process_2": 19460.26562435468
    }
  },
  "global_experiment_results": {
    "cpu_power_avg": 112.5,
    "gpu_power_avg": 940.0077316626421,
    "ram_power_avg": 0.6655776500701904,
    "cpu_energy_total": 0.0029688455322186657,
    "gpu_energy_total": 0.01918527257042818,
    "ram_energy_total": 1.6405073749238158e-05,
    "total_energy_kwh": 0.02217052317639609,
    "total_energy_joules": 79813.88343502591
  },
  "global_derived_quantities": {
    "tokens_per_joule": 0.205277569451156,
    "joules_per_token": 4.871452846376093,
    "flops_per_joule": 212368704.0858056,
    "joules_per_flop": 4.7087917417246155e-09
  },
  "per-process_emissions": [
    0.0020962842929431818,
    0.002237453342660545,
    0.0020528486713338313,
    0.0020592744971105323
  ]
}