{
  "process_id": 204435,
  "local_process_index": 3,
  "energy_results": {
    "cpu_power": 112.5,
    "gpu_power": 836.5376698908619,
    "ram_power": 0.654261589050293,
    "cpu_energy": 0.0008084362644065095,
    "gpu_energy": 0.005060523770638092,
    "ram_energy": 4.3916978876576265e-06,
    "total_energy_kwh": 0.005873351732932261,
    "total_energy_joules": 21144.066238556137,
    "final_emissions": 0.002237453342660545
  }
}