{
  "process_id": 193285,
  "local_process_index": 1,
  "energy_results": {
    "cpu_power": 112.5,
    "gpu_power": 1967.2733820821225,
    "ram_power": 0.6562914848327637,
    "cpu_energy": 0.0006809408363437227,
    "gpu_energy": 0.0047447410180119776,
    "ram_energy": 3.715157239548862e-06,
    "total_energy_kwh": 0.005429397011595251,
    "total_energy_joules": 19545.829241742904,
    "final_emissions": 0.002068328791567211
  }
}