{
  "experiment_id": "0182",
  "local_process_results": {
    "cpu_power": {
      "process_2": 112.5,
      "process_3": 112.5,
      "process_1": 112.5,
      "process_0": 112.5
    },
    "gpu_power": {
      "process_2": 985.5085684360741,
      "process_3": 388.43613020113105,
      "process_1": 1967.2733820821225,
      "process_0": 2453.7558306374963
    },
    "ram_power": {
      "process_2": 0.6534991264343262,
      "process_3": 0.6511187553405763,
      "process_1": 0.6562914848327637,
      "process_0": 0.6997675895690918
    },
    "cpu_energy": {
      "process_2": 0.0006873391187186827,
      "process_3": 0.0007744786964685774,
      "process_1": 0.0006809408363437227,
      "process_0": 0.0006802442641875929
    },
    "gpu_energy": {
      "process_2": 0.004752600468744095,
      "process_3": 0.005040289310005941,
      "process_1": 0.0047447410180119776,
      "process_0": 0.004743371016915965
    },
    "ram_energy": {
      "process_2": 3.7134916014754045e-06,
      "process_3": 4.524817423345323e-06,
      "process_1": 3.715157239548862e-06,
      "process_0": 3.962099468972801e-06
    },
    "total_energy_kwh": {
      "process_2": 0.005443653079064254,
      "process_3": 0.005819292823897863,
      "process_1": 0.005429397011595251,
      "process_0": 0.00542757738057253
    },
    "total_energy_joules": {
      "process_2": 19597.151084631314,
      "process_3": 20949.45416603231,
      "process_1": 19545.829241742904,
      "process_0": 19539.27857006111
    }
  },
  "global_experiment_results": {
    "cpu_power_avg": 112.5,
    "gpu_power_avg": 1448.743477839206,
    "ram_power_avg": 0.6651692390441895,
    "cpu_energy_total": 0.0028230029157185754,
    "gpu_energy_total": 0.019281001813677978,
    "ram_energy_total": 1.5915565733342394e-05,
    "total_energy_kwh": 0.0221199202951299,
    "total_energy_joules": 79631.71306246764
  },
  "global_derived_quantities": {
    "tokens_per_joule": 0.20574717496215936,
    "joules_per_token": 4.860334049222878,
    "flops_per_joule": 212854531.7096906,
    "joules_per_flop": 4.698044208726956e-09
  },
  "per-process_emissions": [
    0.0020737596404695278,
    0.002216859601263891,
    0.002068328791567211,
    0.0020676356031291056
  ]
}