{
  "process_id": 193287,
  "local_process_index": 3,
  "energy_results": {
    "cpu_power": 112.5,
    "gpu_power": 388.43613020113105,
    "ram_power": 0.6511187553405763,
    "cpu_energy": 0.0007744786964685774,
    "gpu_energy": 0.005040289310005941,
    "ram_energy": 4.524817423345323e-06,
    "total_energy_kwh": 0.005819292823897863,
    "total_energy_joules": 20949.45416603231,
    "final_emissions": 0.002216859601263891
  }
}