{
  "process_id": 409862,
  "local_process_index": 0,
  "energy_results": {
    "cpu_power": 112.5,
    "gpu_power": 307.02573110267167,
    "ram_power": 0.9338879585266113,
    "cpu_energy": 0.0011550524647815337,
    "gpu_energy": 0.004168873335095968,
    "ram_energy": 7.557070887821451e-06,
    "total_energy_kwh": 0.005331482870765325,
    "total_energy_joules": 19193.338334755168,
    "final_emissions": 0.0020310283996180503
  }
}