{
  "process_id": 409865,
  "local_process_index": 3,
  "energy_results": {
    "cpu_power": 112.5,
    "gpu_power": 480.2869778291142,
    "ram_power": 0.9711627960205078,
    "cpu_energy": 0.0011463496021559651,
    "gpu_energy": 0.004152211377322024,
    "ram_energy": 8.086995881437649e-06,
    "total_energy_kwh": 0.005306647975359425,
    "total_energy_joules": 19103.932711293928,
    "final_emissions": 0.002021567546213173
  }
}