{
  "process_id": 72525,
  "local_process_index": 1,
  "energy_results": {
    "cpu_power": 112.5,
    "gpu_power": 443.86245866289323,
    "ram_power": 0.6500101089477539,
    "cpu_energy": 0.007029716246906329,
    "gpu_energy": 0.04047684460367201,
    "ram_energy": 3.532686396046065e-05,
    "total_energy_kwh": 0.047541887714538836,
    "total_energy_joules": 171150.7957723398,
    "final_emissions": 0.01811108212485357
  }
}