{
  "process_id": 72526,
  "local_process_index": 2,
  "energy_results": {
    "cpu_power": 112.5,
    "gpu_power": 494.3051053042842,
    "ram_power": 0.6482806205749513,
    "cpu_energy": 0.006642295250562766,
    "gpu_energy": 0.03869503928933987,
    "ram_energy": 3.3436677521666486e-05,
    "total_energy_kwh": 0.04537077121742426,
    "total_energy_joules": 163334.77638272734,
    "final_emissions": 0.017283995295277774
  }
}