{
  "process_id": 72524,
  "local_process_index": 0,
  "energy_results": {
    "cpu_power": 112.5,
    "gpu_power": 607.8513475677056,
    "ram_power": 0.6996002197265626,
    "cpu_energy": 0.0052414073857807485,
    "gpu_energy": 0.03125217027949406,
    "ram_energy": 2.7749520005385277e-05,
    "total_energy_kwh": 0.036521327185280145,
    "total_energy_joules": 131476.77786700852,
    "final_emissions": 0.013912799591232471
  }
}