{
  "process_id": 72527,
  "local_process_index": 3,
  "energy_results": {
    "cpu_power": 112.5,
    "gpu_power": 700.4589852230454,
    "ram_power": 0.6484837532043457,
    "cpu_energy": 0.0063199332881873176,
    "gpu_energy": 0.037197613646956035,
    "ram_energy": 3.15745551523686e-05,
    "total_energy_kwh": 0.04354912149029574,
    "total_energy_joules": 156776.83736506465,
    "final_emissions": 0.01659003783172816
  }
}