{
  "experiment_id": "0154",
  "local_process_results": {
    "cpu_power": {
      "process_0": 112.5,
      "process_1": 112.5,
      "process_2": 112.5,
      "process_3": 112.5
    },
    "gpu_power": {
      "process_0": 774.1425475169659,
      "process_1": 1568.7923559559947,
      "process_2": 0.0,
      "process_3": 0.0
    },
    "ram_power": {
      "process_0": 0.7038230895996094,
      "process_1": 0.6694865226745605,
      "process_2": 0.6680903434753418,
      "process_3": 0.6651577949523927
    },
    "cpu_energy": {
      "process_0": 0.0006838431082190367,
      "process_1": 0.0007056635218127099,
      "process_2": 0.000729211754812468,
      "process_3": 0.0007750466129374444
    },
    "gpu_energy": {
      "process_0": 0.004688817084383956,
      "process_1": 0.004854628050365989,
      "process_2": 0.004758190473215962,
      "process_3": 0.0051002793579980055
    },
    "ram_energy": {
      "process_0": 4.343539762547348e-06,
      "process_1": 4.183507511804419e-06,
      "process_2": 4.3136428005097985e-06,
      "process_3": 4.6143916651423904e-06
    },
    "total_energy_kwh": {
      "process_0": 0.0053770037323655415,
      "process_1": 0.0055644750796905035,
      "process_2": 0.005491715870828939,
      "process_3": 0.005879940362600592
    },
    "total_energy_joules": {
      "process_0": 19357.21343651595,
      "process_1": 20032.110286885814,
      "process_2": 19770.17713498418,
      "process_3": 21167.785305362133
    }
  },
  "global_experiment_results": {
    "cpu_power_avg": 112.5,
    "gpu_power_avg": 585.7337258682402,
    "ram_power_avg": 0.6766394376754761,
    "cpu_energy_total": 0.002893764997781659,
    "gpu_energy_total": 0.019401914965963912,
    "ram_energy_total": 1.7455081740003954e-05,
    "total_energy_kwh": 0.022313135045485575,
    "total_energy_joules": 80327.28616374808
  },
  "global_derived_quantities": {
    "tokens_per_joule": 0.2039655611743316,
    "joules_per_token": 4.902788462142827,
    "flops_per_joule": 211011373.62712955,
    "joules_per_flop": 4.739081040091532e-09
  },
  "per-process_emissions": [
    0.002048369571844653,
    0.0021197867816080975,
    0.0020920691609922844,
    0.0022399632811326954
  ]
}