{
  "process_id": 70504,
  "local_process_index": 2,
  "energy_results": {
    "cpu_power": 112.5,
    "gpu_power": 723.637883079102,
    "ram_power": 0.9817714691162109,
    "cpu_energy": 0.0004812742758748527,
    "gpu_energy": 0.0026120998674559193,
    "ram_energy": 3.7599286589919783e-06,
    "total_energy_kwh": 0.003097134071989764,
    "total_energy_joules": 11149.68265916315,
    "final_emissions": 0.0011798532247245007
  }
}