{
  "process_id": 70502,
  "local_process_index": 0,
  "energy_results": {
    "cpu_power": 112.5,
    "gpu_power": 791.7881343381644,
    "ram_power": 0.9477167129516602,
    "cpu_energy": 0.00034414134287476375,
    "gpu_energy": 0.00190404735656996,
    "ram_energy": 2.705767955914554e-06,
    "total_energy_kwh": 0.0022508944674006384,
    "total_energy_joules": 8103.220082642299,
    "final_emissions": 0.0008574782473562732
  }
}