{
  "process_id": 183795,
  "local_process_index": 3,
  "energy_results": {
    "cpu_power": 112.5,
    "gpu_power": 728.3327076111658,
    "ram_power": 0.6560454368591309,
    "cpu_energy": 0.000749180107156235,
    "gpu_energy": 0.005085092123625817,
    "ram_energy": 4.433402054997166e-06,
    "total_energy_kwh": 0.0058387056328370514,
    "total_energy_joules": 21019.340278213385,
    "final_emissions": 0.002224254910829275
  }
}