{
  "process_id": 183792,
  "local_process_index": 1,
  "energy_results": {
    "cpu_power": 112.5,
    "gpu_power": 820.3063822772825,
    "ram_power": 0.6585516929626465,
    "cpu_energy": 0.000661630930093736,
    "gpu_energy": 0.004691080419527732,
    "ram_energy": 3.93379921086251e-06,
    "total_energy_kwh": 0.00535664514883233,
    "total_energy_joules": 19283.922535796388,
    "final_emissions": 0.0020406139694476764
  }
}