{
  "process_id": 423436,
  "local_process_index": 2,
  "energy_results": {
    "cpu_power": 112.5,
    "gpu_power": 6.115260106872989,
    "ram_power": 0.9711027145385742,
    "cpu_energy": 0.0011773284859060598,
    "gpu_energy": 0.004144954427072134,
    "ram_energy": 8.007008294083422e-06,
    "total_energy_kwh": 0.005330289921272278,
    "total_energy_joules": 19189.043716580203,
    "final_emissions": 0.0020305739455086743
  }
}