{
  "process_id": 423437,
  "local_process_index": 3,
  "energy_results": {
    "cpu_power": 112.5,
    "gpu_power": 5.655756902183269,
    "ram_power": 0.9690113067626953,
    "cpu_energy": 0.0011762950589061351,
    "gpu_energy": 0.004142751647532195,
    "ram_energy": 7.996867787775997e-06,
    "total_energy_kwh": 0.005327043574226105,
    "total_energy_joules": 19177.356867213977,
    "final_emissions": 0.002029337249601435
  }
}