{
  "process_id": 121257,
  "local_process_index": 0,
  "energy_results": {
    "cpu_power": 112.5,
    "gpu_power": 151.4145681134888,
    "ram_power": 0.695559024810791,
    "cpu_energy": 0.0007363189046875505,
    "gpu_energy": 0.004679484299140085,
    "ram_energy": 3.912002147851651e-06,
    "total_energy_kwh": 0.005419715205975489,
    "total_energy_joules": 19510.97474151176,
    "final_emissions": 0.0020646405077163624
  }
}