{
  "process_id": 1967216,
  "local_process_index": 1,
  "energy_results": {
    "cpu_power": 112.5,
    "gpu_power": 142.21376986988017,
    "ram_power": 1.5759143829345705,
    "cpu_energy": 0.0003740972819086892,
    "gpu_energy": 0.0005917965845467776,
    "ram_energy": 3.703464276613193e-06,
    "total_energy_kwh": 0.0009695973307320801,
    "total_energy_joules": 3490.5503906354884,
    "final_emissions": 0.0003693681031423859
  }
}