{
  "process_id": 2553556,
  "local_process_index": 1,
  "energy_results": {
    "cpu_power": 112.5,
    "gpu_power": 391.23392832152587,
    "ram_power": 0.7189650535583496,
    "cpu_energy": 0.0013198907132764364,
    "gpu_energy": 0.005025033742246832,
    "ram_energy": 6.286230683231623e-06,
    "total_energy_kwh": 0.006351210686206497,
    "total_energy_joules": 22864.35847034339,
    "final_emissions": 0.0024194937109103653
  }
}