{
  "experiment_id": "0426",
  "local_process_results": {
    "cpu_power": {
      "process_3": 112.5,
      "process_1": 112.5,
      "process_2": 112.5,
      "process_0": 112.5
    },
    "gpu_power": {
      "process_3": 415.51532638430433,
      "process_1": 391.23392832152587,
      "process_2": 411.54464319109786,
      "process_0": 458.2793917369088
    },
    "ram_power": {
      "process_3": 0.7234525680541992,
      "process_1": 0.7189650535583496,
      "process_2": 0.7255125045776367,
      "process_0": 0.690424919128418
    },
    "cpu_energy": {
      "process_3": 0.0014948716444350796,
      "process_1": 0.0013198907132764364,
      "process_2": 0.0012887255817531694,
      "process_0": 0.0013379164595007749
    },
    "gpu_energy": {
      "process_3": 0.00566374203099107,
      "process_1": 0.005025033742246832,
      "process_2": 0.004921172548046915,
      "process_0": 0.005089089349046949
    },
    "ram_energy": {
      "process_3": 7.22931527395556e-06,
      "process_1": 6.286230683231623e-06,
      "process_2": 6.196019199664413e-06,
      "process_0": 6.100396069019648e-06
    },
    "total_energy_kwh": {
      "process_3": 0.007165842990700108,
      "process_1": 0.006351210686206497,
      "process_2": 0.006216094148999748,
      "process_0": 0.0064331062046167455
    },
    "total_energy_joules": {
      "process_3": 25797.034766520388,
      "process_1": 22864.35847034339,
      "process_2": 22377.938936399092,
      "process_0": 23159.182336620284
    }
  },
  "global_experiment_results": {
    "cpu_power_avg": 112.5,
    "gpu_power_avg": 419.14332240845926,
    "ram_power_avg": 0.7145887613296509,
    "cpu_energy_total": 0.00544140439896546,
    "gpu_energy_total": 0.020699037670331766,
    "ram_energy_total": 2.5811961225871245e-05,
    "total_energy_kwh": 0.026166254030523098,
    "total_energy_joules": 94198.51450988316
  },
  "global_derived_quantities": {
    "tokens_per_joule": 0.17393055596732385,
    "joules_per_token": 5.749421051628611,
    "flops_per_joule": 179938835.35577026,
    "joules_per_flop": 5.557443994915421e-09
  },
  "per-process_emissions": [
    0.0027298278873072062,
    0.0024194937109103653,
    0.0023680210660614537,
    0.002450691808648749
  ]
}