{
  "process_id": 2497281,
  "local_process_index": 2,
  "energy_results": {
    "cpu_power": 112.5,
    "gpu_power": 271.9605426416404,
    "ram_power": 0.6714620590209962,
    "cpu_energy": 0.0014337446886856927,
    "gpu_energy": 0.0035205017052883925,
    "ram_energy": 6.1311064174456684e-06,
    "total_energy_kwh": 0.004960377500391531,
    "total_energy_joules": 17857.359001409513,
    "final_emissions": 0.0018896558087741538
  }
}