{
  "experiment_id": "0297",
  "local_process_results": {
    "cpu_power": {
      "process_0": 112.5,
      "process_2": 112.5,
      "process_3": 112.5,
      "process_1": 112.5
    },
    "gpu_power": {
      "process_0": 411.0982434262747,
      "process_2": 403.4928685869104,
      "process_3": 356.21093531541266,
      "process_1": 455.48279822865896
    },
    "ram_power": {
      "process_0": 0.9191365242004395,
      "process_2": 0.9453063011169434,
      "process_3": 0.9698138236999512,
      "process_1": 0.9642262458801271
    },
    "cpu_energy": {
      "process_0": 0.0011270251540000799,
      "process_2": 0.001122974109937445,
      "process_3": 0.0011366059548746535,
      "process_1": 0.0011253427911251496
    },
    "gpu_energy": {
      "process_0": 0.004004919315043987,
      "process_2": 0.003999206254918175,
      "process_3": 0.004027337666312081,
      "process_1": 0.004000361811397901
    },
    "ram_energy": {
      "process_0": 7.244058326863752e-06,
      "process_2": 7.486519781910739e-06,
      "process_3": 7.680471186803883e-06,
      "process_1": 7.593408558319037e-06
    },
    "total_energy_kwh": {
      "process_0": 0.005139188527370931,
      "process_2": 0.005129666884637531,
      "process_3": 0.005171624092373539,
      "process_1": 0.005133298011081368
    },
    "total_energy_joules": {
      "process_0": 18501.07869853535,
      "process_2": 18466.80078469511,
      "process_3": 18617.846732544742,
      "process_1": 18479.872839892927
    }
  },
  "global_experiment_results": {
    "cpu_power_avg": 112.5,
    "gpu_power_avg": 406.57121138931416,
    "ram_power_avg": 0.9496207237243652,
    "cpu_energy_total": 0.004511948009937328,
    "gpu_energy_total": 0.016031825047672144,
    "ram_energy_total": 3.000445785389741e-05,
    "total_energy_kwh": 0.020573777515463368,
    "total_energy_joules": 74065.59905566814
  },
  "global_derived_quantities": {
    "tokens_per_joule": 0.22120930916505097,
    "joules_per_token": 4.520605411112557,
    "flops_per_joule": 228850791.85564005,
    "joules_per_flop": 4.369659339570053e-09
  },
  "per-process_emissions": [
    0.0019577738695019564,
    0.0019541465997026677,
    0.0019701301979896998,
    0.0019555298773214474
  ]
}