{
  "process_id": 393273,
  "local_process_index": 2,
  "energy_results": {
    "cpu_power": 112.5,
    "gpu_power": 403.4928685869104,
    "ram_power": 0.9453063011169434,
    "cpu_energy": 0.001122974109937445,
    "gpu_energy": 0.003999206254918175,
    "ram_energy": 7.486519781910739e-06,
    "total_energy_kwh": 0.005129666884637531,
    "total_energy_joules": 18466.80078469511,
    "final_emissions": 0.0019541465997026677
  }
}