{
  "process_id": 393274,
  "local_process_index": 3,
  "energy_results": {
    "cpu_power": 112.5,
    "gpu_power": 356.21093531541266,
    "ram_power": 0.9698138236999512,
    "cpu_energy": 0.0011366059548746535,
    "gpu_energy": 0.004027337666312081,
    "ram_energy": 7.680471186803883e-06,
    "total_energy_kwh": 0.005171624092373539,
    "total_energy_joules": 18617.846732544742,
    "final_emissions": 0.0019701301979896998
  }
}