{
  "process_id": 2481774,
  "local_process_index": 0,
  "energy_results": {
    "cpu_power": 112.5,
    "gpu_power": 302.1860588481177,
    "ram_power": 0.6786003112792969,
    "cpu_energy": 0.001218492736193184,
    "gpu_energy": 0.003683277668842244,
    "ram_energy": 5.202368582425634e-06,
    "total_energy_kwh": 0.0049069727736178554,
    "total_energy_joules": 17665.10198502428,
    "final_emissions": 0.0018693112781097221
  }
}