{
  "process_id": 2481777,
  "local_process_index": 3,
  "energy_results": {
    "cpu_power": 112.5,
    "gpu_power": 420.0658483883378,
    "ram_power": 0.7060160636901855,
    "cpu_energy": 0.0011777550451542993,
    "gpu_energy": 0.0035740036925342444,
    "ram_energy": 5.675983410945812e-06,
    "total_energy_kwh": 0.0047574347210994905,
    "total_energy_joules": 17126.764995958165,
    "final_emissions": 0.001812344757002851
  }
}