{
  "process_id": 286062,
  "local_process_index": 0,
  "energy_results": {
    "cpu_power": 112.5,
    "gpu_power": 65.17718633992214,
    "ram_power": 0.9420275688171387,
    "cpu_energy": 0.02928508940903201,
    "gpu_energy": 0.015628119446930044,
    "ram_energy": 0.00023070038353874162,
    "total_energy_kwh": 0.045143909239500846,
    "total_energy_joules": 162518.07326220305,
    "final_emissions": 0.01719757222478785
  }
}