{
  "experiment_id": "0231",
  "local_process_results": {
    "cpu_power": {
      "process_0": 112.5
    },
    "gpu_power": {
      "process_0": 65.17718633992214
    },
    "ram_power": {
      "process_0": 0.9420275688171387
    },
    "cpu_energy": {
      "process_0": 0.02928508940903201
    },
    "gpu_energy": {
      "process_0": 0.015628119446930044
    },
    "ram_energy": {
      "process_0": 0.00023070038353874162
    },
    "total_energy_kwh": {
      "process_0": 0.045143909239500846
    },
    "total_energy_joules": {
      "process_0": 162518.07326220305
    }
  },
  "global_experiment_results": {
    "cpu_power_avg": 112.5,
    "gpu_power_avg": 65.17718633992214,
    "ram_power_avg": 0.9420275688171387,
    "cpu_energy_total": 0.02928508940903201,
    "gpu_energy_total": 0.015628119446930044,
    "ram_energy_total": 0.00023070038353874162,
    "total_energy_kwh": 0.045143909239500846,
    "total_energy_joules": 162518.07326220305
  },
  "global_derived_quantities": {
    "tokens_per_joule": 0.08688264459805099,
    "joules_per_token": 11.509778559646108,
    "flops_per_joule": 104295914.00462455,
    "joules_per_flop": 9.58810332642235e-09
  },
  "per-process_emissions": [
    0.01719757222478785
  ]
}