{
  "process_id": 227003,
  "local_process_index": 3,
  "energy_results": {
    "cpu_power": 112.5,
    "gpu_power": 455.15143652374445,
    "ram_power": 0.6573042869567871,
    "cpu_energy": 0.0007790753750933846,
    "gpu_energy": 0.005015803734862101,
    "ram_energy": 4.663252722050512e-06,
    "total_energy_kwh": 0.005799542362677536,
    "total_energy_joules": 20878.35250563913,
    "final_emissions": 0.0022093356630620074
  }
}