{
  "process_id": 2508435,
  "local_process_index": 3,
  "energy_results": {
    "cpu_power": 112.5,
    "gpu_power": 362.9203269316764,
    "ram_power": 0.6679744720458984,
    "cpu_energy": 0.0013613095050650375,
    "gpu_energy": 0.0032785515117279562,
    "ram_energy": 5.876034235847315e-06,
    "total_energy_kwh": 0.004645737051028841,
    "total_energy_joules": 16724.65338370383,
    "final_emissions": 0.0017697935295894372
  }
}