{
  "experiment_id": "0402",
  "local_process_results": {
    "cpu_power": {
      "process_0": 112.5,
      "process_1": 112.5,
      "process_2": 112.5,
      "process_3": 112.5
    },
    "gpu_power": {
      "process_0": 288.40988955242,
      "process_1": 230.58018618694354,
      "process_2": 270.4675759039401,
      "process_3": 362.9203269316764
    },
    "ram_power": {
      "process_0": 0.6331887245178223,
      "process_1": 0.6802024841308594,
      "process_2": 0.6641879081726074,
      "process_3": 0.6679744720458984
    },
    "cpu_energy": {
      "process_0": 0.0014037699878463171,
      "process_1": 0.0014274823274354278,
      "process_2": 0.0014288029606841517,
      "process_3": 0.0013613095050650375
    },
    "gpu_energy": {
      "process_0": 0.003385362986066287,
      "process_1": 0.003443824699501885,
      "process_2": 0.0034504466492437658,
      "process_3": 0.0032785515117279562
    },
    "ram_energy": {
      "process_0": 5.5218232026652795e-06,
      "process_1": 6.075808589405569e-06,
      "process_2": 6.043640886608966e-06,
      "process_3": 5.876034235847315e-06
    },
    "total_energy_kwh": {
      "process_0": 0.004794654797115271,
      "process_1": 0.004877382835526717,
      "process_2": 0.004885293250814529,
      "process_3": 0.004645737051028841
    },
    "total_energy_joules": {
      "process_0": 17260.757269614976,
      "process_1": 17558.578207896182,
      "process_2": 17587.055702932303,
      "process_3": 16724.65338370383
    }
  },
  "global_experiment_results": {
    "cpu_power_avg": 112.5,
    "gpu_power_avg": 288.094494643745,
    "ram_power_avg": 0.6613883972167969,
    "cpu_energy_total": 0.005621364781030934,
    "gpu_energy_total": 0.013558185846539894,
    "ram_energy_total": 2.351730691452713e-05,
    "total_energy_kwh": 0.019203067934485358,
    "total_energy_joules": 69131.04456414729
  },
  "global_derived_quantities": {
    "tokens_per_joule": 0.2369991673537805,
    "joules_per_token": 4.219424106698443,
    "flops_per_joule": 245186096.92674288,
    "joules_per_flop": 4.078534682571262e-09
  },
  "per-process_emissions": [
    0.0018265237449610625,
    0.0018580389911939028,
    0.0018610524638977947,
    0.0017697935295894372
  ]
}