{
  "experiment_id": "0400",
  "local_process_results": {
    "cpu_power": {
      "process_0": 112.5,
      "process_3": 112.5,
      "process_1": 112.5,
      "process_2": 112.5
    },
    "gpu_power": {
      "process_0": 222.74769903357543,
      "process_3": 231.1283092995596,
      "process_1": 220.55281983821345,
      "process_2": 264.66213448921485
    },
    "ram_power": {
      "process_0": 0.6346235275268555,
      "process_3": 0.6700844764709473,
      "process_1": 0.6666040420532227,
      "process_2": 0.6663951873779297
    },
    "cpu_energy": {
      "process_0": 0.0013625363724040654,
      "process_3": 0.0014254411591255124,
      "process_1": 0.001584693451342901,
      "process_2": 0.0015426175575285021
    },
    "gpu_energy": {
      "process_0": 0.003094780809155928,
      "process_3": 0.00322724591512924,
      "process_1": 0.0035693956332922827,
      "process_2": 0.0034786769496055747
    },
    "ram_energy": {
      "process_0": 5.659348759131857e-06,
      "process_3": 6.15450298802312e-06,
      "process_1": 6.574144239019027e-06,
      "process_2": 6.407333518418667e-06
    },
    "total_energy_kwh": {
      "process_0": 0.004462976530319127,
      "process_3": 0.004658841577242774,
      "process_1": 0.005160663228874198,
      "process_2": 0.0050277018406524945
    },
    "total_energy_joules": {
      "process_0": 16066.715509148857,
      "process_3": 16771.829678073987,
      "process_1": 18578.38762394711,
      "process_2": 18099.72662634898
    }
  },
  "global_experiment_results": {
    "cpu_power_avg": 112.5,
    "gpu_power_avg": 234.77274066514082,
    "ram_power_avg": 0.6594268083572388,
    "cpu_energy_total": 0.005915288540400981,
    "gpu_energy_total": 0.013370099307183025,
    "ram_energy_total": 2.4795329504592674e-05,
    "total_energy_kwh": 0.019310183177088592,
    "total_energy_joules": 69516.65943751895
  },
  "global_derived_quantities": {
    "tokens_per_joule": 0.23568451264154627,
    "joules_per_token": 4.242960170747006,
    "flops_per_joule": 243826028.61385345,
    "joules_per_flop": 4.10128486152599e-09
  },
  "per-process_emissions": [
    0.0017001709092250713,
    0.0017747856988506348,
    0.0019659546570396256,
    0.0019153030161965679
  ]
}