{
  "process_id": 2505211,
  "local_process_index": 0,
  "energy_results": {
    "cpu_power": 112.5,
    "gpu_power": 222.74769903357543,
    "ram_power": 0.6346235275268555,
    "cpu_energy": 0.0013625363724040654,
    "gpu_energy": 0.003094780809155928,
    "ram_energy": 5.659348759131857e-06,
    "total_energy_kwh": 0.004462976530319127,
    "total_energy_joules": 16066.715509148857,
    "final_emissions": 0.0017001709092250713
  }
}