{
  "process_id": 380552,
  "local_process_index": 0,
  "energy_results": {
    "cpu_power": 112.5,
    "gpu_power": 370.84861585578403,
    "ram_power": 0.9415283203125,
    "cpu_energy": 0.001154290716499645,
    "gpu_energy": 0.004134581640996282,
    "ram_energy": 7.61264605184936e-06,
    "total_energy_kwh": 0.005296485003547777,
    "total_energy_joules": 19067.346012771995,
    "final_emissions": 0.0020176959621015255
  }
}