{
  "experiment_id": "0286",
  "local_process_results": {
    "cpu_power": {
      "process_2": 112.5,
      "process_3": 112.5,
      "process_1": 112.5,
      "process_0": 112.5
    },
    "gpu_power": {
      "process_2": 433.1320111531084,
      "process_3": 333.29895681739083,
      "process_1": 419.1433936254986,
      "process_0": 370.84861585578403
    },
    "ram_power": {
      "process_2": 0.9618115425109863,
      "process_3": 0.9719266891479492,
      "process_1": 0.9781508445739747,
      "process_0": 0.9415283203125
    },
    "cpu_energy": {
      "process_2": 0.0011434431965000158,
      "process_3": 0.0011624681586873747,
      "process_1": 0.0011522386622186789,
      "process_0": 0.001154290716499645
    },
    "gpu_energy": {
      "process_2": 0.004099908557702092,
      "process_3": 0.004158209159898452,
      "process_1": 0.004129244136726107,
      "process_0": 0.004134581640996282
    },
    "ram_energy": {
      "process_2": 7.727092729353722e-06,
      "process_3": 7.90900995028182e-06,
      "process_1": 7.878535747645437e-06,
      "process_0": 7.61264605184936e-06
    },
    "total_energy_kwh": {
      "process_2": 0.005251078846931461,
      "process_3": 0.00532858632853611,
      "process_1": 0.0052893613346924285,
      "process_0": 0.005296485003547777
    },
    "total_energy_joules": {
      "process_2": 18903.88384895326,
      "process_3": 19182.910782729996,
      "process_1": 19041.700804892742,
      "process_0": 19067.346012771995
    }
  },
  "global_experiment_results": {
    "cpu_power_avg": 112.5,
    "gpu_power_avg": 389.10574436294553,
    "ram_power_avg": 0.9633543491363525,
    "cpu_energy_total": 0.004612440733905715,
    "gpu_energy_total": 0.016521943495322933,
    "ram_energy_total": 3.112728447913034e-05,
    "total_energy_kwh": 0.021165511513707776,
    "total_energy_joules": 76195.841449348
  },
  "global_derived_quantities": {
    "tokens_per_joule": 0.21502485815963382,
    "joules_per_token": 4.650625088461181,
    "flops_per_joule": 222452704.38308206,
    "joules_per_flop": 4.495337571971779e-09
  },
  "per-process_emissions": [
    0.00200039848673854,
    0.0020299249618558313,
    0.002014982200451081,
    0.0020176959621015255
  ]
}