{
  "process_id": 1509277,
  "local_process_index": 2,
  "energy_results": {
    "cpu_power": 112.5,
    "gpu_power": 169.61700703701766,
    "ram_power": 3.3655786514282227,
    "cpu_energy": 0.00016577169765878352,
    "gpu_energy": 0.00021985017587944355,
    "ram_energy": 3.885443745637119e-06,
    "total_energy_kwh": 0.0003895073172838642,
    "total_energy_joules": 1402.2263422219112,
    "final_emissions": 0.00014838281251928806
  }
}