{
  "process_id": 1509275,
  "local_process_index": 0,
  "energy_results": {
    "cpu_power": 112.5,
    "gpu_power": 136.5623402665632,
    "ram_power": 3.364112377166748,
    "cpu_energy": 0.0001566700881867291,
    "gpu_energy": 0.00020084654956598058,
    "ram_energy": 3.740404155058644e-06,
    "total_energy_kwh": 0.0003612570419077684,
    "total_energy_joules": 1300.5253508679662,
    "final_emissions": 0.00013762087011476437
  }
}