{
  "process_id": 1509276,
  "local_process_index": 1,
  "energy_results": {
    "cpu_power": 112.5,
    "gpu_power": 146.95929122528997,
    "ram_power": 3.3626747131347656,
    "cpu_energy": 0.0001539222938426974,
    "gpu_energy": 0.0002008032161979756,
    "ram_energy": 3.745621519664753e-06,
    "total_energy_kwh": 0.0003584711315603378,
    "total_energy_joules": 1290.496073617216,
    "final_emissions": 0.00013655957756791067
  }
}