{
  "process_id": 86097,
  "local_process_index": 2,
  "energy_results": {
    "cpu_power": 112.5,
    "gpu_power": 566.5097217637889,
    "ram_power": 0.8705105781555176,
    "cpu_energy": 0.00038073722650005945,
    "gpu_energy": 0.0016935530215078654,
    "ram_energy": 2.5344075095210564e-06,
    "total_energy_kwh": 0.002076824655517446,
    "total_energy_joules": 7476.568759862806,
    "final_emissions": 0.0007911663525193711
  }
}