{
  "process_id": 2174345,
  "local_process_index": 0,
  "energy_results": {
    "cpu_power": 112.5,
    "gpu_power": 447.2764375710716,
    "ram_power": 0.6769552230834961,
    "cpu_energy": 0.0008059175528160267,
    "gpu_energy": 0.003986912356197081,
    "ram_energy": 5.15002912313296e-06,
    "total_energy_kwh": 0.0047979799381362405,
    "total_energy_joules": 17272.727777290467,
    "final_emissions": 0.001827790457433001
  }
}