{
  "process_id": 2174348,
  "local_process_index": 3,
  "energy_results": {
    "cpu_power": 112.5,
    "gpu_power": 518.8485817768586,
    "ram_power": 0.7036557197570801,
    "cpu_energy": 0.0007596981654060074,
    "gpu_energy": 0.003838409737394244,
    "ram_energy": 5.087412434989377e-06,
    "total_energy_kwh": 0.004603195315235239,
    "total_energy_joules": 16571.503134846862,
    "final_emissions": 0.0017535872553388644
  }
}