{
  "process_id": 2174346,
  "local_process_index": 1,
  "energy_results": {
    "cpu_power": 112.5,
    "gpu_power": 476.3089847835034,
    "ram_power": 0.7043352127075195,
    "cpu_energy": 0.0007701870351284015,
    "gpu_energy": 0.0038891903335747102,
    "ram_energy": 5.17709914503042e-06,
    "total_energy_kwh": 0.0046645544678481435,
    "total_energy_joules": 16792.396084253316,
    "final_emissions": 0.0017769620245267504
  }
}