{
  "process_id": 316894,
  "local_process_index": 3,
  "energy_results": {
    "cpu_power": 112.5,
    "gpu_power": 256.8872334440849,
    "ram_power": 0.9695963859558105,
    "cpu_energy": 0.004582698563311738,
    "gpu_energy": 0.01152445421955578,
    "ram_energy": 3.0847866477901275e-05,
    "total_energy_kwh": 0.016138000649345424,
    "total_energy_joules": 58096.80233764353,
    "final_emissions": 0.006147771347368139
  }
}