{
  "experiment_id": "0239",
  "local_process_results": {
    "cpu_power": {
      "process_0": 112.5,
      "process_1": 112.5,
      "process_3": 112.5,
      "process_2": 112.5
    },
    "gpu_power": {
      "process_0": 290.6354064893378,
      "process_1": 434.5267925333202,
      "process_3": 256.8872334440849,
      "process_2": 451.2021913803017
    },
    "ram_power": {
      "process_0": 0.9225397109985353,
      "process_1": 0.9585514068603516,
      "process_3": 0.9695963859558105,
      "process_2": 0.9813838005065917
    },
    "cpu_energy": {
      "process_0": 0.004550596954780984,
      "process_1": 0.004503476637155474,
      "process_3": 0.004582698563311738,
      "process_2": 0.004559191364782122
    },
    "gpu_energy": {
      "process_0": 0.011440145540998037,
      "process_1": 0.011336503791418095,
      "process_3": 0.01152445421955578,
      "process_2": 0.0114839905760738
    },
    "ram_energy": {
      "process_0": 2.9031154441889206e-05,
      "process_1": 3.0237696677052638e-05,
      "process_3": 3.0847866477901275e-05,
      "process_2": 3.092078871844446e-05
    },
    "total_energy_kwh": {
      "process_0": 0.016019773650220916,
      "process_1": 0.0158702181252506,
      "process_3": 0.016138000649345424,
      "process_2": 0.016074102729574352
    },
    "total_energy_joules": {
      "process_0": 57671.1851407953,
      "process_1": 57132.78525090216,
      "process_3": 58096.80233764353,
      "process_2": 57866.769826467666
    }
  },
  "global_experiment_results": {
    "cpu_power_avg": 112.5,
    "gpu_power_avg": 358.31290596176115,
    "ram_power_avg": 0.9580178260803223,
    "cpu_energy_total": 0.018195963520030316,
    "gpu_energy_total": 0.04578509412804571,
    "ram_energy_total": 0.00012103750631528757,
    "total_energy_kwh": 0.06410209515439129,
    "total_energy_joules": 230767.54255580867
  },
  "global_derived_quantities": {
    "tokens_per_joule": 0.07099785272462095,
    "joules_per_token": 14.084933017322307,
    "flops_per_joule": 73450411.63686539,
    "joules_per_flop": 1.3614627579542269e-08
  },
  "per-process_emissions": [
    0.006102732772051658,
    0.0060457595948142165,
    0.006147771347368139,
    0.006123429434831349
  ]
}