{
  "process_id": 316892,
  "local_process_index": 1,
  "energy_results": {
    "cpu_power": 112.5,
    "gpu_power": 434.5267925333202,
    "ram_power": 0.9585514068603516,
    "cpu_energy": 0.004503476637155474,
    "gpu_energy": 0.011336503791418095,
    "ram_energy": 3.0237696677052638e-05,
    "total_energy_kwh": 0.0158702181252506,
    "total_energy_joules": 57132.78525090216,
    "final_emissions": 0.0060457595948142165
  }
}