{
  "process_id": 2562778,
  "local_process_index": 3,
  "energy_results": {
    "cpu_power": 112.5,
    "gpu_power": 474.8937172341794,
    "ram_power": 0.7074995040893555,
    "cpu_energy": 0.0013995643337793811,
    "gpu_energy": 0.005522231640003206,
    "ram_energy": 6.767469741085586e-06,
    "total_energy_kwh": 0.006928563443523673,
    "total_energy_joules": 24942.82839668522,
    "final_emissions": 0.0026394362438103432
  }
}