{
  "process_id": 64827,
  "local_process_index": 0,
  "energy_results": {
    "cpu_power": 112.5,
    "gpu_power": 473.28516894085715,
    "ram_power": 0.7012195587158203,
    "cpu_energy": 0.0007164897692188676,
    "gpu_energy": 0.0041876055723040345,
    "ram_energy": 3.8376475285984905e-06,
    "total_energy_kwh": 0.004907932989051498,
    "total_energy_joules": 17668.558760585394,
    "final_emissions": 0.0018696770721791682
  }
}