{
  "process_id": 85458,
  "local_process_index": 3,
  "energy_results": {
    "cpu_power": 112.5,
    "gpu_power": 672.9666416524083,
    "ram_power": 0.6499171257019044,
    "cpu_energy": 0.000938399515280878,
    "gpu_energy": 0.006634228362934064,
    "ram_energy": 4.752660211994232e-06,
    "total_energy_kwh": 0.007577380538426935,
    "total_energy_joules": 27278.569938336965,
    "final_emissions": 0.0028866031161137408
  }
}