{
  "experiment_id": "0281",
  "local_process_results": {
    "cpu_power": {
      "process_3": 112.5,
      "process_1": 112.5,
      "process_2": 112.5,
      "process_0": 112.5
    },
    "gpu_power": {
      "process_3": 320.67068582389214,
      "process_1": 430.5514573826835,
      "process_2": 408.89376410486153,
      "process_0": 332.57153970109135
    },
    "ram_power": {
      "process_3": 0.967979907989502,
      "process_1": 0.9679012298583984,
      "process_2": 0.9617486000061035,
      "process_0": 0.9417486190795898
    },
    "cpu_energy": {
      "process_3": 0.0011571986057813321,
      "process_1": 0.0011403549195941882,
      "process_2": 0.0011483026930942512,
      "process_0": 0.0011573727785626033
    },
    "gpu_energy": {
      "process_3": 0.00416469638730993,
      "process_1": 0.00411517773658393,
      "process_2": 0.004135424141669952,
      "process_0": 0.004161735551607981
    },
    "ram_energy": {
      "process_3": 7.81887350919857e-06,
      "process_1": 7.757410907263172e-06,
      "process_2": 7.96883740943101e-06,
      "process_0": 7.6058170166688375e-06
    },
    "total_energy_kwh": {
      "process_3": 0.005329713866600463,
      "process_1": 0.005263290067085384,
      "process_2": 0.005291695672173636,
      "process_0": 0.005326714147187251
    },
    "total_energy_joules": {
      "process_3": 19186.96991976167,
      "process_1": 18947.84424150738,
      "process_2": 19050.10441982509,
      "process_0": 19176.170929874104
    }
  },
  "global_experiment_results": {
    "cpu_power_avg": 112.5,
    "gpu_power_avg": 373.17186175313213,
    "ram_power_avg": 0.9598445892333984,
    "cpu_energy_total": 0.004603228997032375,
    "gpu_energy_total": 0.016577033817171793,
    "ram_energy_total": 3.1150938842561587e-05,
    "total_energy_kwh": 0.021211413753046734,
    "total_energy_joules": 76361.08951096825
  },
  "global_derived_quantities": {
    "tokens_per_joule": 0.21455953686525986,
    "joules_per_token": 4.660711029722183,
    "flops_per_joule": 221971308.9703541,
    "joules_per_flop": 4.505086736833891e-09
  },
  "per-process_emissions": [
    0.0020303544974814465,
    0.0020050503510561767,
    0.0020158714663145467,
    0.002029211754370983
  ]
}