{
  "process_id": 373861,
  "local_process_index": 2,
  "energy_results": {
    "cpu_power": 112.5,
    "gpu_power": 408.89376410486153,
    "ram_power": 0.9617486000061035,
    "cpu_energy": 0.0011483026930942512,
    "gpu_energy": 0.004135424141669952,
    "ram_energy": 7.96883740943101e-06,
    "total_energy_kwh": 0.005291695672173636,
    "total_energy_joules": 19050.10441982509,
    "final_emissions": 0.0020158714663145467
  }
}