{
  "process_id": 2480137,
  "local_process_index": 2,
  "energy_results": {
    "cpu_power": 112.5,
    "gpu_power": 231.06892596434776,
    "ram_power": 0.7210636138916016,
    "cpu_energy": 0.0016557581988081438,
    "gpu_energy": 0.003906372847317652,
    "ram_energy": 7.418592894295553e-06,
    "total_energy_kwh": 0.00556954963902009,
    "total_energy_joules": 20050.378700472324,
    "final_emissions": 0.0021217199349847036
  }
}