{
  "process_id": 2480138,
  "local_process_index": 3,
  "energy_results": {
    "cpu_power": 112.5,
    "gpu_power": 5.166118797503078,
    "ram_power": 0.7245669364929199,
    "cpu_energy": 0.0015243102428457859,
    "gpu_energy": 0.003563565906405275,
    "ram_energy": 6.923114865418909e-06,
    "total_energy_kwh": 0.005094799264116482,
    "total_energy_joules": 18341.277350819335,
    "final_emissions": 0.0019408637796651737
  }
}