{
  "process_id": 2480135,
  "local_process_index": 0,
  "energy_results": {
    "cpu_power": 112.5,
    "gpu_power": 281.87065439364125,
    "ram_power": 0.6888642311096191,
    "cpu_energy": 0.0013795107244668537,
    "gpu_energy": 0.0033262007165149043,
    "ram_energy": 6.312136449005664e-06,
    "total_energy_kwh": 0.004712023577430766,
    "total_energy_joules": 16963.284878750757,
    "final_emissions": 0.0017950453818222501
  }
}