{
  "process_id": 2559736,
  "local_process_index": 3,
  "energy_results": {
    "cpu_power": 112.5,
    "gpu_power": 305.09479084929615,
    "ram_power": 0.7269430160522461,
    "cpu_energy": 0.0014140680095642891,
    "gpu_energy": 0.0052820606145336235,
    "ram_energy": 6.975154441356671e-06,
    "total_energy_kwh": 0.0067031037785392706,
    "total_energy_joules": 24131.173602741375,
    "final_emissions": 0.002553547384434535
  }
}