{
  "process_id": 368483,
  "local_process_index": 1,
  "energy_results": {
    "cpu_power": 112.5,
    "gpu_power": 379.261540691146,
    "ram_power": 0.9839272499084474,
    "cpu_energy": 0.0011585036445931108,
    "gpu_energy": 0.0041543449901400575,
    "ram_energy": 7.979446297674218e-06,
    "total_energy_kwh": 0.0053208280810308406,
    "total_energy_joules": 19154.981091711026,
    "final_emissions": 0.0020269694574686988
  }
}