{
  "process_id": 368485,
  "local_process_index": 3,
  "energy_results": {
    "cpu_power": 112.5,
    "gpu_power": 391.0208910972416,
    "ram_power": 0.9683332443237305,
    "cpu_energy": 0.001157963701937319,
    "gpu_energy": 0.0041543449901400575,
    "ram_energy": 7.864298513902094e-06,
    "total_energy_kwh": 0.005320172990591278,
    "total_energy_joules": 19152.6227661286,
    "final_emissions": 0.0020267199007657473
  }
}