{
  "process_id": 331324,
  "local_process_index": 0,
  "energy_results": {
    "cpu_power": 112.5,
    "gpu_power": 302.0877388266489,
    "ram_power": 0.9234151840209962,
    "cpu_energy": 0.0011517971912185206,
    "gpu_energy": 0.0041212505192199655,
    "ram_energy": 7.4334921996557e-06,
    "total_energy_kwh": 0.005280481202638143,
    "total_energy_joules": 19009.732329497318,
    "final_emissions": 0.0020115993141450006
  }
}