{
  "process_id": 331327,
  "local_process_index": 3,
  "energy_results": {
    "cpu_power": 112.5,
    "gpu_power": 309.9873008252386,
    "ram_power": 0.9784784317016602,
    "cpu_energy": 0.0011483759106562276,
    "gpu_energy": 0.0041137955132560244,
    "ram_energy": 8.108652495053845e-06,
    "total_energy_kwh": 0.005270280076407307,
    "total_energy_joules": 18973.008275066306,
    "final_emissions": 0.002007713195107364
  }
}