{
  "process_id": 231945,
  "local_process_index": 2,
  "energy_results": {
    "cpu_power": 112.5,
    "gpu_power": 635.8737957456489,
    "ram_power": 0.6524834632873535,
    "cpu_energy": 0.0007920234862501728,
    "gpu_energy": 0.005078191284771938,
    "ram_energy": 4.557331072005112e-06,
    "total_energy_kwh": 0.005874772102094116,
    "total_energy_joules": 21149.179567538817,
    "final_emissions": 0.0022379944322927533
  }
}