{
  "process_id": 231943,
  "local_process_index": 0,
  "energy_results": {
    "cpu_power": 112.5,
    "gpu_power": 24.472879062013373,
    "ram_power": 0.7033309936523438,
    "cpu_energy": 0.0008705332805623129,
    "gpu_energy": 0.005022460406853946,
    "ram_energy": 4.8000562178497755e-06,
    "total_energy_kwh": 0.00589779374363411,
    "total_energy_joules": 21232.057477082795,
    "final_emissions": 0.0022467645266374143
  }
}