{
  "experiment_id": "0117",
  "local_process_results": {
    "cpu_power": {
      "process_0": 112.5,
      "process_3": 112.5,
      "process_2": 112.5,
      "process_1": 112.5
    },
    "gpu_power": {
      "process_0": 860.5753758328476,
      "process_3": 682.7791358029963,
      "process_2": 606.9006549992879,
      "process_1": 451.59433799810654
    },
    "ram_power": {
      "process_0": 0.7005772590637207,
      "process_3": 0.6537795066833496,
      "process_2": 0.6519126892089844,
      "process_1": 0.6602439880371094
    },
    "cpu_energy": {
      "process_0": 0.0007255553946249053,
      "process_3": 0.0009417213138750073,
      "process_2": 0.0010453227453125465,
      "process_1": 0.0011067888925934994
    },
    "gpu_energy": {
      "process_0": 0.005243008638848107,
      "process_3": 0.0066234427987500455,
      "process_2": 0.007182074078987993,
      "process_1": 0.00744444428888405
    },
    "ram_energy": {
      "process_0": 3.8693149639603445e-06,
      "process_3": 4.804021411821816e-06,
      "process_2": 5.343008105571681e-06,
      "process_1": 5.735111877239817e-06
    },
    "total_energy_kwh": {
      "process_0": 0.005972433348436974,
      "process_3": 0.0075699681340368735,
      "process_2": 0.008232739832406112,
      "process_1": 0.008556968293354792
    },
    "total_energy_joules": {
      "process_0": 21500.760054373106,
      "process_3": 27251.885282532745,
      "process_2": 29637.863396662004,
      "process_1": 30805.08585607725
    }
  },
  "global_experiment_results": {
    "cpu_power_avg": 112.5,
    "gpu_power_avg": 650.4623761583096,
    "ram_power_avg": 0.666628360748291,
    "cpu_energy_total": 0.0038193883464059586,
    "gpu_energy_total": 0.026492969805470196,
    "ram_energy_total": 1.975145635859366e-05,
    "total_energy_kwh": 0.03033210960823475,
    "total_energy_joules": 109195.5945896451
  },
  "global_derived_quantities": {
    "tokens_per_joule": 0.15004268314642866,
    "joules_per_token": 6.664770177590643,
    "flops_per_joule": 155225776.79850233,
    "joules_per_flop": 6.442228994596008e-09
  },
  "per-process_emissions": [
    0.002275198484087065,
    0.002883779360661347,
    0.0031362622391551084,
    0.003259777071353508
  ]
}