{
  "process_id": 81828,
  "local_process_index": 2,
  "energy_results": {
    "cpu_power": 112.5,
    "gpu_power": 606.9006549992879,
    "ram_power": 0.6519126892089844,
    "cpu_energy": 0.0010453227453125465,
    "gpu_energy": 0.007182074078987993,
    "ram_energy": 5.343008105571681e-06,
    "total_energy_kwh": 0.008232739832406112,
    "total_energy_joules": 29637.863396662004,
    "final_emissions": 0.0031362622391551084
  }
}