{
  "process_id": 81826,
  "local_process_index": 0,
  "energy_results": {
    "cpu_power": 112.5,
    "gpu_power": 860.5753758328476,
    "ram_power": 0.7005772590637207,
    "cpu_energy": 0.0007255553946249053,
    "gpu_energy": 0.005243008638848107,
    "ram_energy": 3.8693149639603445e-06,
    "total_energy_kwh": 0.005972433348436974,
    "total_energy_joules": 21500.760054373106,
    "final_emissions": 0.002275198484087065
  }
}