{
  "process_id": 1411738,
  "energy_results": {
    "cpu_energy": 0.00016701598449981247,
    "gpu_energy": 0.00013967622285138148,
    "ram_energy": 2.668615921445491e-06,
    "total_energy_kwh": 0.0003093608232726395,
    "total_energy_joules": 1113.6989637815022,
    "final_emissions": 0.00011785100562571203
  }
}