{
  "process_id": 1411739,
  "energy_results": {
    "cpu_energy": 0.00017835081849807468,
    "gpu_energy": 0.0001489223413599916,
    "ram_energy": 2.7458931072403756e-06,
    "total_energy_kwh": 0.0003300190529653067,
    "total_energy_joules": 1188.0685906751041,
    "final_emissions": 0.0001257207582271336
  }
}