{
  "process_id": 413986,
  "local_process_index": 3,
  "energy_results": {
    "cpu_power": 112.5,
    "gpu_power": 430.2639473379498,
    "ram_power": 0.9697794914245605,
    "cpu_energy": 0.0011403083679061865,
    "gpu_energy": 0.0041571394368199455,
    "ram_energy": 7.785883158040544e-06,
    "total_energy_kwh": 0.00530523368788417,
    "total_energy_joules": 19098.841276383013,
    "final_emissions": 0.0020210287733994745
  }
}