{
  "process_id": 413983,
  "local_process_index": 0,
  "energy_results": {
    "cpu_power": 112.5,
    "gpu_power": 432.73041210059444,
    "ram_power": 0.8919467926025391,
    "cpu_energy": 0.0011377906212500194,
    "gpu_energy": 0.004147589151402009,
    "ram_energy": 7.14300294075635e-06,
    "total_energy_kwh": 0.0052925227755927845,
    "total_energy_joules": 19053.081992134023,
    "final_emissions": 0.002016186551362071
  }
}