{
  "process_id": 385909,
  "local_process_index": 3,
  "energy_results": {
    "cpu_power": 112.5,
    "gpu_power": 454.6761057337131,
    "ram_power": 0.9611163139343262,
    "cpu_energy": 0.0011404603646249143,
    "gpu_energy": 0.0041489819302941155,
    "ram_energy": 7.707149320715297e-06,
    "total_energy_kwh": 0.005297149444239744,
    "total_energy_joules": 19069.737999263078,
    "final_emissions": 0.0020179490807831304
  }
}