{
  "experiment_id": "0290",
  "local_process_results": {
    "cpu_power": {
      "process_0": 112.5,
      "process_3": 112.5,
      "process_1": 112.5,
      "process_2": 112.5
    },
    "gpu_power": {
      "process_0": 341.44113574779465,
      "process_3": 454.6761057337131,
      "process_1": 604.9123105979407,
      "process_2": 404.57594578259335
    },
    "ram_power": {
      "process_0": 0.9251289367675781,
      "process_3": 0.9611163139343262,
      "process_1": 0.9806141853332518,
      "process_2": 0.9758119583129883
    },
    "cpu_energy": {
      "process_0": 0.0011569758758126908,
      "process_3": 0.0011404603646249143,
      "process_1": 0.0011451689439373922,
      "process_2": 0.001151182837312149
    },
    "gpu_energy": {
      "process_0": 0.004195553911995886,
      "process_3": 0.0041489819302941155,
      "process_1": 0.00417058500313211,
      "process_2": 0.004174842228760023
    },
    "ram_energy": {
      "process_0": 7.48305323381441e-06,
      "process_3": 7.707149320715297e-06,
      "process_1": 8.133438561889527e-06,
      "process_2": 7.855850339191684e-06
    },
    "total_energy_kwh": {
      "process_0": 0.005360012841042392,
      "process_3": 0.005297149444239744,
      "process_1": 0.00532388738563139,
      "process_2": 0.005333880916411361
    },
    "total_energy_joules": {
      "process_0": 19296.04622775261,
      "process_3": 19069.737999263078,
      "process_1": 19165.994588273003,
      "process_2": 19201.9712990809
    }
  },
  "global_experiment_results": {
    "cpu_power_avg": 112.5,
    "gpu_power_avg": 451.40137446551046,
    "ram_power_avg": 0.9606678485870361,
    "cpu_energy_total": 0.0045937880216871466,
    "gpu_energy_total": 0.016689963074182135,
    "ram_energy_total": 3.1179491455610915e-05,
    "total_energy_kwh": 0.021314930587324886,
    "total_energy_joules": 76733.75011436958
  },
  "global_derived_quantities": {
    "tokens_per_joule": 0.21351751967784827,
    "joules_per_token": 4.683456427879003,
    "flops_per_joule": 220893296.20784238,
    "joules_per_flop": 4.527072650765655e-09
  },
  "per-process_emissions": [
    0.002041896891795099,
    0.0020179490807831304,
    0.002028134899556278,
    0.002031941935106908
  ]
}