{
  "process_id": 158637,
  "local_process_index": 2,
  "energy_results": {
    "cpu_power": 112.5,
    "gpu_power": 1010.7004073801058,
    "ram_power": 0.6649389266967773,
    "cpu_energy": 0.0006970255460312842,
    "gpu_energy": 0.004778779378575931,
    "ram_energy": 3.816727205136295e-06,
    "total_energy_kwh": 0.005479621651812352,
    "total_energy_joules": 19726.637946524468,
    "final_emissions": 0.0020874618682579157
  }
}