{
  "experiment_id": "0233",
  "local_process_results": {
    "cpu_power": {
      "process_0": 112.5
    },
    "gpu_power": {
      "process_0": 46.22598572748724
    },
    "ram_power": {
      "process_0": 0.9232192039489746
    },
    "cpu_energy": {
      "process_0": 0.0012411549791873995
    },
    "gpu_energy": {
      "process_0": 0.00272359384553994
    },
    "ram_energy": {
      "process_0": 8.518183258561665e-06
    },
    "total_energy_kwh": {
      "process_0": 0.003973267007985901
    },
    "total_energy_joules": {
      "process_0": 14303.761228749243
    }
  },
  "global_experiment_results": {
    "cpu_power_avg": 112.5,
    "gpu_power_avg": 46.22598572748724,
    "ram_power_avg": 0.9232192039489746,
    "cpu_energy_total": 0.0012411549791873995,
    "gpu_energy_total": 0.00272359384553994,
    "ram_energy_total": 8.518183258561665e-06,
    "total_energy_kwh": 0.003973267007985901,
    "total_energy_joules": 14303.761228749243
  },
  "global_derived_quantities": {
    "tokens_per_joule": 1.1454329905248746,
    "joules_per_token": 0.873032301559402,
    "flops_per_joule": 1185000974.3649886,
    "joules_per_flop": 8.438811626596967e-10
  },
  "per-process_emissions": [
    0.001513616066692229
  ]
}