{
  "process_id": 332656,
  "local_process_index": 3,
  "energy_results": {
    "cpu_power": 112.5,
    "gpu_power": 423.81464849823425,
    "ram_power": 0.9671359062194824,
    "cpu_energy": 0.001135255012687253,
    "gpu_energy": 0.004086589658158002,
    "ram_energy": 7.687195595625487e-06,
    "total_energy_kwh": 0.005229531866440881,
    "total_energy_joules": 18826.314719187172,
    "final_emissions": 0.0019921901645206536
  }
}