{
  "process_id": 332655,
  "local_process_index": 2,
  "energy_results": {
    "cpu_power": 112.5,
    "gpu_power": 264.54179457317747,
    "ram_power": 0.9782123565673828,
    "cpu_energy": 0.0011623207380002895,
    "gpu_energy": 0.004152348877431933,
    "ram_energy": 7.956350089279877e-06,
    "total_energy_kwh": 0.005322625965521503,
    "total_energy_joules": 19161.45347587741,
    "final_emissions": 0.0020276543615654168
  }
}