{
  "process_id": 332653,
  "local_process_index": 0,
  "energy_results": {
    "cpu_power": 112.5,
    "gpu_power": 454.09129449368913,
    "ram_power": 0.9316878318786621,
    "cpu_energy": 0.0011367382023125862,
    "gpu_energy": 0.0040834066000559055,
    "ram_energy": 7.4457173164507785e-06,
    "total_energy_kwh": 0.005227590519684944,
    "total_energy_joules": 18819.3258708658,
    "final_emissions": 0.0019914506084739796
  }
}