{
  "process_id": 332654,
  "local_process_index": 1,
  "energy_results": {
    "cpu_power": 112.5,
    "gpu_power": 0.0,
    "ram_power": 0.9750494956970215,
    "cpu_energy": 0.0011779656221250433,
    "gpu_energy": 0.004113304679529861,
    "ram_energy": 8.030720865007746e-06,
    "total_energy_kwh": 0.005299301022519911,
    "total_energy_joules": 19077.483681071677,
    "final_emissions": 0.00201876872452896
  }
}