{
  "process_id": 356405,
  "local_process_index": 1,
  "energy_results": {
    "cpu_power": 112.5,
    "gpu_power": 442.72922326632846,
    "ram_power": 0.9765043258666992,
    "cpu_energy": 0.0011423127099062641,
    "gpu_energy": 0.004130352748723809,
    "ram_energy": 7.818372744001433e-06,
    "total_energy_kwh": 0.0052804838313740745,
    "total_energy_joules": 19009.74179294667,
    "final_emissions": 0.002011600315561954
  }
}