{
  "process_id": 356404,
  "local_process_index": 0,
  "energy_results": {
    "cpu_power": 112.5,
    "gpu_power": 472.9895064796256,
    "ram_power": 0.9267454147338867,
    "cpu_energy": 0.0011448842115631805,
    "gpu_energy": 0.004149156097099871,
    "ram_energy": 7.627224883339942e-06,
    "total_energy_kwh": 0.005301667533546389,
    "total_energy_joules": 19086.003120767,
    "final_emissions": 0.0020196702469044967
  }
}