{
  "process_id": 356407,
  "local_process_index": 3,
  "energy_results": {
    "cpu_power": 112.5,
    "gpu_power": 276.7426681159098,
    "ram_power": 0.9674592018127441,
    "cpu_energy": 0.0011516918935309379,
    "gpu_energy": 0.004158243604369949,
    "ram_energy": 7.792592432873334e-06,
    "total_energy_kwh": 0.005317728090333759,
    "total_energy_joules": 19143.82112520153,
    "final_emissions": 0.0020257885160126455
  }
}