{
  "experiment_id": "0268",
  "local_process_results": {
    "cpu_power": {
      "process_0": 112.5,
      "process_2": 112.5,
      "process_3": 112.5,
      "process_1": 112.5
    },
    "gpu_power": {
      "process_0": 472.9895064796256,
      "process_2": 276.18122080074755,
      "process_3": 276.7426681159098,
      "process_1": 442.72922326632846
    },
    "ram_power": {
      "process_0": 0.9267454147338867,
      "process_2": 0.9618115425109863,
      "process_3": 0.9674592018127441,
      "process_1": 0.9765043258666992
    },
    "cpu_energy": {
      "process_0": 0.0011448842115631805,
      "process_2": 0.0011516965452502746,
      "process_3": 0.0011516918935309379,
      "process_1": 0.0011423127099062641
    },
    "gpu_energy": {
      "process_0": 0.004149156097099871,
      "process_2": 0.004158243604369949,
      "process_3": 0.004158243604369949,
      "process_1": 0.004130352748723809
    },
    "ram_energy": {
      "process_0": 7.627224883339942e-06,
      "process_2": 7.730635635537237e-06,
      "process_3": 7.792592432873334e-06,
      "process_1": 7.818372744001433e-06
    },
    "total_energy_kwh": {
      "process_0": 0.005301667533546389,
      "process_2": 0.0053176707852557615,
      "process_3": 0.005317728090333759,
      "process_1": 0.0052804838313740745
    },
    "total_energy_joules": {
      "process_0": 19086.003120767,
      "process_2": 19143.61482692074,
      "process_3": 19143.82112520153,
      "process_1": 19009.74179294667
    }
  },
  "global_experiment_results": {
    "cpu_power_avg": 112.5,
    "gpu_power_avg": 367.1606546656529,
    "ram_power_avg": 0.9581301212310791,
    "cpu_energy_total": 0.004590585360250657,
    "gpu_energy_total": 0.016595996054563578,
    "ram_energy_total": 3.0968825695751944e-05,
    "total_energy_kwh": 0.02121755024050998,
    "total_energy_joules": 76383.18086583595
  },
  "global_derived_quantities": {
    "tokens_per_joule": 0.21449748248607048,
    "joules_per_token": 4.662059379018308,
    "flops_per_joule": 221907110.97674704,
    "joules_per_flop": 4.506390063835254e-09
  },
  "per-process_emissions": [
    0.0020196702469044967,
    0.0020257666856431824,
    0.0020257885160126455,
    0.002011600315561954
  ]
}