{
  "process_id": 356406,
  "local_process_index": 2,
  "energy_results": {
    "cpu_power": 112.5,
    "gpu_power": 276.18122080074755,
    "ram_power": 0.9618115425109863,
    "cpu_energy": 0.0011516965452502746,
    "gpu_energy": 0.004158243604369949,
    "ram_energy": 7.730635635537237e-06,
    "total_energy_kwh": 0.0053176707852557615,
    "total_energy_joules": 19143.61482692074,
    "final_emissions": 0.0020257666856431824
  }
}