{
  "process_id": 126250,
  "local_process_index": 3,
  "energy_results": {
    "cpu_power": 112.5,
    "gpu_power": 466.270993515815,
    "ram_power": 0.6761155128479004,
    "cpu_energy": 0.0008470391947186046,
    "gpu_energy": 0.005135158552568048,
    "ram_energy": 4.762172969120463e-06,
    "total_energy_kwh": 0.0059869599202557735,
    "total_energy_joules": 21553.055712920785,
    "final_emissions": 0.002280732381621437
  }
}