{
  "process_id": 126249,
  "local_process_index": 2,
  "energy_results": {
    "cpu_power": 112.5,
    "gpu_power": 702.7595213118028,
    "ram_power": 0.6620821952819824,
    "cpu_energy": 0.0007012743510937299,
    "gpu_energy": 0.004789706609539923,
    "ram_energy": 4.1719215404475015e-06,
    "total_energy_kwh": 0.005495152882174099,
    "total_energy_joules": 19782.550375826755,
    "final_emissions": 0.002093378490464223
  }
}