{
  "experiment_id": "0139",
  "local_process_results": {
    "cpu_power": {
      "process_3": 112.5,
      "process_1": 112.5,
      "process_0": 112.5,
      "process_2": 112.5
    },
    "gpu_power": {
      "process_3": 466.270993515815,
      "process_1": 730.472629893447,
      "process_0": 823.3372130627316,
      "process_2": 702.7595213118028
    },
    "ram_power": {
      "process_3": 0.6761155128479004,
      "process_1": 0.6682147979736328,
      "process_0": 0.7031807899475099,
      "process_2": 0.6620821952819824
    },
    "cpu_energy": {
      "process_3": 0.0008470391947186046,
      "process_1": 0.0006956208704686446,
      "process_0": 0.0006910844844375674,
      "process_2": 0.0007012743510937299
    },
    "gpu_energy": {
      "process_3": 0.005135158552568048,
      "process_1": 0.004750874078473993,
      "process_0": 0.0047425176829000715,
      "process_2": 0.004789706609539923
    },
    "ram_energy": {
      "process_3": 4.762172969120463e-06,
      "process_1": 4.195458873005194e-06,
      "process_0": 4.380354930979813e-06,
      "process_2": 4.1719215404475015e-06
    },
    "total_energy_kwh": {
      "process_3": 0.0059869599202557735,
      "process_1": 0.0054506904078156435,
      "process_0": 0.005437982522268619,
      "process_2": 0.005495152882174099
    },
    "total_energy_joules": {
      "process_3": 21553.055712920785,
      "process_1": 19622.485468136318,
      "process_0": 19576.73708016703,
      "process_2": 19782.550375826755
    }
  },
  "global_experiment_results": {
    "cpu_power_avg": 112.5,
    "gpu_power_avg": 680.7100894459492,
    "ram_power_avg": 0.6773983240127563,
    "cpu_energy_total": 0.002935018900718547,
    "gpu_energy_total": 0.019418256923482036,
    "ram_energy_total": 1.750990831355297e-05,
    "total_energy_kwh": 0.022370785732514137,
    "total_energy_joules": 80534.82863705089
  },
  "global_derived_quantities": {
    "tokens_per_joule": 0.2034399312356936,
    "joules_per_token": 4.915455849429375,
    "flops_per_joule": 210467586.2606106,
    "joules_per_flop": 4.751325454750805e-09
  },
  "per-process_emissions": [
    0.002280732381621437,
    0.0020764405108573696,
    0.0020715994418582305,
    0.002093378490464223
  ]
}