{
  "process_id": 352306,
  "local_process_index": 3,
  "energy_results": {
    "cpu_power": 112.5,
    "gpu_power": 392.3647623483215,
    "ram_power": 0.9715404510498047,
    "cpu_energy": 0.0011549750874993378,
    "gpu_energy": 0.004170517503077953,
    "ram_energy": 7.839733788880113e-06,
    "total_energy_kwh": 0.005333332324366171,
    "total_energy_joules": 19199.996367718213,
    "final_emissions": 0.002031732948967293
  }
}