{
  "process_id": 352303,
  "local_process_index": 0,
  "energy_results": {
    "cpu_power": 112.5,
    "gpu_power": 414.3771986302797,
    "ram_power": 0.9185857772827148,
    "cpu_energy": 0.0011519234185318507,
    "gpu_energy": 0.00416320416389393,
    "ram_energy": 7.434773155906938e-06,
    "total_energy_kwh": 0.005322562355581689,
    "total_energy_joules": 19161.224480094083,
    "final_emissions": 0.0020276301293588447
  }
}