{
  "experiment_id": "0265",
  "local_process_results": {
    "cpu_power": {
      "process_0": 112.5,
      "process_2": 112.5,
      "process_1": 112.5,
      "process_3": 112.5
    },
    "gpu_power": {
      "process_0": 414.3771986302797,
      "process_2": 217.73073792768014,
      "process_1": 443.7534153176056,
      "process_3": 392.3647623483215
    },
    "ram_power": {
      "process_0": 0.9185857772827148,
      "process_2": 0.9846196174621582,
      "process_1": 0.9715032577514648,
      "process_3": 0.9715404510498047
    },
    "cpu_energy": {
      "process_0": 0.0011519234185318507,
      "process_2": 0.0011465114354066372,
      "process_1": 0.0011408905647186884,
      "process_3": 0.0011549750874993378
    },
    "gpu_energy": {
      "process_0": 0.00416320416389393,
      "process_2": 0.004149793042053984,
      "process_1": 0.004127921080111896,
      "process_3": 0.004170517503077953
    },
    "ram_energy": {
      "process_0": 7.434773155906938e-06,
      "process_2": 8.133789644919055e-06,
      "process_1": 7.770352457634496e-06,
      "process_3": 7.839733788880113e-06
    },
    "total_energy_kwh": {
      "process_0": 0.005322562355581689,
      "process_2": 0.00530443826710554,
      "process_1": 0.005276581997288219,
      "process_3": 0.005333332324366171
    },
    "total_energy_joules": {
      "process_0": 19161.224480094083,
      "process_2": 19095.977761579943,
      "process_1": 18995.695190237588,
      "process_3": 19199.996367718213
    }
  },
  "global_experiment_results": {
    "cpu_power_avg": 112.5,
    "gpu_power_avg": 367.0565285559718,
    "ram_power_avg": 0.9615622758865356,
    "cpu_energy_total": 0.004594300506156514,
    "gpu_energy_total": 0.016611435789137763,
    "ram_energy_total": 3.1178649047340604e-05,
    "total_energy_kwh": 0.02123691494434162,
    "total_energy_joules": 76452.89379962982
  },
  "global_derived_quantities": {
    "tokens_per_joule": 0.21430189474501396,
    "joules_per_token": 4.666314318825062,
    "flops_per_joule": 221704766.82772824,
    "joules_per_flop": 4.510502928324641e-09
  },
  "per-process_emissions": [
    0.0020276301293588447,
    0.0020207257578538553,
    0.002010113911866947,
    0.002031732948967293
  ]
}