{
  "process_id": 2541701,
  "local_process_index": 0,
  "energy_results": {
    "cpu_power": 112.5,
    "gpu_power": 261.99400465699887,
    "ram_power": 0.6405129432678223,
    "cpu_energy": 0.0013234496625009339,
    "gpu_energy": 0.003675504051510403,
    "ram_energy": 5.493575261048759e-06,
    "total_energy_kwh": 0.005004447289272388,
    "total_energy_joules": 18016.010241380594,
    "final_emissions": 0.001906444194848316
  }
}