{
  "experiment_id": "0419",
  "local_process_results": {
    "cpu_power": {
      "process_3": 112.5,
      "process_0": 112.5,
      "process_2": 112.5,
      "process_1": 112.5
    },
    "gpu_power": {
      "process_3": 305.91567609114406,
      "process_0": 261.99400465699887,
      "process_2": 262.43442759739804,
      "process_1": 283.47797370459074
    },
    "ram_power": {
      "process_3": 0.6672449111938477,
      "process_0": 0.6405129432678223,
      "process_2": 0.6662092208862305,
      "process_1": 0.6665067672729492
    },
    "cpu_energy": {
      "process_3": 0.0011905684565272168,
      "process_0": 0.0013234496625009339,
      "process_2": 0.0013246828757837645,
      "process_1": 0.0012592634992188326
    },
    "gpu_energy": {
      "process_3": 0.0033627082457194923,
      "process_0": 0.003675504051510403,
      "process_2": 0.003675334329153568,
      "process_1": 0.003528095878028603
    },
    "ram_energy": {
      "process_3": 5.226950347868599e-06,
      "process_0": 5.493575261048759e-06,
      "process_2": 5.714204159546373e-06,
      "process_1": 5.392464953405147e-06
    },
    "total_energy_kwh": {
      "process_3": 0.0045585036525945775,
      "process_0": 0.005004447289272388,
      "process_2": 0.005005731409096878,
      "process_1": 0.00479275184220084
    },
    "total_energy_joules": {
      "process_3": 16410.61314934048,
      "process_0": 18016.010241380594,
      "process_2": 18020.633072748762,
      "process_1": 17253.906631923022
    }
  },
  "global_experiment_results": {
    "cpu_power_avg": 112.5,
    "gpu_power_avg": 278.4555205125329,
    "ram_power_avg": 0.6601184606552124,
    "cpu_energy_total": 0.005097964494030749,
    "gpu_energy_total": 0.014241642504412066,
    "ram_energy_total": 2.1827194721868878e-05,
    "total_energy_kwh": 0.019361434193164682,
    "total_energy_joules": 69701.16309539285
  },
  "global_derived_quantities": {
    "tokens_per_joule": 0.23506063991467252,
    "joules_per_token": 4.2542213803340365,
    "flops_per_joule": 243180604.74764687,
    "joules_per_flop": 4.112170051709999e-09
  },
  "per-process_emissions": [
    0.0017365619664559044,
    0.001906444194848316,
    0.0019069333802954557,
    0.00182579881428641
  ]
}