{
  "process_id": 90751,
  "local_process_index": 0,
  "energy_results": {
    "cpu_power": 112.5,
    "gpu_power": 487.38897126180734,
    "ram_power": 0.926630973815918,
    "cpu_energy": 0.0011348883941874985,
    "gpu_energy": 0.005306622856406096,
    "ram_energy": 7.892380917624673e-06,
    "total_energy_kwh": 0.0064494036315112194,
    "total_energy_joules": 23217.85307344039,
    "final_emissions": 0.002456900313424199
  }
}