{
  "process_id": 90753,
  "local_process_index": 2,
  "energy_results": {
    "cpu_power": 112.5,
    "gpu_power": 715.6385166256223,
    "ram_power": 0.976651668548584,
    "cpu_energy": 0.0012209695992187904,
    "gpu_energy": 0.00569730066894808,
    "ram_energy": 9.06806972831638e-06,
    "total_energy_kwh": 0.006927338337895186,
    "total_energy_joules": 24938.418016422667,
    "final_emissions": 0.002638969539821171
  }
}