{
  "process_id": 2486734,
  "local_process_index": 3,
  "energy_results": {
    "cpu_power": 112.5,
    "gpu_power": 358.48460150098214,
    "ram_power": 0.7248215675354004,
    "cpu_energy": 0.001445986764031659,
    "gpu_energy": 0.0036039920498591727,
    "ram_energy": 6.447143203786921e-06,
    "total_energy_kwh": 0.0050564259570946195,
    "total_energy_joules": 18203.13344554063,
    "final_emissions": 0.0019262454683551954
  }
}