{
  "process_id": 438148,
  "local_process_index": 1,
  "energy_results": {
    "cpu_power": 112.5,
    "gpu_power": 514.1052050251058,
    "ram_power": 0.9670085906982422,
    "cpu_energy": 0.0012742074446247214,
    "gpu_energy": 0.004280352313168034,
    "ram_energy": 8.821813575644333e-06,
    "total_energy_kwh": 0.0055633815713684,
    "total_energy_joules": 20028.17365692624,
    "final_emissions": 0.0021193702096127917
  }
}