{
  "process_id": 438150,
  "local_process_index": 3,
  "energy_results": {
    "cpu_power": 112.5,
    "gpu_power": 391.0407959623868,
    "ram_power": 0.9756917953491211,
    "cpu_energy": 0.0012829651515311297,
    "gpu_energy": 0.004306847889919974,
    "ram_energy": 8.944218272185448e-06,
    "total_energy_kwh": 0.005598757259723288,
    "total_energy_joules": 20155.526135003838,
    "final_emissions": 0.0021328465780915866
  }
}