{
  "process_id": 438149,
  "local_process_index": 2,
  "energy_results": {
    "cpu_power": 112.5,
    "gpu_power": 251.8417757942326,
    "ram_power": 0.9603881835937501,
    "cpu_energy": 0.001304153403562054,
    "gpu_energy": 0.0043664871042981,
    "ram_energy": 8.9128036409247e-06,
    "total_energy_kwh": 0.005679553311501079,
    "total_energy_joules": 20446.391921403883,
    "final_emissions": 0.002163625834016336
  }
}