{
  "process_id": 2532967,
  "local_process_index": 3,
  "energy_results": {
    "cpu_power": 112.5,
    "gpu_power": 212.11599950499595,
    "ram_power": 0.7053437232971191,
    "cpu_energy": 0.01035805044282188,
    "gpu_energy": 0.015869252139836476,
    "ram_energy": 4.627210568515521e-05,
    "total_energy_kwh": 0.026273574688343532,
    "total_energy_joules": 94584.86887803672,
    "final_emissions": 0.010008918277524469
  }
}