{
  "experiment_id": "0066",
  "local_process_results": {
    "cpu_power": {
      "process_0": 112.5
    },
    "gpu_power": {
      "process_0": 1162.6360623551136
    },
    "ram_power": {
      "process_0": 0.7012782096862794
    },
    "cpu_energy": {
      "process_0": 0.0007115564082505445
    },
    "gpu_energy": {
      "process_0": 0.003635247630417948
    },
    "ram_energy": {
      "process_0": 4.0386983237683384e-06
    },
    "total_energy_kwh": {
      "process_0": 0.004350842736992261
    },
    "total_energy_joules": {
      "process_0": 15663.03385317214
    }
  },
  "global_experiment_results": {
    "cpu_power_avg": 112.5,
    "gpu_power_avg": 1162.6360623551136,
    "ram_power_avg": 0.7012782096862794,
    "cpu_energy_total": 0.0007115564082505445,
    "gpu_energy_total": 0.003635247630417948,
    "ram_energy_total": 4.0386983237683384e-06,
    "total_energy_kwh": 0.004350842736992261,
    "total_energy_joules": 15663.03385317214
  },
  "global_derived_quantities": {
    "tokens_per_joule": 1.0460297892213166,
    "joules_per_token": 0.9559957185774011,
    "flops_per_joule": 1082163976.1519907,
    "joules_per_flop": 9.240743750830135e-10
  },
  "per-process_emissions": [
    0.0016574535406572019
  ]
}