{
  "process_id": 52748,
  "local_process_index": 0,
  "energy_results": {
    "cpu_power": 112.5,
    "gpu_power": 1162.6360623551136,
    "ram_power": 0.7012782096862794,
    "cpu_energy": 0.0007115564082505445,
    "gpu_energy": 0.003635247630417948,
    "ram_energy": 4.0386983237683384e-06,
    "total_energy_kwh": 0.004350842736992261,
    "total_energy_joules": 15663.03385317214,
    "final_emissions": 0.0016574535406572019
  }
}