{
  "process_id": 2559733,
  "local_process_index": 0,
  "energy_results": {
    "cpu_power": 112.5,
    "gpu_power": 442.7079148298535,
    "ram_power": 0.6888213157653809,
    "cpu_energy": 0.0013327849298721051,
    "gpu_energy": 0.005066874886830108,
    "ram_energy": 6.059740962227628e-06,
    "total_energy_kwh": 0.0064057195576644405,
    "total_energy_joules": 23060.590407591986,
    "final_emissions": 0.002440258865492269
  }
}