{
  "experiment_id": "0431",
  "local_process_results": {
    "cpu_power": {
      "process_2": 112.5,
      "process_3": 112.5,
      "process_1": 112.5,
      "process_0": 112.5
    },
    "gpu_power": {
      "process_2": 314.7415137734159,
      "process_3": 305.09479084929615,
      "process_1": 317.59688469345673,
      "process_0": 442.7079148298535
    },
    "ram_power": {
      "process_2": 0.7200965881347656,
      "process_3": 0.7269430160522461,
      "process_1": 0.7213253974914551,
      "process_0": 0.6888213157653809
    },
    "cpu_energy": {
      "process_2": 0.0013483234752793575,
      "process_3": 0.0014140680095642891,
      "process_1": 0.0012730171687207986,
      "process_0": 0.0013327849298721051
    },
    "gpu_energy": {
      "process_2": 0.00510234213742633,
      "process_3": 0.0052820606145336235,
      "process_1": 0.004806009400359468,
      "process_0": 0.005066874886830108
    },
    "ram_energy": {
      "process_2": 6.461699842695247e-06,
      "process_3": 6.975154441356671e-06,
      "process_1": 6.052149674021779e-06,
      "process_0": 6.059740962227628e-06
    },
    "total_energy_kwh": {
      "process_2": 0.006457127312548384,
      "process_3": 0.0067031037785392706,
      "process_1": 0.0060850787187542894,
      "process_0": 0.0064057195576644405
    },
    "total_energy_joules": {
      "process_2": 23245.658325174183,
      "process_3": 24131.173602741375,
      "process_1": 21906.283387515443,
      "process_0": 23060.590407591986
    }
  },
  "global_experiment_results": {
    "cpu_power_avg": 112.5,
    "gpu_power_avg": 345.0352760365056,
    "ram_power_avg": 0.7142965793609619,
    "cpu_energy_total": 0.005368193583436549,
    "gpu_energy_total": 0.02025728703914953,
    "ram_energy_total": 2.5548744920301323e-05,
    "total_energy_kwh": 0.025651029367506385,
    "total_energy_joules": 92343.70572302298
  },
  "global_derived_quantities": {
    "tokens_per_joule": 0.1774241121440632,
    "joules_per_token": 5.636212507508727,
    "flops_per_joule": 183553073.38425407,
    "joules_per_flop": 5.448015560636121e-09
  },
  "per-process_emissions": [
    0.002459842649715307,
    0.002553547384434535,
    0.0023181107379094466,
    0.002440258865492269
  ]
}