{
  "process_id": 2509988,
  "local_process_index": 2,
  "energy_results": {
    "cpu_power": 112.5,
    "gpu_power": 309.9441740466533,
    "ram_power": 0.6963815689086915,
    "cpu_energy": 0.001346362376656543,
    "gpu_energy": 0.003507544472700186,
    "ram_energy": 5.967379474320154e-06,
    "total_energy_kwh": 0.004859874228831051,
    "total_energy_joules": 17495.547223791782,
    "final_emissions": 0.0018513690874731887
  }
}