{
  "process_id": 418029,
  "local_process_index": 3,
  "energy_results": {
    "cpu_power": 112.5,
    "gpu_power": 412.0253862086145,
    "ram_power": 0.9753785133361816,
    "cpu_energy": 0.0011436426305937175,
    "gpu_energy": 0.004134590252114101,
    "ram_energy": 7.84094684890939e-06,
    "total_energy_kwh": 0.00528607382955673,
    "total_energy_joules": 19029.86578640423,
    "final_emissions": 0.0020137298253696365
  }
}