{
  "experiment_id": "0315",
  "local_process_results": {
    "cpu_power": {
      "process_1": 112.5,
      "process_2": 112.5,
      "process_0": 112.5,
      "process_3": 112.5
    },
    "gpu_power": {
      "process_1": 444.2362146365718,
      "process_2": 0.0,
      "process_0": 328.2044619660668,
      "process_3": 412.0253862086145
    },
    "ram_power": {
      "process_1": 0.9673776626586914,
      "process_2": 0.9753613471984863,
      "process_0": 0.9401121139526367,
      "process_3": 0.9753785133361816
    },
    "cpu_energy": {
      "process_1": 0.0011295780764999106,
      "process_2": 0.0011464341345309777,
      "process_0": 0.0011545280689692846,
      "process_3": 0.0011436426305937175
    },
    "gpu_energy": {
      "process_1": 0.004090368272291867,
      "process_2": 0.0041427035919379684,
      "process_0": 0.004166296666367975,
      "process_3": 0.004134590252114101
    },
    "ram_energy": {
      "process_1": 7.66086093228601e-06,
      "process_2": 8.045843570171781e-06,
      "process_0": 7.566576221588479e-06,
      "process_3": 7.84094684890939e-06
    },
    "total_energy_kwh": {
      "process_1": 0.005227607209724063,
      "process_2": 0.005297183570039118,
      "process_0": 0.005328391311558846,
      "process_3": 0.00528607382955673
    },
    "total_energy_joules": {
      "process_1": 18819.385955006626,
      "process_2": 19069.860852140824,
      "process_0": 19182.208721611845,
      "process_3": 19029.86578640423
    }
  },
  "global_experiment_results": {
    "cpu_power_avg": 112.5,
    "gpu_power_avg": 296.1165157028133,
    "ram_power_avg": 0.964557409286499,
    "cpu_energy_total": 0.00457418291059389,
    "gpu_energy_total": 0.01653395878271191,
    "ram_energy_total": 3.111422757295566e-05,
    "total_energy_kwh": 0.021139255920878758,
    "total_energy_joules": 76101.32131516353
  },
  "global_derived_quantities": {
    "tokens_per_joule": 0.21529192551267062,
    "joules_per_token": 4.644856037302461,
    "flops_per_joule": 222728997.3449468,
    "joules_per_flop": 4.489761153332322e-09
  },
  "per-process_emissions": [
    0.001991456966544382,
    0.002017962081006402,
    0.002029850670138342,
    0.0020137298253696365
  ]
}