{
  "process_id": 22701,
  "local_process_index": 3,
  "energy_results": {
    "cpu_power": 112.5,
    "gpu_power": 602.8890283379544,
    "ram_power": 0.9840617179870604,
    "cpu_energy": 0.00043325986346874845,
    "gpu_energy": 0.002420380547413989,
    "ram_energy": 3.3489897420244626e-06,
    "total_energy_kwh": 0.002856989400624762,
    "total_energy_joules": 10285.161842249143,
    "final_emissions": 0.0010883701121680031
  }
}