{
  "process_id": 209526,
  "local_process_index": 2,
  "energy_results": {
    "cpu_power": 112.5,
    "gpu_power": 908.342508168056,
    "ram_power": 0.6544718742370605,
    "cpu_energy": 0.0006092904614997678,
    "gpu_energy": 0.004657154559054022,
    "ram_energy": 3.6555516487540145e-06,
    "total_energy_kwh": 0.005270100572202544,
    "total_energy_joules": 18972.362059929157,
    "final_emissions": 0.002007644812980559
  }
}