{
  "process_id": 209527,
  "local_process_index": 3,
  "energy_results": {
    "cpu_power": 112.5,
    "gpu_power": 5386.906198450752,
    "ram_power": 0.6572427749633789,
    "cpu_energy": 0.0006916198208436981,
    "gpu_energy": 0.005014781511821942,
    "ram_energy": 4.390602819577557e-06,
    "total_energy_kwh": 0.005710791935485217,
    "total_energy_joules": 20558.85096774678,
    "final_emissions": 0.0021755261878230936
  }
}