{
  "experiment_id": "0192",
  "local_process_results": {
    "cpu_power": {
      "process_2": 112.5,
      "process_3": 112.5,
      "process_0": 112.5,
      "process_1": 112.5
    },
    "gpu_power": {
      "process_2": 908.342508168056,
      "process_3": 5386.906198450752,
      "process_0": 1573.1571757713216,
      "process_1": 944.4400215605858
    },
    "ram_power": {
      "process_2": 0.6544718742370605,
      "process_3": 0.6572427749633789,
      "process_0": 0.7008390426635742,
      "process_1": 0.649683952331543
    },
    "cpu_energy": {
      "process_2": 0.0006092904614997678,
      "process_3": 0.0006916198208436981,
      "process_0": 0.0006772580893436954,
      "process_1": 0.0006709861700313697
    },
    "gpu_energy": {
      "process_2": 0.004657154559054022,
      "process_3": 0.005014781511821942,
      "process_0": 0.004753200191446094,
      "process_1": 0.004663480119669994
    },
    "ram_energy": {
      "process_2": 3.6555516487540145e-06,
      "process_3": 4.390602819577557e-06,
      "process_0": 3.957541162948164e-06,
      "process_1": 3.6305018079849965e-06
    },
    "total_energy_kwh": {
      "process_2": 0.005270100572202544,
      "process_3": 0.005710791935485217,
      "process_0": 0.005434415821952738,
      "process_1": 0.005338096791509348
    },
    "total_energy_joules": {
      "process_2": 18972.362059929157,
      "process_3": 20558.85096774678,
      "process_0": 19563.89695902986,
      "process_1": 19217.148449433655
    }
  },
  "global_experiment_results": {
    "cpu_power_avg": 112.5,
    "gpu_power_avg": 2203.211475987679,
    "ram_power_avg": 0.6655594110488892,
    "cpu_energy_total": 0.0026491545417185315,
    "gpu_energy_total": 0.019088616381992052,
    "ram_energy_total": 1.5634197439264732e-05,
    "total_energy_kwh": 0.021753405121149847,
    "total_energy_joules": 78312.25843613945
  },
  "global_derived_quantities": {
    "tokens_per_joule": 0.2092137339310742,
    "joules_per_token": 4.779800929940152,
    "flops_per_joule": 216440839.93534717,
    "joules_per_flop": 4.6202001447541466e-09
  },
  "per-process_emissions": [
    0.002007644812980559,
    0.0021755261878230936,
    0.0020702407073728956,
    0.0020335479727254862
  ]
}