{
  "process_id": 2468119,
  "local_process_index": 3,
  "energy_results": {
    "cpu_power": 112.5,
    "gpu_power": 181.92185756493663,
    "ram_power": 0.7204070091247559,
    "cpu_energy": 0.0027589259838759973,
    "gpu_energy": 0.004376210723188612,
    "ram_energy": 1.2373639027008377e-05,
    "total_energy_kwh": 0.00714751034609162,
    "total_energy_joules": 25731.03724592983,
    "final_emissions": 0.002722844066343603
  }
}