{
  "process_id": 377886,
  "local_process_index": 3,
  "energy_results": {
    "cpu_power": 112.5,
    "gpu_power": 430.8460779738844,
    "ram_power": 0.9849929809570311,
    "cpu_energy": 0.0011368114448124511,
    "gpu_energy": 0.004123397187604239,
    "ram_energy": 7.87604357585929e-06,
    "total_energy_kwh": 0.0052680846759925485,
    "total_energy_joules": 18965.104833573176,
    "final_emissions": 0.0020068768573193612
  }
}