{
  "process_id": 2439465,
  "local_process_index": 1,
  "energy_results": {
    "cpu_power": 112.5,
    "gpu_power": 203.44796609595573,
    "ram_power": 0.7396245002746582,
    "cpu_energy": 0.003114251517405592,
    "gpu_energy": 0.004625043700031695,
    "ram_energy": 1.2647533118514433e-05,
    "total_energy_kwh": 0.007751942750555798,
    "total_energy_joules": 27906.99390200087,
    "final_emissions": 0.002953102590824231
  }
}