{
  "process_id": 86098,
  "local_process_index": 3,
  "energy_results": {
    "cpu_power": 112.5,
    "gpu_power": 631.0500663525255,
    "ram_power": 0.8714790344238281,
    "cpu_energy": 0.00038510656375001425,
    "gpu_energy": 0.0017165563732439715,
    "ram_energy": 2.5564230276992236e-06,
    "total_energy_kwh": 0.002104219360021685,
    "total_energy_joules": 7575.189696078065,
    "final_emissions": 0.0008016023652002609
  }
}