{
  "process_id": 86095,
  "local_process_index": 0,
  "energy_results": {
    "cpu_power": 112.5,
    "gpu_power": 622.4605274541221,
    "ram_power": 1.0818428993225098,
    "cpu_energy": 0.0003841798854377885,
    "gpu_energy": 0.0017126155367579998,
    "ram_energy": 3.192513820304637e-06,
    "total_energy_kwh": 0.0020999879360160934,
    "total_energy_joules": 7559.956569657937,
    "final_emissions": 0.0007999904042253308
  }
}