{
  "experiment_id": "0163",
  "local_process_results": {
    "cpu_power": {
      "process_1": 112.5,
      "process_3": 112.5,
      "process_0": 112.5,
      "process_2": 112.5
    },
    "gpu_power": {
      "process_1": 930.6941661887469,
      "process_3": 438.45454351786873,
      "process_0": 1303.0294783257818,
      "process_2": 1187.4096040019624
    },
    "ram_power": {
      "process_1": 0.6643924713134766,
      "process_3": 0.6615457534790039,
      "process_0": 0.7050046920776367,
      "process_2": 0.6640934944152832
    },
    "cpu_energy": {
      "process_1": 0.0006948537006874745,
      "process_3": 0.0007710482446250354,
      "process_0": 0.0006319230407188457,
      "process_2": 0.0006812358458126369
    },
    "gpu_energy": {
      "process_1": 0.0047634321440759575,
      "process_3": 0.005064310718111975,
      "process_0": 0.0047487929656979955,
      "process_2": 0.004751461856722011
    },
    "ram_energy": {
      "process_1": 4.145071516297734e-06,
      "process_3": 4.544858111877072e-06,
      "process_0": 4.064219226685627e-06,
      "process_2": 4.111790697226554e-06
    },
    "total_energy_kwh": {
      "process_1": 0.005462430916279729,
      "process_3": 0.005839903820848888,
      "process_0": 0.005384780225643528,
      "process_2": 0.005436809493231874
    },
    "total_energy_joules": {
      "process_1": 19664.751298607025,
      "process_3": 21023.653755055995,
      "process_0": 19385.2088123167,
      "process_2": 19572.514175634744
    }
  },
  "global_experiment_results": {
    "cpu_power_avg": 112.5,
    "gpu_power_avg": 964.89694800859,
    "ram_power_avg": 0.6737591028213501,
    "cpu_energy_total": 0.0027790608318439924,
    "gpu_energy_total": 0.01932799768460794,
    "ram_energy_total": 1.6865939552086985e-05,
    "total_energy_kwh": 0.022123924456004015,
    "total_energy_joules": 79646.12804161447
  },
  "global_derived_quantities": {
    "tokens_per_joule": 0.20570993722933387,
    "joules_per_token": 4.861213869727446,
    "flops_per_joule": 212816007.63185593,
    "joules_per_flop": 4.698894651429935e-09
  },
  "per-process_emissions": [
    0.002080913057556763,
    0.002224711360552384,
    0.002051332026958902,
    0.002071152576446682
  ]
}