{
  "experiment_id": "0147",
  "local_process_results": {
    "cpu_power": {
      "process_0": 112.5,
      "process_2": 112.5,
      "process_1": 112.5,
      "process_3": 112.5
    },
    "gpu_power": {
      "process_0": 1702.061510309675,
      "process_2": 0.0,
      "process_1": 101.9133936883801,
      "process_3": 413.21371280763583
    },
    "ram_power": {
      "process_0": 0.7042779922485352,
      "process_2": 0.6682734489440918,
      "process_1": 0.6630535125732422,
      "process_3": 0.6714363098144531
    },
    "cpu_energy": {
      "process_0": 0.0007444192353438553,
      "process_2": 0.000815028731187681,
      "process_1": 0.0007446210749379247,
      "process_3": 0.0008236226127813212
    },
    "gpu_energy": {
      "process_0": 0.0047691490930940605,
      "process_2": 0.0047691490930940605,
      "process_1": 0.004752262968474058,
      "process_3": 0.0051154596479199566
    },
    "ram_energy": {
      "process_0": 4.419038420093876e-06,
      "process_2": 4.126853876836875e-06,
      "process_1": 3.7450753097215163e-06,
      "process_3": 4.187407953864989e-06
    },
    "total_energy_kwh": {
      "process_0": 0.00551798736685801,
      "process_2": 0.005588304678158578,
      "process_1": 0.005500629118721705,
      "process_3": 0.005943269668655142
    },
    "total_energy_joules": {
      "process_0": 19864.75452068884,
      "process_2": 20117.89684137088,
      "process_1": 19802.26482739814,
      "process_3": 21395.77080715851
    }
  },
  "global_experiment_results": {
    "cpu_power_avg": 112.5,
    "gpu_power_avg": 554.2971542014227,
    "ram_power_avg": 0.6767603158950806,
    "cpu_energy_total": 0.003127691654250782,
    "gpu_energy_total": 0.019406020802582136,
    "ram_energy_total": 1.6478375560517256e-05,
    "total_energy_kwh": 0.022550190832393437,
    "total_energy_joules": 81180.68699661636
  },
  "global_derived_quantities": {
    "tokens_per_joule": 0.20182140119955982,
    "joules_per_token": 4.954875915320823,
    "flops_per_joule": 208793145.51573676,
    "joules_per_flop": 4.78942925798601e-09
  },
  "per-process_emissions": [
    0.0021020772874045593,
    0.00212886466714451,
    0.002095464662777034,
    0.0022640885802741764
  ]
}