{
  "process_id": 324638,
  "local_process_index": 3,
  "energy_results": {
    "cpu_power": 112.5,
    "gpu_power": 670.63472681991,
    "ram_power": 0.6557092666625977,
    "cpu_energy": 0.0007209807963125741,
    "gpu_energy": 0.004574291159429977,
    "ram_energy": 3.598775726587378e-06,
    "total_energy_kwh": 0.005298870731469138,
    "total_energy_joules": 19075.934633288896,
    "final_emissions": 0.002018604805153168
  }
}