{
  "process_id": 2160069,
  "local_process_index": 3,
  "energy_results": {
    "cpu_power": 112.5,
    "gpu_power": 394.2464978286182,
    "ram_power": 0.7212238311767578,
    "cpu_energy": 0.0007640128006587475,
    "gpu_energy": 0.0038870147762777307,
    "ram_energy": 5.544840268798289e-06,
    "total_energy_kwh": 0.004656572417205277,
    "total_energy_joules": 16763.660701938996,
    "final_emissions": 0.0017739212623343501
  }
}