{
  "experiment_id": "0456",
  "local_process_results": {
    "cpu_power": {
      "process_0": 112.5,
      "process_1": 112.5,
      "process_2": 112.5,
      "process_3": 112.5
    },
    "gpu_power": {
      "process_0": 447.5341004900419,
      "process_1": 479.4503072626376,
      "process_2": 416.44051395115423,
      "process_3": 394.2464978286182
    },
    "ram_power": {
      "process_0": 0.6895737648010254,
      "process_1": 0.7184872627258301,
      "process_2": 0.7192840576171875,
      "process_3": 0.7212238311767578
    },
    "cpu_energy": {
      "process_0": 0.0007636403119067836,
      "process_1": 0.0007200531098824285,
      "process_2": 0.0007594965264324854,
      "process_3": 0.0007640128006587475
    },
    "gpu_energy": {
      "process_0": 0.003874792544277028,
      "process_1": 0.0038574939193249946,
      "process_2": 0.0038658944816010177,
      "process_3": 0.0038870147762777307
    },
    "ram_energy": {
      "process_0": 5.33742234538605e-06,
      "process_1": 5.260042265741002e-06,
      "process_2": 5.545471581601961e-06,
      "process_3": 5.544840268798289e-06
    },
    "total_energy_kwh": {
      "process_0": 0.004643770278529198,
      "process_1": 0.004582807071473162,
      "process_2": 0.004630936479615104,
      "process_3": 0.004656572417205277
    },
    "total_energy_joules": {
      "process_0": 16717.573002705114,
      "process_1": 16498.105457303383,
      "process_2": 16671.371326614375,
      "process_3": 16763.660701938996
    }
  },
  "global_experiment_results": {
    "cpu_power_avg": 112.5,
    "gpu_power_avg": 434.41785488311297,
    "ram_power_avg": 0.7121422290802002,
    "cpu_energy_total": 0.003007202748880445,
    "gpu_energy_total": 0.015485195721480771,
    "ram_energy_total": 2.16877764615273e-05,
    "total_energy_kwh": 0.018514086246822742,
    "total_energy_joules": 66650.71048856186
  },
  "global_derived_quantities": {
    "tokens_per_joule": 0.24581883493667647,
    "joules_per_token": 4.068036528842887,
    "flops_per_joule": 254310432.2355399,
    "joules_per_flop": 3.932202038309657e-09
  },
  "per-process_emissions": [
    0.0017690442876056982,
    0.0017458203538777012,
    0.001764155251909374,
    0.0017739212623343501
  ]
}