{
  "process_id": 2420587,
  "local_process_index": 0,
  "energy_results": {
    "cpu_power": 112.5,
    "gpu_power": 226.08901614103695,
    "ram_power": 0.667393684387207,
    "cpu_energy": 0.001785023112592625,
    "gpu_energy": 0.003241839815692371,
    "ram_energy": 4.599407548249793e-06,
    "total_energy_kwh": 0.005031462335833248,
    "total_energy_joules": 18113.264408999694,
    "final_emissions": 0.001916735576835676
  }
}