{
  "process_id": 2420589,
  "local_process_index": 2,
  "energy_results": {
    "cpu_power": 112.5,
    "gpu_power": 193.57273259108436,
    "ram_power": 0.6992440223693848,
    "cpu_energy": 0.000989520255156549,
    "gpu_energy": 0.0017031416402897293,
    "ram_energy": 3.2999916503113576e-06,
    "total_energy_kwh": 0.0026959618870965895,
    "total_energy_joules": 9705.462793547722,
    "final_emissions": 0.0010270266808894458
  }
}