{
  "process_id": 2420588,
  "local_process_index": 1,
  "energy_results": {
    "cpu_power": 112.5,
    "gpu_power": 185.32420724737398,
    "ram_power": 0.7010550498962402,
    "cpu_energy": 0.0008001227740305692,
    "gpu_energy": 0.0013846033299047544,
    "ram_energy": 2.6087913634645527e-06,
    "total_energy_kwh": 0.002187334895298789,
    "total_energy_joules": 7874.4056230756405,
    "final_emissions": 0.0008332652283640738
  }
}