{
  "process_id": 2456156,
  "local_process_index": 1,
  "energy_results": {
    "cpu_power": 112.5,
    "gpu_power": 229.06720485142023,
    "ram_power": 0.7089257240295411,
    "cpu_energy": 0.001920820514311345,
    "gpu_energy": 0.0036450626382695805,
    "ram_energy": 8.371039266471178e-06,
    "total_energy_kwh": 0.005574254191847396,
    "total_energy_joules": 20067.315090650627,
    "final_emissions": 0.0021235121343842656
  }
}