{
  "process_id": 2456157,
  "local_process_index": 2,
  "energy_results": {
    "cpu_power": 112.5,
    "gpu_power": 194.27193762427052,
    "ram_power": 0.7104120254516602,
    "cpu_energy": 0.001709183523593311,
    "gpu_energy": 0.003256504549646877,
    "ram_energy": 7.069619804793643e-06,
    "total_energy_kwh": 0.00497275769304498,
    "total_energy_joules": 17901.92769496193,
    "final_emissions": 0.0018943720431654854
  }
}