{
  "process_id": 21668,
  "local_process_index": 0,
  "energy_results": {
    "cpu_power": 112.5,
    "gpu_power": 160.9501303576273,
    "ram_power": 0.6992354393005371,
    "cpu_energy": 0.0030264088215937045,
    "gpu_energy": 0.004555453366582002,
    "ram_energy": 1.6420306080058267e-05,
    "total_energy_kwh": 0.007598282494255767,
    "total_energy_joules": 27353.81697932076,
    "final_emissions": 0.0028945657161867345
  }
}