{
  "experiment_id": "0332",
  "local_process_results": {
    "cpu_power": {
      "process_0": 112.5,
      "process_1": 112.5,
      "process_2": 112.5,
      "process_3": 112.5
    },
    "gpu_power": {
      "process_0": 309.0588786128148,
      "process_1": 398.1893540214666,
      "process_2": 337.4327131091097,
      "process_3": 299.5179472319089
    },
    "ram_power": {
      "process_0": 0.9169220924377441,
      "process_1": 0.9751253128051758,
      "process_2": 0.9786887168884276,
      "process_3": 0.9758305549621583
    },
    "cpu_energy": {
      "process_0": 0.0013977257129373583,
      "process_1": 0.0013753497628754302,
      "process_2": 0.0014077143324684586,
      "process_3": 0.0014364733160625747
    },
    "gpu_energy": {
      "process_0": 0.0044302018774918794,
      "process_1": 0.004370046273811989,
      "process_2": 0.004468829963949927,
      "process_3": 0.004539245575837958
    },
    "ram_energy": {
      "process_0": 9.146326378428975e-06,
      "process_1": 9.688351347638887e-06,
      "process_2": 9.95485464278705e-06,
      "process_3": 1.0061019205793366e-05
    },
    "total_energy_kwh": {
      "process_0": 0.0058370739168076705,
      "process_1": 0.005755084388035059,
      "process_2": 0.005886499151061172,
      "process_3": 0.005985779911106326
    },
    "total_energy_joules": {
      "process_0": 21013.466100507612,
      "process_1": 20718.30379692621,
      "process_2": 21191.39694382022,
      "process_3": 21548.807679982772
    }
  },
  "global_experiment_results": {
    "cpu_power_avg": 112.5,
    "gpu_power_avg": 336.049723243825,
    "ram_power_avg": 0.9616416692733765,
    "cpu_energy_total": 0.005617263124343821,
    "gpu_energy_total": 0.017808323691091754,
    "ram_energy_total": 3.8850551574648276e-05,
    "total_energy_kwh": 0.023464437367010225,
    "total_energy_joules": 84471.97452123681
  },
  "global_derived_quantities": {
    "tokens_per_joule": 0.19395781965391318,
    "joules_per_token": 5.155760163649708,
    "flops_per_joule": 200657923.40263888,
    "joules_per_flop": 4.9836058454238386e-09
  },
  "per-process_emissions": [
    0.0022236333086078823,
    0.0021923993976219556,
    0.0022424618515967535,
    0.002280282857135955
  ]
}