{
  "process_id": 439574,
  "local_process_index": 1,
  "energy_results": {
    "cpu_power": 112.5,
    "gpu_power": 398.1893540214666,
    "ram_power": 0.9751253128051758,
    "cpu_energy": 0.0013753497628754302,
    "gpu_energy": 0.004370046273811989,
    "ram_energy": 9.688351347638887e-06,
    "total_energy_kwh": 0.005755084388035059,
    "total_energy_joules": 20718.30379692621,
    "final_emissions": 0.0021923993976219556
  }
}