{
  "process_id": 439576,
  "local_process_index": 3,
  "energy_results": {
    "cpu_power": 112.5,
    "gpu_power": 299.5179472319089,
    "ram_power": 0.9758305549621583,
    "cpu_energy": 0.0014364733160625747,
    "gpu_energy": 0.004539245575837958,
    "ram_energy": 1.0061019205793366e-05,
    "total_energy_kwh": 0.005985779911106326,
    "total_energy_joules": 21548.807679982772,
    "final_emissions": 0.002280282857135955
  }
}