{
  "process_id": 177388,
  "local_process_index": 1,
  "energy_results": {
    "cpu_power": 112.5,
    "gpu_power": 949.2192545862339,
    "ram_power": 0.6199193000793457,
    "cpu_energy": 0.0007307294582499256,
    "gpu_energy": 0.004667322900521881,
    "ram_energy": 3.7544635120926917e-06,
    "total_energy_kwh": 0.005401806822283897,
    "total_energy_joules": 19446.504560222027,
    "final_emissions": 0.0020578183089490507
  }
}