{
  "experiment_id": "0172",
  "local_process_results": {
    "cpu_power": {
      "process_2": 112.5,
      "process_1": 112.5,
      "process_0": 112.5,
      "process_3": 112.5
    },
    "gpu_power": {
      "process_2": 577.7409622135535,
      "process_1": 949.2192545862339,
      "process_0": 38.68928474053624,
      "process_3": 605.0472158828413
    },
    "ram_power": {
      "process_2": 0.6267414093017578,
      "process_1": 0.6199193000793457,
      "process_0": 0.6891360282897949,
      "process_3": 0.6203012466430664
    },
    "cpu_energy": {
      "process_2": 0.0007286934662811858,
      "process_1": 0.0007307294582499256,
      "process_0": 0.0007770778524064211,
      "process_3": 0.0008781448772499515
    },
    "gpu_energy": {
      "process_2": 0.004667322900521881,
      "process_1": 0.004667322900521881,
      "process_0": 0.004655307890909899,
      "process_3": 0.004987328434303967
    },
    "ram_energy": {
      "process_2": 3.7934220222847556e-06,
      "process_1": 3.7544635120926917e-06,
      "process_0": 4.1307071933460895e-06,
      "process_3": 4.248565787701497e-06
    },
    "total_energy_kwh": {
      "process_2": 0.005399809788825352,
      "process_1": 0.005401806822283897,
      "process_0": 0.005436516450509665,
      "process_3": 0.005869721877341622
    },
    "total_energy_joules": {
      "process_2": 19439.315239771266,
      "process_1": 19446.504560222027,
      "process_0": 19571.459221834793,
      "process_3": 21130.99875842984
    }
  },
  "global_experiment_results": {
    "cpu_power_avg": 112.5,
    "gpu_power_avg": 542.6741793557912,
    "ram_power_avg": 0.6390244960784912,
    "cpu_energy_total": 0.0031146456541874842,
    "gpu_energy_total": 0.018977282126257627,
    "ram_energy_total": 1.5927158515425034e-05,
    "total_energy_kwh": 0.022107854938960534,
    "total_energy_joules": 79588.27778025792
  },
  "global_derived_quantities": {
    "tokens_per_joule": 0.20585946143018682,
    "joules_per_token": 4.857682969986445,
    "flops_per_joule": 212970697.01584226,
    "joules_per_flop": 4.695481650818906e-09
  },
  "per-process_emissions": [
    0.0020570575390530177,
    0.0020578183089490507,
    0.002071040941821657,
    0.0022360705491732908
  ]
}