{
  "process_id": 177390,
  "local_process_index": 3,
  "energy_results": {
    "cpu_power": 112.5,
    "gpu_power": 605.0472158828413,
    "ram_power": 0.6203012466430664,
    "cpu_energy": 0.0008781448772499515,
    "gpu_energy": 0.004987328434303967,
    "ram_energy": 4.248565787701497e-06,
    "total_energy_kwh": 0.005869721877341622,
    "total_energy_joules": 21130.99875842984,
    "final_emissions": 0.0022360705491732908
  }
}