{
  "process_id": 2517423,
  "local_process_index": 3,
  "energy_results": {
    "cpu_power": 112.5,
    "gpu_power": 351.34276920730275,
    "ram_power": 0.6941571235656738,
    "cpu_energy": 0.0008894043810623771,
    "gpu_energy": 0.004995203718381136,
    "ram_energy": 4.195554869060256e-06,
    "total_energy_kwh": 0.005888803654312572,
    "total_energy_joules": 21199.69315552526,
    "final_emissions": 0.0022433397521103744
  }
}