{
  "process_id": 2517420,
  "local_process_index": 0,
  "energy_results": {
    "cpu_power": 112.5,
    "gpu_power": 662.8708872305718,
    "ram_power": 0.6598191261291504,
    "cpu_energy": 0.000803917208373605,
    "gpu_energy": 0.004669072624142956,
    "ram_energy": 3.6320228708308007e-06,
    "total_energy_kwh": 0.005476621855387392,
    "total_energy_joules": 19715.838679394612,
    "final_emissions": 0.002086319095809827
  }
}