{
  "experiment_id": "0408",
  "local_process_results": {
    "cpu_power": {
      "process_2": 112.5,
      "process_3": 112.5,
      "process_0": 112.5,
      "process_1": 112.5
    },
    "gpu_power": {
      "process_2": 570.9761225400529,
      "process_3": 351.34276920730275,
      "process_0": 662.8708872305718,
      "process_1": 0.0
    },
    "ram_power": {
      "process_2": 0.6934790611267091,
      "process_3": 0.6941571235656738,
      "process_0": 0.6598191261291504,
      "process_1": 0.6199464797973633
    },
    "cpu_energy": {
      "process_2": 0.000817230513002869,
      "process_3": 0.0008894043810623771,
      "process_0": 0.000803917208373605,
      "process_1": 0.0009056790871563863
    },
    "gpu_energy": {
      "process_2": 0.004734430176429383,
      "process_3": 0.004995203718381136,
      "process_0": 0.004669072624142956,
      "process_1": 0.004937236727563743
    },
    "ram_energy": {
      "process_2": 3.874900679723348e-06,
      "process_3": 4.195554869060256e-06,
      "process_0": 3.6320228708308007e-06,
      "process_1": 3.8213676469162365e-06
    },
    "total_energy_kwh": {
      "process_2": 0.005555535590111973,
      "process_3": 0.005888803654312572,
      "process_0": 0.005476621855387392,
      "process_1": 0.005846737182367045
    },
    "total_energy_joules": {
      "process_2": 19999.9281244031,
      "process_3": 21199.69315552526,
      "process_0": 19715.838679394612,
      "process_1": 21048.25385652136
    }
  },
  "global_experiment_results": {
    "cpu_power_avg": 112.5,
    "gpu_power_avg": 396.2974447444818,
    "ram_power_avg": 0.6668504476547241,
    "cpu_energy_total": 0.003416231189595237,
    "gpu_energy_total": 0.019335943246517218,
    "ram_energy_total": 1.552384606653064e-05,
    "total_energy_kwh": 0.02276769828217898,
    "total_energy_joules": 81963.71381584433
  },
  "global_derived_quantities": {
    "tokens_per_joule": 0.1998933337356027,
    "joules_per_token": 5.002668079580342,
    "flops_per_joule": 247043751.1224358,
    "joules_per_flop": 4.047865997243525e-09
  },
  "per-process_emissions": [
    0.002116381283053156,
    0.0022433397521103744,
    0.002086319095809827,
    0.002227314529622726
  ]
}