{
  "process_id": 215985,
  "local_process_index": 3,
  "energy_results": {
    "cpu_power": 112.5,
    "gpu_power": 27.59374695845666,
    "ram_power": 0.6498942375183107,
    "cpu_energy": 0.0007608768421566767,
    "gpu_energy": 0.0050181095700399525,
    "ram_energy": 4.107884630773363e-06,
    "total_energy_kwh": 0.0057830942968274054,
    "total_energy_joules": 20819.139468578658,
    "final_emissions": 0.0022030697723764
  }
}