{
  "process_id": 215982,
  "local_process_index": 0,
  "energy_results": {
    "cpu_power": 112.5,
    "gpu_power": 1252.4239999544654,
    "ram_power": 0.7031164169311525,
    "cpu_energy": 0.0007536885449062539,
    "gpu_energy": 0.004779082434373971,
    "ram_energy": 4.040127171832096e-06,
    "total_energy_kwh": 0.005536811106452056,
    "total_energy_joules": 19932.5199832274,
    "final_emissions": 0.0021092481910029107
  }
}