{
  "process_id": 327001,
  "local_process_index": 2,
  "energy_results": {
    "cpu_power": 112.5,
    "gpu_power": 185.55492140099304,
    "ram_power": 0.9891300201416017,
    "cpu_energy": 0.002257495021155933,
    "gpu_energy": 0.0040391737868919475,
    "ram_energy": 1.5724046837775314e-05,
    "total_energy_kwh": 0.006312392854885656,
    "total_energy_joules": 22724.614277588364,
    "final_emissions": 0.002404706058068691
  }
}