{
  "experiment_id": "0246",
  "local_process_results": {
    "cpu_power": {
      "process_1": 112.5,
      "process_3": 112.5,
      "process_0": 112.5,
      "process_2": 112.5
    },
    "gpu_power": {
      "process_1": 236.3588167875678,
      "process_3": 201.72159949714856,
      "process_0": 193.82907757931656,
      "process_2": 185.55492140099304
    },
    "ram_power": {
      "process_1": 0.9894604682922363,
      "process_3": 0.9780035018920898,
      "process_0": 0.9510054588317871,
      "process_2": 0.9891300201416017
    },
    "cpu_energy": {
      "process_1": 0.002270227963062894,
      "process_3": 0.0022345661305934066,
      "process_0": 0.0022273494689998186,
      "process_2": 0.002257495021155933
    },
    "gpu_energy": {
      "process_1": 0.00406462686280995,
      "process_3": 0.004014785156270018,
      "process_0": 0.0039866081892838134,
      "process_2": 0.0040391737868919475
    },
    "ram_energy": {
      "process_1": 1.587767522851536e-05,
      "process_3": 1.5440657847777413e-05,
      "process_0": 1.4973973229064967e-05,
      "process_2": 1.5724046837775314e-05
    },
    "total_energy_kwh": {
      "process_1": 0.006350732501101358,
      "process_3": 0.006264791944711203,
      "process_0": 0.006228931631512701,
      "process_2": 0.006312392854885656
    },
    "total_energy_joules": {
      "process_1": 22862.63700396489,
      "process_3": 22553.251000960332,
      "process_0": 22424.15387344572,
      "process_2": 22724.614277588364
    }
  },
  "global_experiment_results": {
    "cpu_power_avg": 112.5,
    "gpu_power_avg": 204.3661038162565,
    "ram_power_avg": 0.9768998622894287,
    "cpu_energy_total": 0.008989638583812052,
    "gpu_energy_total": 0.01610519399525573,
    "ram_energy_total": 6.201635314313305e-05,
    "total_energy_kwh": 0.025156848932210915,
    "total_energy_joules": 90564.65615595931
  },
  "global_derived_quantities": {
    "tokens_per_joule": 0.18090942642994737,
    "joules_per_token": 5.527627939206501,
    "flops_per_joule": 187158784.81295004,
    "joules_per_flop": 5.343056704495162e-09
  },
  "per-process_emissions": [
    0.0024193115462945625,
    0.0023865724913377327,
    0.0023729115050247634,
    0.002404706058068691
  ]
}