{
  "process_id": 327002,
  "local_process_index": 3,
  "energy_results": {
    "cpu_power": 112.5,
    "gpu_power": 201.72159949714856,
    "ram_power": 0.9780035018920898,
    "cpu_energy": 0.0022345661305934066,
    "gpu_energy": 0.004014785156270018,
    "ram_energy": 1.5440657847777413e-05,
    "total_energy_kwh": 0.006264791944711203,
    "total_energy_joules": 22553.251000960332,
    "final_emissions": 0.0023865724913377327
  }
}