{
  "process_id": 327000,
  "local_process_index": 1,
  "energy_results": {
    "cpu_power": 112.5,
    "gpu_power": 236.3588167875678,
    "ram_power": 0.9894604682922363,
    "cpu_energy": 0.002270227963062894,
    "gpu_energy": 0.00406462686280995,
    "ram_energy": 1.587767522851536e-05,
    "total_energy_kwh": 0.006350732501101358,
    "total_energy_joules": 22862.63700396489,
    "final_emissions": 0.0024193115462945625
  }
}