{
  "process_id": 281000,
  "local_process_index": 0,
  "energy_results": {
    "cpu_power": 112.5,
    "gpu_power": 50.24471281460004,
    "ram_power": 0.6997261047363281,
    "cpu_energy": 0.002530753336186876,
    "gpu_energy": 0.003196562835025951,
    "ram_energy": 1.4294077175762423e-05,
    "total_energy_kwh": 0.005741610248388594,
    "total_energy_joules": 20669.79689419894,
    "final_emissions": 0.002187266424123635
  }
}