{
  "process_id": 143989,
  "local_process_index": 3,
  "energy_results": {
    "cpu_power": 112.5,
    "gpu_power": 536.5659698218622,
    "ram_power": 0.6805987358093262,
    "cpu_energy": 0.0007982660774375746,
    "gpu_energy": 0.005175484695940008,
    "ram_energy": 4.406547902091263e-06,
    "total_energy_kwh": 0.0059781573212796734,
    "total_energy_joules": 21521.366356606824,
    "final_emissions": 0.0022773790315414916
  }
}