{
  "process_id": 230273,
  "local_process_index": 3,
  "energy_results": {
    "cpu_power": 112.5,
    "gpu_power": 50.77033614182556,
    "ram_power": 0.6593928337097168,
    "cpu_energy": 0.0009316697127499083,
    "gpu_energy": 0.005316729808935883,
    "ram_energy": 5.113828267189979e-06,
    "total_energy_kwh": 0.006253513349952979,
    "total_energy_joules": 22512.648059830724,
    "final_emissions": 0.0023822759106645877
  }
}