{
  "process_id": 2544463,
  "local_process_index": 3,
  "energy_results": {
    "cpu_power": 112.5,
    "gpu_power": 0.0,
    "ram_power": 0.7063107490539551,
    "cpu_energy": 0.0013641562259708731,
    "gpu_energy": 0.003975386235861134,
    "ram_energy": 6.35896320327507e-06,
    "total_energy_kwh": 0.005345901425035282,
    "total_energy_joules": 19245.245130127016,
    "final_emissions": 0.002036521147867191
  }
}