{
  "process_id": 2544460,
  "local_process_index": 0,
  "energy_results": {
    "cpu_power": 112.5,
    "gpu_power": 382.1798159418378,
    "ram_power": 0.6756019592285156,
    "cpu_energy": 0.0012861918962844355,
    "gpu_energy": 0.0038657997593032345,
    "ram_energy": 5.752570466294922e-06,
    "total_energy_kwh": 0.0051577442260539634,
    "total_energy_joules": 18567.87921379427,
    "final_emissions": 0.0019648426629152575
  }
}