{
  "process_id": 2544462,
  "local_process_index": 2,
  "energy_results": {
    "cpu_power": 112.5,
    "gpu_power": 363.88642829245487,
    "ram_power": 0.7057757377624513,
    "cpu_energy": 0.001286630350314226,
    "gpu_energy": 0.0038674655939692215,
    "ram_energy": 6.000851040009658e-06,
    "total_energy_kwh": 0.0051600967953234584,
    "total_energy_joules": 18576.34846316445,
    "final_emissions": 0.0019657388741784717
  }
}