{
  "process_id": 152178,
  "local_process_index": 1,
  "energy_results": {
    "cpu_power": 112.5,
    "gpu_power": 738.7194962853114,
    "ram_power": 0.6684994697570801,
    "cpu_energy": 0.0006986175140623913,
    "gpu_energy": 0.004702212095100106,
    "ram_energy": 4.221664088160991e-06,
    "total_energy_kwh": 0.005405051273250657,
    "total_energy_joules": 19458.184583702365,
    "final_emissions": 0.0020590542825448376
  }
}