{
  "process_id": 188478,
  "local_process_index": 2,
  "energy_results": {
    "cpu_power": 112.5,
    "gpu_power": 833.8757215689196,
    "ram_power": 0.6545963287353516,
    "cpu_energy": 0.0007373068192814003,
    "gpu_energy": 0.0047782299336920075,
    "ram_energy": 3.652925340025344e-06,
    "total_energy_kwh": 0.005519189678313435,
    "total_energy_joules": 19869.082841928364,
    "final_emissions": 0.002102535307953503
  }
}