{
  "process_id": 2461617,
  "local_process_index": 1,
  "energy_results": {
    "cpu_power": 112.5,
    "gpu_power": 338.0126586193921,
    "ram_power": 0.7044296264648438,
    "cpu_energy": 0.012835925866404512,
    "gpu_energy": 0.024063443972961673,
    "ram_energy": 5.3534360231740934e-05,
    "total_energy_kwh": 0.036952904199597965,
    "total_energy_joules": 133030.45511855267,
    "final_emissions": 0.014077208854836844
  }
}