{
  "experiment_id": "0061",
  "local_process_results": {
    "cpu_power": {
      "process_0": 112.5,
      "process_1": 112.5
    },
    "gpu_power": {
      "process_0": 470.1087332300603,
      "process_1": 490.88305992371835
    },
    "ram_power": {
      "process_0": 0.9125189781188965,
      "process_1": 0.9563555717468262
    },
    "cpu_energy": {
      "process_0": 0.00018326088259375695,
      "process_1": 0.00018151934134375835
    },
    "gpu_energy": {
      "process_0": 0.0007131769594300105,
      "process_1": 0.0007096216788080104
    },
    "ram_energy": {
      "process_0": 1.259095783456445e-06,
      "process_1": 1.3066696119839553e-06
    },
    "total_energy_kwh": {
      "process_0": 0.0008976969378072238,
      "process_1": 0.0008924476897637527
    },
    "total_energy_joules": {
      "process_0": 3231.7089761060056,
      "process_1": 3212.81168314951
    }
  },
  "global_experiment_results": {
    "cpu_power_avg": 112.5,
    "gpu_power_avg": 480.4958965768893,
    "ram_power_avg": 0.9344372749328613,
    "cpu_energy_total": 0.00036478022393751533,
    "gpu_energy_total": 0.0014227986382380209,
    "ram_energy_total": 2.5657653954404004e-06,
    "total_energy_kwh": 0.0017901446275709765,
    "total_energy_joules": 6444.520659255515
  },
  "global_derived_quantities": {
    "tokens_per_joule": 2.542314761062883,
    "joules_per_token": 0.3933423253940134,
    "flops_per_joule": 160530811.00984675,
    "joules_per_flop": 6.229333756612376e-09
  },
  "per-process_emissions": [
    0.00034197764845766195,
    0.0003399779474155016
  ]
}