{
  "process_id": 25175,
  "local_process_index": 0,
  "energy_results": {
    "cpu_power": 112.5,
    "gpu_power": 470.1087332300603,
    "ram_power": 0.9125189781188965,
    "cpu_energy": 0.00018326088259375695,
    "gpu_energy": 0.0007131769594300105,
    "ram_energy": 1.259095783456445e-06,
    "total_energy_kwh": 0.0008976969378072238,
    "total_energy_joules": 3231.7089761060056,
    "final_emissions": 0.00034197764845766195
  }
}