{
  "experiment_id": "0391",
  "local_process_results": {
    "cpu_power": {
      "process_3": 112.5,
      "process_0": 112.5,
      "process_1": 112.5,
      "process_2": 112.5
    },
    "gpu_power": {
      "process_3": 0.0,
      "process_0": 273.8589102419407,
      "process_1": 275.40908392116205,
      "process_2": 250.5565184845816
    },
    "ram_power": {
      "process_3": 0.7200508117675781,
      "process_0": 0.693845272064209,
      "process_1": 0.7208619117736816,
      "process_2": 0.7261347770690918
    },
    "cpu_energy": {
      "process_3": 0.0015498161987507046,
      "process_0": 0.0015604886749324579,
      "process_1": 0.0014597947111287797,
      "process_2": 0.0015849717460014287
    },
    "gpu_energy": {
      "process_3": 0.003623122342939711,
      "process_0": 0.0036509034762763903,
      "process_1": 0.003419223013154893,
      "process_2": 0.003699520181835947
    },
    "ram_energy": {
      "process_3": 7.082325237347744e-06,
      "process_0": 6.811778308338837e-06,
      "process_1": 6.719651392436748e-06,
      "process_2": 7.074286450225777e-06
    },
    "total_energy_kwh": {
      "process_3": 0.005180020866927764,
      "process_0": 0.005218203929517187,
      "process_1": 0.004885737375676109,
      "process_2": 0.005291566214287602
    },
    "total_energy_joules": {
      "process_3": 18648.075120939953,
      "process_0": 18785.534146261874,
      "process_1": 17588.654552433993,
      "process_2": 19049.638371435365
    }
  },
  "global_experiment_results": {
    "cpu_power_avg": 112.5,
    "gpu_power_avg": 199.95612816192107,
    "ram_power_avg": 0.7152231931686401,
    "cpu_energy_total": 0.006155071330813371,
    "gpu_energy_total": 0.014392769014206941,
    "ram_energy_total": 2.7688041388349104e-05,
    "total_energy_kwh": 0.020575528386408665,
    "total_energy_joules": 74071.90219107119
  },
  "global_derived_quantities": {
    "tokens_per_joule": 0.22119048539805108,
    "joules_per_token": 4.520990123966747,
    "flops_per_joule": 228831317.83802348,
    "joules_per_flop": 4.370031206601897e-09
  },
  "per-process_emissions": [
    0.001973328949256132,
    0.0019878747869495725,
    0.0018612216532638138,
    0.002015822149332862
  ]
}