{
  "process_id": 2452781,
  "local_process_index": 3,
  "energy_results": {
    "cpu_power": 112.5,
    "gpu_power": 221.6035438506992,
    "ram_power": 0.7065110206604004,
    "cpu_energy": 0.004851993001658229,
    "gpu_energy": 0.008171945704218642,
    "ram_energy": 1.8439046183989146e-05,
    "total_energy_kwh": 0.01304237775206086,
    "total_energy_joules": 46952.5599074191,
    "final_emissions": 0.004968493804647585
  }
}