{
  "process_id": 2452778,
  "local_process_index": 0,
  "energy_results": {
    "cpu_power": 112.5,
    "gpu_power": 209.91409164547687,
    "ram_power": 0.6747522354125977,
    "cpu_energy": 0.004771999502372184,
    "gpu_energy": 0.008024101697053698,
    "ram_energy": 1.7334691452412996e-05,
    "total_energy_kwh": 0.012813435890878293,
    "total_energy_joules": 46128.36920716186,
    "final_emissions": 0.004881278402630086
  }
}