{
  "experiment_id": "0455",
  "local_process_results": {
    "cpu_power": {
      "process_0": 112.5,
      "process_1": 112.5,
      "process_3": 112.5,
      "process_2": 112.5
    },
    "gpu_power": {
      "process_0": 272.9581216842055,
      "process_1": 408.3517974005585,
      "process_3": 363.55680813829474,
      "process_2": 131.958004805838
    },
    "ram_power": {
      "process_0": 0.6727538108825684,
      "process_1": 0.7082633972167969,
      "process_3": 0.705256462097168,
      "process_2": 0.7050819396972656
    },
    "cpu_energy": {
      "process_0": 0.0007194700475938589,
      "process_1": 0.0007219315634374652,
      "process_3": 0.0007446282640030403,
      "process_2": 0.0007626239686214831
    },
    "gpu_energy": {
      "process_0": 0.0038467036329139503,
      "process_1": 0.0038390697379213634,
      "process_3": 0.0038706253187195117,
      "process_2": 0.003824504726267719
    },
    "ram_energy": {
      "process_0": 4.962378052984491e-06,
      "process_1": 4.9129691748193405e-06,
      "process_3": 4.9733832103227394e-06,
      "process_2": 5.18862819747832e-06
    },
    "total_energy_kwh": {
      "process_0": 0.004571136058560795,
      "process_1": 0.004565914270533649,
      "process_3": 0.004620226965932875,
      "process_2": 0.00459231732308668
    },
    "total_energy_joules": {
      "process_0": 16456.089810818863,
      "process_1": 16437.291373921136,
      "process_3": 16632.81707735835,
      "process_2": 16532.34236311205
    }
  },
  "global_experiment_results": {
    "cpu_power_avg": 112.5,
    "gpu_power_avg": 294.2061830072242,
    "ram_power_avg": 0.6978389024734497,
    "cpu_energy_total": 0.0029486538436558473,
    "gpu_energy_total": 0.015380903415822544,
    "ram_energy_total": 2.0037358635604888e-05,
    "total_energy_kwh": 0.018349594618113998,
    "total_energy_joules": 66058.5406252104
  },
  "global_derived_quantities": {
    "tokens_per_joule": 0.24802243351024403,
    "joules_per_token": 4.0318933487066895,
    "flops_per_joule": 256590152.2002934,
    "joules_per_flop": 3.897265703398482e-09
  },
  "per-process_emissions": [
    0.001741374281508735,
    0.0017393850413597938,
    0.001760075462672129,
    0.0017494432842298708
  ]
}