{
  "process_id": 381886,
  "local_process_index": 0,
  "energy_results": {
    "cpu_power": 112.5,
    "gpu_power": 0.0,
    "ram_power": 0.9170436859130859,
    "cpu_energy": 0.001178748577780994,
    "gpu_energy": 0.0041171194048039705,
    "ram_energy": 7.569655942303139e-06,
    "total_energy_kwh": 0.005303437638527266,
    "total_energy_joules": 19092.37549869816,
    "final_emissions": 0.002020344568396962
  }
}