{
  "process_id": 381888,
  "local_process_index": 2,
  "energy_results": {
    "cpu_power": 112.5,
    "gpu_power": 443.8376252277481,
    "ram_power": 0.9760279655456544,
    "cpu_energy": 0.0011396375084373176,
    "gpu_energy": 0.004087209658654001,
    "ram_energy": 7.857105836558186e-06,
    "total_energy_kwh": 0.005234704272927878,
    "total_energy_joules": 18844.93538254036,
    "final_emissions": 0.001994160592771875
  }
}