{
  "process_id": 381887,
  "local_process_index": 1,
  "energy_results": {
    "cpu_power": 112.5,
    "gpu_power": 319.0213217004817,
    "ram_power": 0.9766001701354982,
    "cpu_energy": 0.0011590954138126792,
    "gpu_energy": 0.004148684430056004,
    "ram_energy": 7.947455498247189e-06,
    "total_energy_kwh": 0.0053157272993669315,
    "total_energy_joules": 19136.618277720954,
    "final_emissions": 0.0020250263146938327
  }
}