{
  "process_id": 381889,
  "local_process_index": 3,
  "energy_results": {
    "cpu_power": 112.5,
    "gpu_power": 349.0281451005805,
    "ram_power": 0.9799861907958983,
    "cpu_energy": 0.0011566713103442227,
    "gpu_energy": 0.004143068870008038,
    "ram_energy": 7.943699804419125e-06,
    "total_energy_kwh": 0.005307683880156677,
    "total_energy_joules": 19107.66196856404,
    "final_emissions": 0.002021962174145686
  }
}