{
  "process_id": 2569771,
  "local_process_index": 0,
  "energy_results": {
    "cpu_power": 112.5,
    "gpu_power": 422.3977651817785,
    "ram_power": 0.6897168159484863,
    "cpu_energy": 0.0012792739178121338,
    "gpu_energy": 0.005006103449323174,
    "ram_energy": 5.989109864227199e-06,
    "total_energy_kwh": 0.006291366476999532,
    "total_energy_joules": 22648.919317198317,
    "final_emissions": 0.0023966960594129717
  }
}