{
  "experiment_id": "0437",
  "local_process_results": {
    "cpu_power": {
      "process_0": 112.5,
      "process_3": 112.5,
      "process_2": 112.5,
      "process_1": 112.5
    },
    "gpu_power": {
      "process_0": 422.3977651817785,
      "process_3": 291.40922777140884,
      "process_2": 415.4131566460245,
      "process_1": 448.88970074703695
    },
    "ram_power": {
      "process_0": 0.6897168159484863,
      "process_3": 0.7193055152893066,
      "process_2": 0.7278428077697754,
      "process_1": 0.7191910743713379
    },
    "cpu_energy": {
      "process_0": 0.0012792739178121338,
      "process_3": 0.0014153888727169034,
      "process_2": 0.0012914847868760262,
      "process_1": 0.0012769215429334507
    },
    "gpu_energy": {
      "process_0": 0.005006103449323174,
      "process_3": 0.005431501289641316,
      "process_2": 0.005043456812540592,
      "process_1": 0.004984117876178473
    },
    "ram_energy": {
      "process_0": 5.989109864227199e-06,
      "process_3": 7.044586725028223e-06,
      "process_2": 6.345292764936296e-06,
      "process_1": 6.230053740597546e-06
    },
    "total_energy_kwh": {
      "process_0": 0.006291366476999532,
      "process_3": 0.006853934749083249,
      "process_2": 0.006341286892181552,
      "process_1": 0.006267269472852523
    },
    "total_energy_joules": {
      "process_0": 22648.919317198317,
      "process_3": 24674.165096699697,
      "process_2": 22828.63281185359,
      "process_1": 22562.170102269083
    }
  },
  "global_experiment_results": {
    "cpu_power_avg": 112.5,
    "gpu_power_avg": 394.52746258656214,
    "ram_power_avg": 0.7140140533447266,
    "cpu_energy_total": 0.005263069120338514,
    "gpu_energy_total": 0.020465179427683555,
    "ram_energy_total": 2.5609043094789264e-05,
    "total_energy_kwh": 0.02575385759111686,
    "total_energy_joules": 92713.88732802069
  },
  "global_derived_quantities": {
    "tokens_per_joule": 0.1767157054048828,
    "joules_per_token": 5.658806599610638,
    "flops_per_joule": 182820195.35199934,
    "joules_per_flop": 5.469855220724464e-09
  },
  "per-process_emissions": [
    0.0023966960594129717,
    0.002611006442663264,
    0.0024157132415765625,
    0.002387516305683169
  ]
}