{
  "process_id": 185373,
  "local_process_index": 1,
  "energy_results": {
    "cpu_power": 112.5,
    "gpu_power": 2644.588979333865,
    "ram_power": 0.6567907333374023,
    "cpu_energy": 0.0006678518196874849,
    "gpu_energy": 0.004777279099597992,
    "ram_energy": 3.970853721782088e-06,
    "total_energy_kwh": 0.005449101773007258,
    "total_energy_joules": 19616.76638282613,
    "final_emissions": 0.002075835320427115
  }
}