{
  "process_id": 185375,
  "local_process_index": 3,
  "energy_results": {
    "cpu_power": 112.5,
    "gpu_power": 13.140209582099454,
    "ram_power": 0.650914192199707,
    "cpu_energy": 0.0008009673245937846,
    "gpu_energy": 0.005020720961018049,
    "ram_energy": 4.655122344198728e-06,
    "total_energy_kwh": 0.005826343407956033,
    "total_energy_joules": 20974.83626864172,
    "final_emissions": 0.0022195455212608507
  }
}