{
  "process_id": 185372,
  "local_process_index": 0,
  "energy_results": {
    "cpu_power": 112.5,
    "gpu_power": 1507.774547436249,
    "ram_power": 0.7024569511413574,
    "cpu_energy": 0.0006736214913435105,
    "gpu_energy": 0.004775413820327951,
    "ram_energy": 4.302088245318447e-06,
    "total_energy_kwh": 0.00545333739991678,
    "total_energy_joules": 19632.01463970041,
    "final_emissions": 0.0020774488824982975
  }
}