{
  "process_id": 129444,
  "local_process_index": 1,
  "energy_results": {
    "cpu_power": 112.5,
    "gpu_power": 0.0,
    "ram_power": 0.6644368171691895,
    "cpu_energy": 0.0007293373627186385,
    "gpu_energy": 0.004787191607527969,
    "ram_energy": 4.269822508152762e-06,
    "total_energy_kwh": 0.005520798792754761,
    "total_energy_joules": 19874.875653917137,
    "final_emissions": 0.0021031483000999262
  }
}