{
  "experiment_id": "0141",
  "local_process_results": {
    "cpu_power": {
      "process_1": 112.5,
      "process_2": 112.5,
      "process_0": 112.5,
      "process_3": 112.5
    },
    "gpu_power": {
      "process_1": 0.0,
      "process_2": 933.9578987464005,
      "process_0": 932.9717104495447,
      "process_3": 471.7603998465799
    },
    "ram_power": {
      "process_1": 0.6644368171691895,
      "process_2": 0.6651692390441895,
      "process_0": 0.7021679878234863,
      "process_3": 0.6641721725463868
    },
    "cpu_energy": {
      "process_1": 0.0007293373627186385,
      "process_2": 0.0006854742505937566,
      "process_0": 0.0006838813139999615,
      "process_3": 0.000770020609812434
    },
    "gpu_energy": {
      "process_1": 0.004787191607527969,
      "process_2": 0.004748861576863966,
      "process_0": 0.004772869651626044,
      "process_3": 0.005097577411392024
    },
    "ram_energy": {
      "process_1": 4.269822508152762e-06,
      "process_2": 4.0802009774111404e-06,
      "process_0": 4.3032814863919974e-06,
      "process_3": 4.551125788617844e-06
    },
    "total_energy_kwh": {
      "process_1": 0.005520798792754761,
      "process_2": 0.005438416028435133,
      "process_0": 0.005461054247112397,
      "process_3": 0.005872149146993074
    },
    "total_energy_joules": {
      "process_1": 19874.875653917137,
      "process_2": 19578.29770236648,
      "process_0": 19659.79528960463,
      "process_3": 21139.736929175066
    }
  },
  "global_experiment_results": {
    "cpu_power_avg": 112.5,
    "gpu_power_avg": 584.6725022606313,
    "ram_power_avg": 0.673986554145813,
    "cpu_energy_total": 0.00286871353712479,
    "gpu_energy_total": 0.019406500247410002,
    "ram_energy_total": 1.7204430760573746e-05,
    "total_energy_kwh": 0.022292418215295366,
    "total_energy_joules": 80252.70557506332
  },
  "global_derived_quantities": {
    "tokens_per_joule": 0.20415511081648754,
    "joules_per_token": 4.8982364242592356,
    "flops_per_joule": 211207471.0963865,
    "joules_per_flop": 4.734680997830994e-09
  },
  "per-process_emissions": [
    0.0021031483000999262,
    0.002071764586032364,
    0.0020803886154374678,
    0.0022369952175470115
  ]
}