{
  "process_id": 158638,
  "local_process_index": 3,
  "energy_results": {
    "cpu_power": 112.5,
    "gpu_power": 625.2458449109866,
    "ram_power": 0.6650419235229492,
    "cpu_energy": 0.0007741404214687578,
    "gpu_energy": 0.005049968762193907,
    "ram_energy": 4.272744935697129e-06,
    "total_energy_kwh": 0.00582838192859836,
    "total_energy_joules": 20982.174942954098,
    "final_emissions": 0.0022203220956995453
  }
}