{
  "experiment_id": "0159",
  "local_process_results": {
    "cpu_power": {
      "process_2": 112.5,
      "process_0": 112.5,
      "process_3": 112.5,
      "process_1": 112.5
    },
    "gpu_power": {
      "process_2": 1010.7004073801058,
      "process_0": 1374.7873632681785,
      "process_3": 625.2458449109866,
      "process_1": 0.0
    },
    "ram_power": {
      "process_2": 0.6649389266967773,
      "process_0": 0.7033281326293945,
      "process_3": 0.6650419235229492,
      "process_1": 0.6693406105041504
    },
    "cpu_energy": {
      "process_2": 0.0006970255460312842,
      "process_0": 0.0006914202169375583,
      "process_3": 0.0007741404214687578,
      "process_1": 0.0007376371566249417
    },
    "gpu_energy": {
      "process_2": 0.004778779378575931,
      "process_0": 0.004762046587411944,
      "process_3": 0.005049968762193907,
      "process_1": 0.004778779378575931
    },
    "ram_energy": {
      "process_2": 3.816727205136295e-06,
      "process_0": 4.023314758573005e-06,
      "process_3": 4.272744935697129e-06,
      "process_1": 4.023248207383874e-06
    },
    "total_energy_kwh": {
      "process_2": 0.005479621651812352,
      "process_0": 0.0054574901191080764,
      "process_3": 0.00582838192859836,
      "process_1": 0.005520439783408255
    },
    "total_energy_joules": {
      "process_2": 19726.637946524468,
      "process_0": 19646.964428789077,
      "process_3": 20982.174942954098,
      "process_1": 19873.58322026972
    }
  },
  "global_experiment_results": {
    "cpu_power_avg": 112.5,
    "gpu_power_avg": 752.6834038898178,
    "ram_power_avg": 0.6756623983383179,
    "cpu_energy_total": 0.0029002233410625423,
    "gpu_energy_total": 0.019369574106757714,
    "ram_energy_total": 1.6136035106790304e-05,
    "total_energy_kwh": 0.022285933482927046,
    "total_energy_joules": 80229.36053853737
  },
  "global_derived_quantities": {
    "tokens_per_joule": 0.20421451560903456,
    "joules_per_token": 4.896811556307212,
    "flops_per_joule": 211268927.97569105,
    "joules_per_flop": 4.7333037071833946e-09
  },
  "per-process_emissions": [
    0.0020874618682579157,
    0.0020790308608742217,
    0.0022203220956995453,
    0.0021030115354893747
  ]
}