{
  "process_id": 346947,
  "local_process_index": 0,
  "energy_results": {
    "cpu_power": 112.5,
    "gpu_power": 374.04448598408834,
    "ram_power": 0.9337649345397949,
    "cpu_energy": 0.0011466312582190314,
    "gpu_energy": 0.004141117201779954,
    "ram_energy": 7.731703537517636e-06,
    "total_energy_kwh": 0.005295480163536505,
    "total_energy_joules": 19063.728588731417,
    "final_emissions": 0.0020173131682992315
  }
}