{
  "experiment_id": "0261",
  "local_process_results": {
    "cpu_power": {
      "process_1": 112.5,
      "process_0": 112.5,
      "process_2": 112.5,
      "process_3": 112.5
    },
    "gpu_power": {
      "process_1": 418.6613201133391,
      "process_0": 374.04448598408834,
      "process_2": 457.5560297595716,
      "process_3": 282.5264947418648
    },
    "ram_power": {
      "process_1": 0.9604525566101075,
      "process_0": 0.9337649345397949,
      "process_2": 0.9797544479370117,
      "process_3": 0.9766945838928223
    },
    "cpu_energy": {
      "process_1": 0.001135150128562941,
      "process_0": 0.0011466312582190314,
      "process_2": 0.0011230823941568813,
      "process_3": 0.0011629295224370253
    },
    "gpu_energy": {
      "process_1": 0.00410700189671015,
      "process_0": 0.004141117201779954,
      "process_2": 0.004072401869030129,
      "process_3": 0.004176903063742243
    },
    "ram_energy": {
      "process_1": 7.665914197602143e-06,
      "process_0": 7.731703537517636e-06,
      "process_2": 7.714164412003613e-06,
      "process_3": 7.931884235669878e-06
    },
    "total_energy_kwh": {
      "process_1": 0.00524981793947069,
      "process_0": 0.005295480163536505,
      "process_2": 0.005203198427599015,
      "process_3": 0.005347764470414938
    },
    "total_energy_joules": {
      "process_1": 18899.344582094483,
      "process_0": 19063.728588731417,
      "process_2": 18731.514339356454,
      "process_3": 19251.95209349378
    }
  },
  "global_experiment_results": {
    "cpu_power_avg": 112.5,
    "gpu_power_avg": 383.197082649716,
    "ram_power_avg": 0.9626666307449341,
    "cpu_energy_total": 0.004567793303375879,
    "gpu_energy_total": 0.016497424031262475,
    "ram_energy_total": 3.104366638279327e-05,
    "total_energy_kwh": 0.021096261001021147,
    "total_energy_joules": 75946.53960367612
  },
  "global_derived_quantities": {
    "tokens_per_joule": 0.21573069800808867,
    "joules_per_token": 4.635408911357185,
    "flops_per_joule": 223182926.85360944,
    "joules_per_flop": 4.4806294733105724e-09
  },
  "per-process_emissions": [
    0.0019999181440413594,
    0.0020173131682992315,
    0.001982158440993845,
    0.0020372308750045707
  ]
}