{
  "experiment_id": "0316",
  "local_process_results": {
    "cpu_power": {
      "process_1": 112.5,
      "process_2": 112.5,
      "process_0": 112.5,
      "process_3": 112.5
    },
    "gpu_power": {
      "process_1": 394.9727373961627,
      "process_2": 414.9788273192332,
      "process_0": 476.138974085396,
      "process_3": 418.59567974046576
    },
    "ram_power": {
      "process_1": 0.9753842353820801,
      "process_2": 0.974520206451416,
      "process_0": 0.9168534278869629,
      "process_3": 0.9767503738403321
    },
    "cpu_energy": {
      "process_1": 0.0011434048649380203,
      "process_2": 0.001139900537093695,
      "process_0": 0.0011270531146567466,
      "process_3": 0.0011448689370309924
    },
    "gpu_energy": {
      "process_1": 0.004129466359126088,
      "process_2": 0.004120523018637967,
      "process_0": 0.004073313814203838,
      "process_3": 0.004142602202967971
    },
    "ram_energy": {
      "process_1": 7.83189723815221e-06,
      "process_2": 7.77886821250845e-06,
      "process_0": 7.215928724179839e-06,
      "process_3": 8.056487863929863e-06
    },
    "total_energy_kwh": {
      "process_1": 0.005280703121302261,
      "process_2": 0.005268202423944172,
      "process_0": 0.005207582857584764,
      "process_3": 0.005295527627862891
    },
    "total_energy_joules": {
      "process_1": 19010.53123668814,
      "process_2": 18965.52872619902,
      "process_0": 18747.29828730515,
      "process_3": 19063.89946030641
    }
  },
  "global_experiment_results": {
    "cpu_power_avg": 112.5,
    "gpu_power_avg": 426.1715546353144,
    "ram_power_avg": 0.9608770608901978,
    "cpu_energy_total": 0.004555227453719455,
    "gpu_energy_total": 0.016465905394935865,
    "ram_energy_total": 3.0883182038770365e-05,
    "total_energy_kwh": 0.02105201603069409,
    "total_energy_joules": 75787.25771049871
  },
  "global_derived_quantities": {
    "tokens_per_joule": 0.2161840986856336,
    "joules_per_token": 4.625687116119306,
    "flops_per_joule": 223651989.86219475,
    "joules_per_flop": 4.471232295389633e-09
  },
  "per-process_emissions": [
    0.0020116838540600963,
    0.0020069217134015323,
    0.001983828689596916,
    0.0020173312498343687
  ]
}