{
  "process_id": 419368,
  "local_process_index": 2,
  "energy_results": {
    "cpu_power": 112.5,
    "gpu_power": 414.9788273192332,
    "ram_power": 0.974520206451416,
    "cpu_energy": 0.001139900537093695,
    "gpu_energy": 0.004120523018637967,
    "ram_energy": 7.77886821250845e-06,
    "total_energy_kwh": 0.005268202423944172,
    "total_energy_joules": 18965.52872619902,
    "final_emissions": 0.0020069217134015323
  }
}