{
  "process_id": 419369,
  "local_process_index": 3,
  "energy_results": {
    "cpu_power": 112.5,
    "gpu_power": 418.59567974046576,
    "ram_power": 0.9767503738403321,
    "cpu_energy": 0.0011448689370309924,
    "gpu_energy": 0.004142602202967971,
    "ram_energy": 8.056487863929863e-06,
    "total_energy_kwh": 0.005295527627862891,
    "total_energy_joules": 19063.89946030641,
    "final_emissions": 0.0020173312498343687
  }
}