{
  "process_id": 419367,
  "local_process_index": 1,
  "energy_results": {
    "cpu_power": 112.5,
    "gpu_power": 394.9727373961627,
    "ram_power": 0.9753842353820801,
    "cpu_energy": 0.0011434048649380203,
    "gpu_energy": 0.004129466359126088,
    "ram_energy": 7.83189723815221e-06,
    "total_energy_kwh": 0.005280703121302261,
    "total_energy_joules": 19010.53123668814,
    "final_emissions": 0.0020116838540600963
  }
}