{
  "process_id": 56563,
  "local_process_index": 1,
  "energy_results": {
    "cpu_power": 112.5,
    "gpu_power": 610.7814202525254,
    "ram_power": 0.6580767631530762,
    "cpu_energy": 0.01030751454787651,
    "gpu_energy": 0.05152481677537596,
    "ram_energy": 5.243762714922914e-05,
    "total_energy_kwh": 0.06188476895040172,
    "total_energy_joules": 222785.1682214462,
    "final_emissions": 0.023575002731655536
  }
}