{
  "process_id": 2138355,
  "local_process_index": 2,
  "energy_results": {
    "cpu_power": 112.5,
    "gpu_power": 346.1412439347654,
    "ram_power": 0.7395157814025879,
    "cpu_energy": 0.0008733085085968925,
    "gpu_energy": 0.002548634816682771,
    "ram_energy": 6.553947156065152e-06,
    "total_energy_kwh": 0.003428497272435728,
    "total_energy_joules": 12342.59018076862,
    "final_emissions": 0.0013060860359343906
  }
}