{
  "process_id": 2138356,
  "local_process_index": 3,
  "energy_results": {
    "cpu_power": 112.5,
    "gpu_power": 305.6391335301352,
    "ram_power": 0.7326221466064453,
    "cpu_energy": 0.0008235396171876346,
    "gpu_energy": 0.002594442075550596,
    "ram_energy": 6.155037501781725e-06,
    "total_energy_kwh": 0.0034241367302400125,
    "total_energy_joules": 12326.892228864044,
    "final_emissions": 0.0013044248873849329
  }
}