{
  "experiment_id": "0443",
  "local_process_results": {
    "cpu_power": {
      "process_1": 112.5,
      "process_0": 112.5,
      "process_2": 112.5,
      "process_3": 112.5
    },
    "gpu_power": {
      "process_1": 93.37944621590394,
      "process_0": 302.61368260629615,
      "process_2": 346.1412439347654,
      "process_3": 305.6391335301352
    },
    "ram_power": {
      "process_1": 0.7350926399230957,
      "process_0": 0.700631618499756,
      "process_2": 0.7395157814025879,
      "process_3": 0.7326221466064453
    },
    "cpu_energy": {
      "process_1": 0.0008424974541212577,
      "process_0": 0.0008796840372488078,
      "process_2": 0.0008733085085968925,
      "process_3": 0.0008235396171876346
    },
    "gpu_energy": {
      "process_1": 0.002531093413762342,
      "process_0": 0.0025875317922468,
      "process_2": 0.002548634816682771,
      "process_3": 0.002594442075550596
    },
    "ram_energy": {
      "process_1": 5.28080378627525e-06,
      "process_0": 6.282518138529292e-06,
      "process_2": 6.553947156065152e-06,
      "process_3": 6.155037501781725e-06
    },
    "total_energy_kwh": {
      "process_1": 0.0033788716716698745,
      "process_0": 0.003473498347634137,
      "process_2": 0.003428497272435728,
      "process_3": 0.0034241367302400125
    },
    "total_energy_joules": {
      "process_1": 12163.938018011548,
      "process_0": 12504.594051482893,
      "process_2": 12342.59018076862,
      "process_3": 12326.892228864044
    }
  },
  "global_experiment_results": {
    "cpu_power_avg": 112.5,
    "gpu_power_avg": 261.94337657177516,
    "ram_power_avg": 0.7269655466079712,
    "cpu_energy_total": 0.0034190296171545927,
    "gpu_energy_total": 0.010261702098242509,
    "ram_energy_total": 2.4272306582651418e-05,
    "total_energy_kwh": 0.013705004021979751,
    "total_energy_joules": 49338.0144791271
  },
  "global_derived_quantities": {
    "tokens_per_joule": 0.3320765979938532,
    "joules_per_token": 3.0113534227982854,
    "flops_per_joule": 343547894.50075746,
    "joules_per_flop": 2.9108022957124985e-09
  },
  "per-process_emissions": [
    0.0012871811633226387,
    0.0013232291955312244,
    0.0013060860359343906,
    0.0013044248873849329
  ]
}