{
  "process_id": 2138354,
  "local_process_index": 1,
  "energy_results": {
    "cpu_power": 112.5,
    "gpu_power": 93.37944621590394,
    "ram_power": 0.7350926399230957,
    "cpu_energy": 0.0008424974541212577,
    "gpu_energy": 0.002531093413762342,
    "ram_energy": 5.28080378627525e-06,
    "total_energy_kwh": 0.0033788716716698745,
    "total_energy_joules": 12163.938018011548,
    "final_emissions": 0.0012871811633226387
  }
}