{
  "process_id": 2138353,
  "local_process_index": 0,
  "energy_results": {
    "cpu_power": 112.5,
    "gpu_power": 302.61368260629615,
    "ram_power": 0.700631618499756,
    "cpu_energy": 0.0008796840372488078,
    "gpu_energy": 0.0025875317922468,
    "ram_energy": 6.282518138529292e-06,
    "total_energy_kwh": 0.003473498347634137,
    "total_energy_joules": 12504.594051482893,
    "final_emissions": 0.0013232291955312244
  }
}