{
  "experiment_id": "0271",
  "local_process_results": {
    "cpu_power": {
      "process_2": 112.5,
      "process_0": 112.5,
      "process_3": 112.5,
      "process_1": 112.5
    },
    "gpu_power": {
      "process_2": 0.0,
      "process_0": 0.0,
      "process_3": 422.77559156408745,
      "process_1": 360.4324968465612
    },
    "ram_power": {
      "process_2": 0.9813652038574219,
      "process_0": 0.9267125129699707,
      "process_3": 0.9611763954162598,
      "process_1": 0.9639759063720703
    },
    "cpu_energy": {
      "process_2": 0.0011769793886878687,
      "process_0": 0.0011755714550936319,
      "process_3": 0.0011253306131251291,
      "process_1": 0.0011467480710626889
    },
    "gpu_energy": {
      "process_2": 0.004151642210200035,
      "process_0": 0.004151642210200035,
      "process_3": 0.004081652431985938,
      "process_1": 0.004160041105807977
    },
    "ram_energy": {
      "process_2": 8.12037935745096e-06,
      "process_0": 7.66653362771346e-06,
      "process_3": 7.574857648342199e-06,
      "process_1": 7.727622303991868e-06
    },
    "total_energy_kwh": {
      "process_2": 0.0053367419782453535,
      "process_0": 0.0053348801989213795,
      "process_3": 0.005214557902759409,
      "process_1": 0.005314516799174656
    },
    "total_energy_joules": {
      "process_2": 19212.271121683272,
      "process_0": 19205.568716116966,
      "process_3": 18772.40844993387,
      "process_1": 19132.26047702876
    }
  },
  "global_experiment_results": {
    "cpu_power_avg": 112.5,
    "gpu_power_avg": 195.80202210266216,
    "ram_power_avg": 0.9583075046539307,
    "cpu_energy_total": 0.004624629527969318,
    "gpu_energy_total": 0.016544977958193985,
    "ram_energy_total": 3.1089392937498484e-05,
    "total_energy_kwh": 0.021200696879100797,
    "total_energy_joules": 76322.50876476287
  },
  "global_derived_quantities": {
    "tokens_per_joule": 0.21466799591845026,
    "joules_per_token": 4.658356247849296,
    "flops_per_joule": 222083514.64696068,
    "joules_per_flop": 4.5028105827200596e-09
  },
  "per-process_emissions": [
    0.0020330318566125676,
    0.0020323226117790996,
    0.001986485833056197,
    0.002024565174645585
  ]
}