{
  "process_id": 360439,
  "local_process_index": 3,
  "energy_results": {
    "cpu_power": 112.5,
    "gpu_power": 422.77559156408745,
    "ram_power": 0.9611763954162598,
    "cpu_energy": 0.0011253306131251291,
    "gpu_energy": 0.004081652431985938,
    "ram_energy": 7.574857648342199e-06,
    "total_energy_kwh": 0.005214557902759409,
    "total_energy_joules": 18772.40844993387,
    "final_emissions": 0.001986485833056197
  }
}