{
  "process_id": 360438,
  "local_process_index": 2,
  "energy_results": {
    "cpu_power": 112.5,
    "gpu_power": 0.0,
    "ram_power": 0.9813652038574219,
    "cpu_energy": 0.0011769793886878687,
    "gpu_energy": 0.004151642210200035,
    "ram_energy": 8.12037935745096e-06,
    "total_energy_kwh": 0.0053367419782453535,
    "total_energy_joules": 19212.271121683272,
    "final_emissions": 0.0020330318566125676
  }
}