{
  "process_id": 80025,
  "local_process_index": 1,
  "energy_results": {
    "cpu_power": 112.5,
    "gpu_power": 503.53311143181054,
    "ram_power": 0.6512203216552734,
    "cpu_energy": 0.0019374923980314523,
    "gpu_energy": 0.011640930701625973,
    "ram_energy": 9.799293676007533e-06,
    "total_energy_kwh": 0.013588222393333429,
    "total_energy_joules": 48917.600616000345,
    "final_emissions": 0.00517643332074037
  }
}