{
  "process_id": 80027,
  "local_process_index": 3,
  "energy_results": {
    "cpu_power": 112.5,
    "gpu_power": 646.758340510093,
    "ram_power": 0.6565589904785156,
    "cpu_energy": 0.0017121941408749992,
    "gpu_energy": 0.010616217381856058,
    "ram_energy": 8.708636035448292e-06,
    "total_energy_kwh": 0.012337120158766503,
    "total_energy_joules": 44413.632571559414,
    "final_emissions": 0.0046998259244821
  }
}