{
  "process_id": 411199,
  "local_process_index": 1,
  "energy_results": {
    "cpu_power": 112.5,
    "gpu_power": 1204.8414784427964,
    "ram_power": 0.9503860473632812,
    "cpu_energy": 0.0011477094566565713,
    "gpu_energy": 0.004169906391478184,
    "ram_energy": 7.88604104456642e-06,
    "total_energy_kwh": 0.00532550188917932,
    "total_energy_joules": 19171.806801045554,
    "final_emissions": 0.002028749944682862
  }
}