{
  "process_id": 411200,
  "local_process_index": 2,
  "energy_results": {
    "cpu_power": 112.5,
    "gpu_power": 286.5936494905088,
    "ram_power": 0.9707221984863281,
    "cpu_energy": 0.0011477575752815025,
    "gpu_energy": 0.004167538056250142,
    "ram_energy": 8.060230954973849e-06,
    "total_energy_kwh": 0.005323355862486617,
    "total_energy_joules": 19164.08110495182,
    "final_emissions": 0.0020279324158142768
  }
}