{
  "process_id": 411201,
  "local_process_index": 3,
  "energy_results": {
    "cpu_power": 112.5,
    "gpu_power": 298.2000713000924,
    "ram_power": 0.9786787033081055,
    "cpu_energy": 0.0011517842162188572,
    "gpu_energy": 0.0041755680626741065,
    "ram_energy": 7.899663356815042e-06,
    "total_energy_kwh": 0.005335251942249778,
    "total_energy_joules": 19206.9069920992,
    "final_emissions": 0.002032464227400053
  }
}