{
  "process_id": 2505213,
  "local_process_index": 2,
  "energy_results": {
    "cpu_power": 112.5,
    "gpu_power": 264.66213448921485,
    "ram_power": 0.6663951873779297,
    "cpu_energy": 0.0015426175575285021,
    "gpu_energy": 0.0034786769496055747,
    "ram_energy": 6.407333518418667e-06,
    "total_energy_kwh": 0.0050277018406524945,
    "total_energy_joules": 18099.72662634898,
    "final_emissions": 0.0019153030161965679
  }
}