{
  "process_id": 428844,
  "local_process_index": 3,
  "energy_results": {
    "cpu_power": 112.5,
    "gpu_power": 394.5104225202925,
    "ram_power": 0.974414348602295,
    "cpu_energy": 0.001139242698781118,
    "gpu_energy": 0.00415326026704993,
    "ram_energy": 7.814864489418439e-06,
    "total_energy_kwh": 0.0053003178303204675,
    "total_energy_joules": 19081.14418915368,
    "final_emissions": 0.002019156077460582
  }
}