{
  "process_id": 428841,
  "local_process_index": 0,
  "energy_results": {
    "cpu_power": 112.5,
    "gpu_power": 429.57394355753735,
    "ram_power": 0.9323272705078125,
    "cpu_energy": 0.0011387713251565402,
    "gpu_energy": 0.004154614990355965,
    "ram_energy": 7.455656332887617e-06,
    "total_energy_kwh": 0.005300841971845393,
    "total_energy_joules": 19083.031098643416,
    "final_emissions": 0.0020193557491745024
  }
}