{
  "process_id": 428843,
  "local_process_index": 2,
  "energy_results": {
    "cpu_power": 112.5,
    "gpu_power": 421.0102653294041,
    "ram_power": 0.9754815101623535,
    "cpu_energy": 0.0011385763301245788,
    "gpu_energy": 0.004151656376877977,
    "ram_energy": 7.786744219517089e-06,
    "total_energy_kwh": 0.005298019451222074,
    "total_energy_joules": 19072.870024399464,
    "final_emissions": 0.002018280509943049
  }
}