{
  "experiment_id": "0109",
  "local_process_results": {
    "cpu_power": {
      "process_0": 112.5
    },
    "gpu_power": {
      "process_0": 696.1754452422587
    },
    "ram_power": {
      "process_0": 0.7018489837646484
    },
    "cpu_energy": {
      "process_0": 0.0007161488071873803
    },
    "gpu_energy": {
      "process_0": 0.0037788024674839382
    },
    "ram_energy": {
      "process_0": 3.876286308789185e-06
    },
    "total_energy_kwh": {
      "process_0": 0.004498827560980107
    },
    "total_energy_joules": {
      "process_0": 16195.779219528387
    }
  },
  "global_experiment_results": {
    "cpu_power_avg": 112.5,
    "gpu_power_avg": 696.1754452422587,
    "ram_power_avg": 0.7018489837646484,
    "cpu_energy_total": 0.0007161488071873803,
    "gpu_energy_total": 0.0037788024674839382,
    "ram_energy_total": 3.876286308789185e-06,
    "total_energy_kwh": 0.004498827560980107,
    "total_energy_joules": 16195.779219528387
  },
  "global_derived_quantities": {
    "tokens_per_joule": 1.0116215946093325,
    "joules_per_token": 0.9885119152544183,
    "flops_per_joule": 1046567180.4610815,
    "joules_per_flop": 9.55504833965302e-10
  },
  "per-process_emissions": [
    0.001713828359355372
  ]
}