{
  "process_id": 2187092,
  "local_process_index": 3,
  "energy_results": {
    "cpu_power": 112.5,
    "gpu_power": 373.12997812845583,
    "ram_power": 0.7074580192565918,
    "cpu_energy": 0.0006591639266243874,
    "gpu_energy": 0.003911797573877607,
    "ram_energy": 4.954425562988613e-06,
    "total_energy_kwh": 0.004575915926064981,
    "total_energy_joules": 16473.29733383393,
    "final_emissions": 0.0017431951720344545
  }
}