{
  "process_id": 2187091,
  "local_process_index": 2,
  "energy_results": {
    "cpu_power": 112.5,
    "gpu_power": 169.9176747164201,
    "ram_power": 0.7034754753112793,
    "cpu_energy": 0.0006535476508433932,
    "gpu_energy": 0.003883536440158153,
    "ram_energy": 5.258171028961924e-06,
    "total_energy_kwh": 0.004542342262030509,
    "total_energy_joules": 16352.432143309832,
    "final_emissions": 0.0017304052847205223
  }
}