{
  "experiment_id": "0471",
  "local_process_results": {
    "cpu_power": {
      "process_3": 112.5,
      "process_2": 112.5,
      "process_1": 112.5,
      "process_0": 112.5
    },
    "gpu_power": {
      "process_3": 373.12997812845583,
      "process_2": 169.9176747164201,
      "process_1": 533.6535506494008,
      "process_0": 491.7658077946189
    },
    "ram_power": {
      "process_3": 0.7074580192565918,
      "process_2": 0.7034754753112793,
      "process_1": 0.7049160003662109,
      "process_0": 0.6730856895446777
    },
    "cpu_energy": {
      "process_3": 0.0006591639266243874,
      "process_2": 0.0006535476508433932,
      "process_1": 0.0006683404628402057,
      "process_0": 0.0006570236186271357
    },
    "gpu_energy": {
      "process_3": 0.003911797573877607,
      "process_2": 0.003883536440158153,
      "process_1": 0.003901154232031523,
      "process_0": 0.0039060339581578063
    },
    "ram_energy": {
      "process_3": 4.954425562988613e-06,
      "process_2": 5.258171028961924e-06,
      "process_1": 4.937228355266901e-06,
      "process_0": 4.668893481430283e-06
    },
    "total_energy_kwh": {
      "process_3": 0.004575915926064981,
      "process_2": 0.004542342262030509,
      "process_1": 0.004574431923226998,
      "process_0": 0.004567726470266374
    },
    "total_energy_joules": {
      "process_3": 16473.29733383393,
      "process_2": 16352.432143309832,
      "process_1": 16467.95492361719,
      "process_0": 16443.815292958945
    }
  },
  "global_experiment_results": {
    "cpu_power_avg": 112.5,
    "gpu_power_avg": 392.11675282222393,
    "ram_power_avg": 0.6972337961196899,
    "cpu_energy_total": 0.002638075658935122,
    "gpu_energy_total": 0.015602522204225089,
    "ram_energy_total": 1.981871842864772e-05,
    "total_energy_kwh": 0.018260416581588862,
    "total_energy_joules": 65737.49969371989
  },
  "global_derived_quantities": {
    "tokens_per_joule": 0.2492336957799631,
    "joules_per_token": 4.0122985652905205,
    "flops_per_joule": 257843256.4688992,
    "joules_per_flop": 3.878325203050711e-09
  },
  "per-process_emissions": [
    0.0017431951720344545,
    0.0017304052847205223,
    0.0017426298411533248,
    0.0017400753988479753
  ]
}