{
  "experiment_id": "0180",
  "local_process_results": {
    "cpu_power": {
      "process_0": 112.5,
      "process_1": 112.5,
      "process_2": 112.5,
      "process_3": 112.5
    },
    "gpu_power": {
      "process_0": 657.723018640388,
      "process_1": 637.2011770937162,
      "process_2": 733.0640309480707,
      "process_3": 538.970033170825
    },
    "ram_power": {
      "process_0": 0.7011938095092773,
      "process_1": 0.6508727073669434,
      "process_2": 0.6490345001220703,
      "process_3": 0.6567478179931641
    },
    "cpu_energy": {
      "process_0": 0.0006748335689373448,
      "process_1": 0.0006956569255312957,
      "process_2": 0.0007258380810001769,
      "process_3": 0.0007692793901250069
    },
    "gpu_energy": {
      "process_0": 0.004674691517528112,
      "process_1": 0.004717777663107964,
      "process_2": 0.0046747248508880734,
      "process_3": 0.005087402125474122
    },
    "ram_energy": {
      "process_0": 4.3072106257579945e-06,
      "process_1": 3.7581135560010614e-06,
      "process_2": 3.92798769118201e-06,
      "process_3": 4.557191093008676e-06
    },
    "total_energy_kwh": {
      "process_0": 0.005353832297091212,
      "process_1": 0.0054171927021952615,
      "process_2": 0.005404490919579433,
      "process_3": 0.0058612387066921375
    },
    "total_energy_joules": {
      "process_0": 19273.796269528364,
      "process_1": 19501.89372790294,
      "process_2": 19456.16731048596,
      "process_3": 21100.459344091694
    }
  },
  "global_experiment_results": {
    "cpu_power_avg": 112.5,
    "gpu_power_avg": 641.7395649632499,
    "ram_power_avg": 0.6644622087478638,
    "cpu_energy_total": 0.002865607965593824,
    "gpu_energy_total": 0.01915459615699827,
    "ram_energy_total": 1.655050296594974e-05,
    "total_energy_kwh": 0.022036754625558045,
    "total_energy_joules": 79332.31665200896
  },
  "global_derived_quantities": {
    "tokens_per_joule": 0.20652365506819095,
    "joules_per_token": 4.842060342529844,
    "flops_per_joule": 213657834.6438944,
    "joules_per_flop": 4.680380673457212e-09
  },
  "per-process_emissions": [
    0.002039542413576897,
    0.0020636795599012847,
    0.002058840815813785,
    0.00223283888531437
  ]
}