{
  "process_id": 2561232,
  "local_process_index": 3,
  "energy_results": {
    "cpu_power": 112.5,
    "gpu_power": 297.2027124307129,
    "ram_power": 0.7278599739074707,
    "cpu_energy": 0.0014041714237473567,
    "gpu_energy": 0.005331077042634913,
    "ram_energy": 7.028738139140117e-06,
    "total_energy_kwh": 0.006742277204521407,
    "total_energy_joules": 24272.197936277065,
    "final_emissions": 0.00256847050106243
  }
}