{
  "process_id": 2561230,
  "local_process_index": 1,
  "energy_results": {
    "cpu_power": 112.5,
    "gpu_power": 366.51462475488506,
    "ram_power": 0.7210307121276855,
    "cpu_energy": 0.001364884477529813,
    "gpu_energy": 0.005215485283496024,
    "ram_energy": 6.689411190075405e-06,
    "total_energy_kwh": 0.0065870591722159135,
    "total_energy_joules": 23713.413019977288,
    "final_emissions": 0.0025093401916556524
  }
}