{
  "process_id": 359101,
  "local_process_index": 1,
  "energy_results": {
    "cpu_power": 112.5,
    "gpu_power": 442.0448047825455,
    "ram_power": 0.9808959960937501,
    "cpu_energy": 0.001150721263094283,
    "gpu_energy": 0.004136562198135962,
    "ram_energy": 7.857745169843334e-06,
    "total_energy_kwh": 0.005295141206400087,
    "total_energy_joules": 19062.508343040314,
    "final_emissions": 0.0020171840425781133
  }
}