{
  "process_id": 359103,
  "local_process_index": 3,
  "energy_results": {
    "cpu_power": 112.5,
    "gpu_power": 459.8663452656568,
    "ram_power": 0.9602551460266113,
    "cpu_energy": 0.0011482332380934397,
    "gpu_energy": 0.004134282196311845,
    "ram_energy": 7.681444544530481e-06,
    "total_energy_kwh": 0.0052901968789498145,
    "total_energy_joules": 19044.708764219333,
    "final_emissions": 0.0020153005010359317
  }
}