{
  "experiment_id": "0270",
  "local_process_results": {
    "cpu_power": {
      "process_1": 112.5,
      "process_3": 112.5,
      "process_2": 112.5,
      "process_0": 112.5
    },
    "gpu_power": {
      "process_1": 442.0448047825455,
      "process_3": 459.8663452656568,
      "process_2": 358.5420132562019,
      "process_0": 380.1699622084422
    },
    "ram_power": {
      "process_1": 0.9808959960937501,
      "process_3": 0.9602551460266113,
      "process_2": 0.9797015190124512,
      "process_0": 0.927495002746582
    },
    "cpu_energy": {
      "process_1": 0.001150721263094283,
      "process_3": 0.0011482332380934397,
      "process_2": 0.0011627235772817815,
      "process_0": 0.0011549111850625879
    },
    "gpu_energy": {
      "process_1": 0.004136562198135962,
      "process_3": 0.004134282196311845,
      "process_2": 0.004168778335019996,
      "process_0": 0.004150578320459841
    },
    "ram_energy": {
      "process_1": 7.857745169843334e-06,
      "process_3": 7.681444544530481e-06,
      "process_2": 7.999086739899876e-06,
      "process_0": 7.4707559343074324e-06
    },
    "total_energy_kwh": {
      "process_1": 0.005295141206400087,
      "process_3": 0.0052901968789498145,
      "process_2": 0.005339500999041679,
      "process_0": 0.005312960261456737
    },
    "total_energy_joules": {
      "process_1": 19062.508343040314,
      "process_3": 19044.708764219333,
      "process_2": 19222.203596550044,
      "process_0": 19126.65694124425
    }
  },
  "global_experiment_results": {
    "cpu_power_avg": 112.5,
    "gpu_power_avg": 410.1557813782116,
    "ram_power_avg": 0.9620869159698486,
    "cpu_energy_total": 0.004616589263532093,
    "gpu_energy_total": 0.016590201049927644,
    "ram_energy_total": 3.100903238858112e-05,
    "total_energy_kwh": 0.021237799345848317,
    "total_energy_joules": 76456.07764505394
  },
  "global_derived_quantities": {
    "tokens_per_joule": 0.21429297061330357,
    "joules_per_token": 4.666508645327999,
    "flops_per_joule": 221695534.41966978,
    "joules_per_flop": 4.51069076613424e-09
  },
  "per-process_emissions": [
    0.0020171840425781133,
    0.0020153005010359317,
    0.002034082905584928,
    0.002023972211601944
  ]
}