{
  "process_id": 1511077,
  "local_process_index": 1,
  "energy_results": {
    "cpu_power": 112.5,
    "gpu_power": 184.65913877387962,
    "ram_power": 4.412232398986816,
    "cpu_energy": 0.0001580942943437549,
    "gpu_energy": 0.00026935271548200745,
    "ram_energy": 4.954669727274733e-06,
    "total_energy_kwh": 0.0004324016795530371,
    "total_energy_joules": 1556.6460463909336,
    "final_emissions": 0.0001647234198257295
  }
}