{
  "process_id": 1511078,
  "local_process_index": 2,
  "energy_results": {
    "cpu_power": 112.5,
    "gpu_power": 168.2395107778057,
    "ram_power": 4.414629936218262,
    "cpu_energy": 0.00016715328890495588,
    "gpu_energy": 0.0002831182820495215,
    "ram_energy": 6.194382354326996e-06,
    "total_energy_kwh": 0.0004564659533088043,
    "total_energy_joules": 1643.2774319116957,
    "final_emissions": 0.00017389070491298901
  }
}