{
  "process_id": 1511076,
  "local_process_index": 0,
  "energy_results": {
    "cpu_power": 112.5,
    "gpu_power": 158.9618211451071,
    "ram_power": 4.414618492126465,
    "cpu_energy": 0.0001648182881890534,
    "gpu_energy": 0.00028017439080585405,
    "ram_energy": 4.942978978883936e-06,
    "total_energy_kwh": 0.00044993565797379144,
    "total_energy_joules": 1619.7683687056492,
    "final_emissions": 0.00017140298890511586
  }
}