{
  "process_id": 1511084,
  "local_process_index": 3,
  "energy_results": {
    "cpu_power": 112.5,
    "gpu_power": 118.76508214858683,
    "ram_power": 4.415801525115967,
    "cpu_energy": 0.0001664226582233823,
    "gpu_energy": 0.00028120300274103727,
    "ram_energy": 6.1543524392689455e-06,
    "total_energy_kwh": 0.00045378001340368857,
    "total_energy_joules": 1633.6080482532789,
    "final_emissions": 0.00017286749610613517
  }
}