{
  "process_id": 186916,
  "local_process_index": 3,
  "energy_results": {
    "cpu_power": 112.5,
    "gpu_power": 450.4156934014709,
    "ram_power": 0.6507754325866699,
    "cpu_energy": 0.0007637203689374133,
    "gpu_energy": 0.005074829615415999,
    "ram_energy": 4.1160342691738795e-06,
    "total_energy_kwh": 0.005842666018622584,
    "total_energy_joules": 21033.597667041304,
    "final_emissions": 0.0022257636197942736
  }
}