{
  "experiment_id": "0178",
  "local_process_results": {
    "cpu_power": {
      "process_2": 112.5,
      "process_0": 112.5,
      "process_1": 112.5,
      "process_3": 112.5
    },
    "gpu_power": {
      "process_2": 3250.96622414159,
      "process_0": 52.11142761814016,
      "process_1": 1049.9266729050191,
      "process_3": 450.4156934014709
    },
    "ram_power": {
      "process_2": 0.6559181213378906,
      "process_0": 0.7019248008728028,
      "process_1": 0.6521615982055664,
      "process_3": 0.6507754325866699
    },
    "cpu_energy": {
      "process_2": 0.0006655698255626703,
      "process_0": 0.0006661676490627997,
      "process_1": 0.0006325367172189544,
      "process_3": 0.0007637203689374133
    },
    "gpu_energy": {
      "process_2": 0.004765836868222018,
      "process_0": 0.004795792447742142,
      "process_1": 0.004781029935932074,
      "process_3": 0.005074829615415999
    },
    "ram_energy": {
      "process_2": 3.631007003517781e-06,
      "process_0": 3.8572559117538315e-06,
      "process_1": 3.735801204744296e-06,
      "process_3": 4.1160342691738795e-06
    },
    "total_energy_kwh": {
      "process_2": 0.0054350377007882054,
      "process_0": 0.005465817352716696,
      "process_1": 0.005417302454355772,
      "process_3": 0.005842666018622584
    },
    "total_energy_joules": {
      "process_2": 19566.13572283754,
      "process_0": 19676.942469780104,
      "process_1": 19502.28883568078,
      "process_3": 21033.597667041304
    }
  },
  "global_experiment_results": {
    "cpu_power_avg": 112.5,
    "gpu_power_avg": 1200.855004516555,
    "ram_power_avg": 0.6651949882507324,
    "cpu_energy_total": 0.0027279945607818377,
    "gpu_energy_total": 0.019417488867312233,
    "ram_energy_total": 1.5340098389189786e-05,
    "total_energy_kwh": 0.022160823526483256,
    "total_energy_joules": 79778.96469533973
  },
  "global_derived_quantities": {
    "tokens_per_joule": 0.2053674181229011,
    "joules_per_token": 4.869321575643294,
    "flops_per_joule": 212461656.5015681,
    "joules_per_flop": 4.706731635562764e-09
  },
  "per-process_emissions": [
    0.0020704776121152667,
    0.0020822031205174254,
    0.0020637213699868317,
    0.0022257636197942736
  ]
}