{
  "process_id": 212729,
  "local_process_index": 2,
  "energy_results": {
    "cpu_power": 112.5,
    "gpu_power": 596.2544139700799,
    "ram_power": 0.6483364105224609,
    "cpu_energy": 0.0007174172563754837,
    "gpu_energy": 0.004758213528789967,
    "ram_energy": 4.1768339299485e-06,
    "total_energy_kwh": 0.005479807619095399,
    "total_energy_joules": 19727.307428743436,
    "final_emissions": 0.002087532712494392
  }
}