{
  "process_id": 2511531,
  "local_process_index": 0,
  "energy_results": {
    "cpu_power": 112.5,
    "gpu_power": 258.2240767636241,
    "ram_power": 0.6875495910644531,
    "cpu_energy": 0.0015009003554978338,
    "gpu_energy": 0.0036480390295392517,
    "ram_energy": 6.633159971391655e-06,
    "total_energy_kwh": 0.005155572545008477,
    "total_energy_joules": 18560.061162030517,
    "final_emissions": 0.0019640153610209795
  }
}