{
  "process_id": 383222,
  "local_process_index": 0,
  "energy_results": {
    "cpu_power": 112.5,
    "gpu_power": 365.5587253377288,
    "ram_power": 0.9332470893859863,
    "cpu_energy": 0.001156956679687596,
    "gpu_energy": 0.00414834248533813,
    "ram_energy": 7.555357360497081e-06,
    "total_energy_kwh": 0.0053128545223862225,
    "total_energy_joules": 19126.276280590402,
    "final_emissions": 0.0020239319303030313
  }
}