{
  "process_id": 383223,
  "local_process_index": 1,
  "energy_results": {
    "cpu_power": 112.5,
    "gpu_power": 329.05223013518423,
    "ram_power": 0.9653792381286621,
    "cpu_energy": 0.0011672183879063598,
    "gpu_energy": 0.004176825563680042,
    "ram_energy": 7.871278043935633e-06,
    "total_energy_kwh": 0.005351915229630338,
    "total_energy_joules": 19266.894826669217,
    "final_emissions": 0.002038812106727677
  }
}