{
  "process_id": 90752,
  "local_process_index": 1,
  "energy_results": {
    "cpu_power": 112.5,
    "gpu_power": 506.2097790768871,
    "ram_power": 0.9801349639892579,
    "cpu_energy": 0.0011268923265624262,
    "gpu_energy": 0.0053041211877380146,
    "ram_energy": 8.285938064791328e-06,
    "total_energy_kwh": 0.006439299452365234,
    "total_energy_joules": 23181.47802851484,
    "final_emissions": 0.002453051126378536
  }
}