{
  "process_id": 90754,
  "local_process_index": 3,
  "energy_results": {
    "cpu_power": 112.5,
    "gpu_power": 676.823882633681,
    "ram_power": 0.9675006866455078,
    "cpu_energy": 0.0011745620718126592,
    "gpu_energy": 0.005513312743980092,
    "ram_energy": 8.705309070087195e-06,
    "total_energy_kwh": 0.006696580124862838,
    "total_energy_joules": 24107.688449506215,
    "final_emissions": 0.002551062198566498
  }
}