{
  "process_id": 424769,
  "local_process_index": 1,
  "energy_results": {
    "cpu_power": 112.5,
    "gpu_power": 436.92118438130547,
    "ram_power": 0.9782481193542479,
    "cpu_energy": 0.0011456740541872248,
    "gpu_energy": 0.004159865550111885,
    "ram_energy": 8.058037173251429e-06,
    "total_energy_kwh": 0.005313597641472363,
    "total_energy_joules": 19128.951509300507,
    "final_emissions": 0.0020242150215188967
  }
}