{
  "experiment_id": "0110",
  "local_process_results": {
    "cpu_power": {
      "process_0": 112.5,
      "process_1": 112.5
    },
    "gpu_power": {
      "process_0": 473.28516894085715,
      "process_1": 852.2836530668404
    },
    "ram_power": {
      "process_0": 0.7012195587158203,
      "process_1": 0.6558823585510255
    },
    "cpu_energy": {
      "process_0": 0.0007164897692188676,
      "process_1": 0.00108366329471869
    },
    "gpu_energy": {
      "process_0": 0.0041876055723040345,
      "process_1": 0.005985419510553966
    },
    "ram_energy": {
      "process_0": 3.8376475285984905e-06,
      "process_1": 5.622894387410731e-06
    },
    "total_energy_kwh": {
      "process_0": 0.004907932989051498,
      "process_1": 0.007074705699660064
    },
    "total_energy_joules": {
      "process_0": 17668.558760585394,
      "process_1": 25468.94051877623
    }
  },
  "global_experiment_results": {
    "cpu_power_avg": 112.5,
    "gpu_power_avg": 662.7844110038488,
    "ram_power_avg": 0.6785509586334229,
    "cpu_energy_total": 0.0018001530639375576,
    "gpu_energy_total": 0.010173025082858,
    "ram_energy_total": 9.460541916009223e-06,
    "total_energy_kwh": 0.011982638688711562,
    "total_energy_joules": 43137.499279361626
  },
  "global_derived_quantities": {
    "tokens_per_joule": 0.3798087574315796,
    "joules_per_token": 2.6329040087500992,
    "flops_per_joule": 392928919.7638171,
    "joules_per_flop": 2.5449895635095607e-09
  },
  "per-process_emissions": [
    0.0018696770721791682,
    0.0026951091362855013
  ]
}