{
  "process_id": 2164694,
  "local_process_index": 1,
  "energy_results": {
    "cpu_power": 112.5,
    "gpu_power": 288.5212071483749,
    "ram_power": 0.6960768699645996,
    "cpu_energy": 0.006804216947097306,
    "gpu_energy": 0.016958953289374357,
    "ram_energy": 3.8223420559360066e-05,
    "total_energy_kwh": 0.02380139365703103,
    "total_energy_joules": 85685.01716531171,
    "final_emissions": 0.009067140913645971
  }
}