{
  "process_id": 2164693,
  "local_process_index": 0,
  "energy_results": {
    "cpu_power": 112.5,
    "gpu_power": 618.5369724119101,
    "ram_power": 0.6615514755249023,
    "cpu_energy": 0.006834305859825694,
    "gpu_energy": 0.017174821239845706,
    "ram_energy": 3.6917144858110423e-05,
    "total_energy_kwh": 0.02404604424452952,
    "total_energy_joules": 86565.75928030627,
    "final_emissions": 0.009160340554953522
  }
}