{
  "process_id": 2164696,
  "local_process_index": 3,
  "energy_results": {
    "cpu_power": 112.5,
    "gpu_power": 281.0634771452549,
    "ram_power": 0.6924562454223633,
    "cpu_energy": 0.006790802156325295,
    "gpu_energy": 0.017104042294332267,
    "ram_energy": 3.839607401880737e-05,
    "total_energy_kwh": 0.02393324052467638,
    "total_energy_joules": 86159.66588883496,
    "final_emissions": 0.009117367977875468
  }
}