{
  "experiment_id": "0459",
  "local_process_results": {
    "cpu_power": {
      "process_0": 112.5,
      "process_3": 112.5,
      "process_2": 112.5,
      "process_1": 112.5
    },
    "gpu_power": {
      "process_0": 618.5369724119101,
      "process_3": 281.0634771452549,
      "process_2": 85.97048507517535,
      "process_1": 288.5212071483749
    },
    "ram_power": {
      "process_0": 0.6615514755249023,
      "process_3": 0.6924562454223633,
      "process_2": 0.699188232421875,
      "process_1": 0.6960768699645996
    },
    "cpu_energy": {
      "process_0": 0.006834305859825694,
      "process_3": 0.006790802156325295,
      "process_2": 0.006840965800261986,
      "process_1": 0.006804216947097306
    },
    "gpu_energy": {
      "process_0": 0.017174821239845706,
      "process_3": 0.017104042294332267,
      "process_2": 0.016879057669900277,
      "process_1": 0.016958953289374357
    },
    "ram_energy": {
      "process_0": 3.6917144858110423e-05,
      "process_3": 3.839607401880737e-05,
      "process_2": 3.916727568929606e-05,
      "process_1": 3.8223420559360066e-05
    },
    "total_energy_kwh": {
      "process_0": 0.02404604424452952,
      "process_3": 0.02393324052467638,
      "process_2": 0.023759190745851547,
      "process_1": 0.02380139365703103
    },
    "total_energy_joules": {
      "process_0": 86565.75928030627,
      "process_3": 86159.66588883496,
      "process_2": 85533.08668506557,
      "process_1": 85685.01716531171
    }
  },
  "global_experiment_results": {
    "cpu_power_avg": 112.5,
    "gpu_power_avg": 318.52303544517883,
    "ram_power_avg": 0.6873182058334351,
    "cpu_energy_total": 0.02727029076351028,
    "gpu_energy_total": 0.0681168744934526,
    "ram_energy_total": 0.00015270391512557392,
    "total_energy_kwh": 0.09553986917208848,
    "total_energy_joules": 343943.5290195185
  },
  "global_derived_quantities": {
    "tokens_per_joule": 0.032409390087311155,
    "joules_per_token": 30.85525513766202,
    "flops_per_joule": 49281261.49508137,
    "joules_per_flop": 2.029168835501111e-08
  },
  "per-process_emissions": [
    0.009160340554953522,
    0.009117367977875468,
    0.009051063714632147,
    0.009067140913645971
  ]
}