{
  "process_id": 54114,
  "local_process_index": 2,
  "energy_results": {
    "cpu_power": 112.5,
    "gpu_power": 730.4733323093229,
    "ram_power": 0.6517009735107423,
    "cpu_energy": 0.0009008104859688046,
    "gpu_energy": 0.00592325001637406,
    "ram_energy": 4.5716254748404535e-06,
    "total_energy_kwh": 0.006828632127817705,
    "total_energy_joules": 24583.075660143735,
    "final_emissions": 0.0026013674090921545
  }
}