{
  "experiment_id": "0068",
  "local_process_results": {
    "cpu_power": {
      "process_0": 112.5,
      "process_1": 112.5,
      "process_2": 112.5
    },
    "gpu_power": {
      "process_0": 696.5594731562404,
      "process_1": 476.803636788845,
      "process_2": 730.4733323093229
    },
    "ram_power": {
      "process_0": 0.7012767791748047,
      "process_1": 0.6507582664489746,
      "process_2": 0.6517009735107423
    },
    "cpu_energy": {
      "process_0": 0.0007330277759684807,
      "process_1": 0.0009372378677501274,
      "process_2": 0.0009008104859688046
    },
    "gpu_energy": {
      "process_0": 0.004943030898865941,
      "process_1": 0.006087661536791966,
      "process_2": 0.00592325001637406
    },
    "ram_energy": {
      "process_0": 3.950379154920785e-06,
      "process_1": 4.776331069454824e-06,
      "process_2": 4.5716254748404535e-06
    },
    "total_energy_kwh": {
      "process_0": 0.005680009053989341,
      "process_1": 0.00702967573561155,
      "process_2": 0.006828632127817705
    },
    "total_energy_joules": {
      "process_0": 20448.03259436163,
      "process_1": 25306.83264820158,
      "process_2": 24583.075660143735
    }
  },
  "global_experiment_results": {
    "cpu_power_avg": 112.5,
    "gpu_power_avg": 634.612147418136,
    "ram_power_avg": 0.6679120063781738,
    "cpu_energy_total": 0.002571076129687413,
    "gpu_energy_total": 0.016953942452031967,
    "ram_energy_total": 1.3298335699216062e-05,
    "total_energy_kwh": 0.019538316917418596,
    "total_energy_joules": 70337.94090270695
  },
  "global_derived_quantities": {
    "tokens_per_joule": 0.23293260777512273,
    "joules_per_token": 4.293087213299985,
    "flops_per_joule": 240979061.59348038,
    "joules_per_flop": 4.149738128231863e-09
  },
  "per-process_emissions": [
    0.0021637994491172396,
    0.00267795497148122,
    0.0026013674090921545
  ]
}