{
  "process_id": 53290,
  "local_process_index": 1,
  "energy_results": {
    "cpu_power": 112.5,
    "gpu_power": 530.905825028438,
    "ram_power": 0.6506323814392091,
    "cpu_energy": 0.0009197742600935043,
    "gpu_energy": 0.005217601951855999,
    "ram_energy": 4.7165971604303475e-06,
    "total_energy_kwh": 0.006142092809109933,
    "total_energy_joules": 22111.534112795758,
    "final_emissions": 0.002339830255630429
  }
}