{
  "experiment_id": "0302",
  "local_process_results": {
    "cpu_power": {
      "process_2": 112.5,
      "process_3": 112.5,
      "process_0": 112.5,
      "process_1": 112.5
    },
    "gpu_power": {
      "process_2": 422.5950535074562,
      "process_3": 0.0,
      "process_0": 425.0000449984457,
      "process_1": 428.8016495184117
    },
    "ram_power": {
      "process_2": 0.9751567840576173,
      "process_3": 0.9590234756469727,
      "process_0": 0.9253263473510742,
      "process_1": 0.9793009757995605
    },
    "cpu_energy": {
      "process_2": 0.00113344947637529,
      "process_3": 0.0011483055740313833,
      "process_0": 0.0011443010092500572,
      "process_1": 0.0011342009950625423
    },
    "gpu_energy": {
      "process_2": 0.004113688013170136,
      "process_3": 0.004147301373394141,
      "process_0": 0.00413771747683811,
      "process_1": 0.004113688013170136
    },
    "ram_energy": {
      "process_2": 7.752193471164641e-06,
      "process_3": 7.923955074155306e-06,
      "process_0": 7.466373932549577e-06,
      "process_1": 7.812283439053733e-06
    },
    "total_energy_kwh": {
      "process_2": 0.005254889683016591,
      "process_3": 0.005303530902499676,
      "process_0": 0.005289484860020717,
      "process_1": 0.005255701291671733
    },
    "total_energy_joules": {
      "process_2": 18917.602858859726,
      "process_3": 19092.711248998836,
      "process_0": 19042.14549607458,
      "process_1": 18920.52465001824
    }
  },
  "global_experiment_results": {
    "cpu_power_avg": 112.5,
    "gpu_power_avg": 319.0991870060784,
    "ram_power_avg": 0.9597018957138062,
    "cpu_energy_total": 0.004560257054719273,
    "gpu_energy_total": 0.016512394876572523,
    "ram_energy_total": 3.095480591692326e-05,
    "total_energy_kwh": 0.021103606737208718,
    "total_energy_joules": 75972.98425395138
  },
  "global_derived_quantities": {
    "tokens_per_joule": 0.215655606540793,
    "joules_per_token": 4.637022964718712,
    "flops_per_joule": 223105241.4170558,
    "joules_per_flop": 4.482189632338923e-09
  },
  "per-process_emissions": [
    0.0020018502247451703,
    0.0020203800973072517,
    0.002015029257424892,
    0.002002159407062347
  ]
}