{
  "process_id": 399959,
  "local_process_index": 1,
  "energy_results": {
    "cpu_power": 112.5,
    "gpu_power": 428.8016495184117,
    "ram_power": 0.9793009757995605,
    "cpu_energy": 0.0011342009950625423,
    "gpu_energy": 0.004113688013170136,
    "ram_energy": 7.812283439053733e-06,
    "total_energy_kwh": 0.005255701291671733,
    "total_energy_joules": 18920.52465001824,
    "final_emissions": 0.002002159407062347
  }
}