{
  "process_id": 399961,
  "local_process_index": 3,
  "energy_results": {
    "cpu_power": 112.5,
    "gpu_power": 0.0,
    "ram_power": 0.9590234756469727,
    "cpu_energy": 0.0011483055740313833,
    "gpu_energy": 0.004147301373394141,
    "ram_energy": 7.923955074155306e-06,
    "total_energy_kwh": 0.005303530902499676,
    "total_energy_joules": 19092.711248998836,
    "final_emissions": 0.0020203800973072517
  }
}