{
  "process_id": 399960,
  "local_process_index": 2,
  "energy_results": {
    "cpu_power": 112.5,
    "gpu_power": 422.5950535074562,
    "ram_power": 0.9751567840576173,
    "cpu_energy": 0.00113344947637529,
    "gpu_energy": 0.004113688013170136,
    "ram_energy": 7.752193471164641e-06,
    "total_energy_kwh": 0.005254889683016591,
    "total_energy_joules": 18917.602858859726,
    "final_emissions": 0.0020018502247451703
  }
}