{
  "process_id": 355030,
  "local_process_index": 1,
  "energy_results": {
    "cpu_power": 112.5,
    "gpu_power": 322.2025244874692,
    "ram_power": 0.9767889976501465,
    "cpu_energy": 0.0011486801939059887,
    "gpu_energy": 0.004146182205831961,
    "ram_energy": 8.101166612985797e-06,
    "total_energy_kwh": 0.005302963566350937,
    "total_energy_joules": 19090.66883886337,
    "final_emissions": 0.0020201639706013894
  }
}