{
  "process_id": 355032,
  "local_process_index": 3,
  "energy_results": {
    "cpu_power": 112.5,
    "gpu_power": 291.42455435842214,
    "ram_power": 0.9686765670776367,
    "cpu_energy": 0.0011451472466253562,
    "gpu_energy": 0.0041457277610241206,
    "ram_energy": 8.03078612654698e-06,
    "total_energy_kwh": 0.005298905793776024,
    "total_energy_joules": 19076.060857593686,
    "final_emissions": 0.002018618162138976
  }
}