{
  "process_id": 355031,
  "local_process_index": 2,
  "energy_results": {
    "cpu_power": 112.5,
    "gpu_power": 430.0994897495285,
    "ram_power": 0.9455809593200684,
    "cpu_energy": 0.001140693874312774,
    "gpu_energy": 0.004127856080059944,
    "ram_energy": 7.59106843159263e-06,
    "total_energy_kwh": 0.00527614102280431,
    "total_energy_joules": 18994.107682095517,
    "final_emissions": 0.002009945922637302
  }
}