{
  "experiment_id": "0267",
  "local_process_results": {
    "cpu_power": {
      "process_3": 112.5,
      "process_0": 112.5,
      "process_2": 112.5,
      "process_1": 112.5
    },
    "gpu_power": {
      "process_3": 291.42455435842214,
      "process_0": 293.89295061101956,
      "process_2": 430.0994897495285,
      "process_1": 322.2025244874692
    },
    "ram_power": {
      "process_3": 0.9686765670776367,
      "process_0": 0.9184513092041016,
      "process_2": 0.9455809593200684,
      "process_1": 0.9767889976501465
    },
    "cpu_energy": {
      "process_3": 0.0011451472466253562,
      "process_0": 0.0011586253475624059,
      "process_2": 0.001140693874312774,
      "process_1": 0.0011486801939059887
    },
    "gpu_energy": {
      "process_3": 0.0041457277610241206,
      "process_0": 0.0041744536173380364,
      "process_2": 0.004127856080059944,
      "process_1": 0.004146182205831961
    },
    "ram_energy": {
      "process_3": 8.03078612654698e-06,
      "process_0": 7.42117637642562e-06,
      "process_2": 7.59106843159263e-06,
      "process_1": 8.101166612985797e-06
    },
    "total_energy_kwh": {
      "process_3": 0.005298905793776024,
      "process_0": 0.005340500141276868,
      "process_2": 0.00527614102280431,
      "process_1": 0.005302963566350937
    },
    "total_energy_joules": {
      "process_3": 19076.060857593686,
      "process_0": 19225.800508596723,
      "process_2": 18994.107682095517,
      "process_1": 19090.66883886337
    }
  },
  "global_experiment_results": {
    "cpu_power_avg": 112.5,
    "gpu_power_avg": 334.4048798016098,
    "ram_power_avg": 0.9523744583129883,
    "cpu_energy_total": 0.004593146662406525,
    "gpu_energy_total": 0.016594219664254062,
    "ram_energy_total": 3.114419754755103e-05,
    "total_energy_kwh": 0.021218510524208135,
    "total_energy_joules": 76386.63788714929
  },
  "global_derived_quantities": {
    "tokens_per_joule": 0.21448777499809715,
    "joules_per_token": 4.662270378854327,
    "flops_per_joule": 221897068.15206662,
    "joules_per_flop": 4.50659401824407e-09
  },
  "per-process_emissions": [
    0.002018618162138976,
    0.002034463528819423,
    0.002009945922637302,
    0.0020201639706013894
  ]
}