{
  "process_id": 143988,
  "local_process_index": 2,
  "energy_results": {
    "cpu_power": 112.5,
    "gpu_power": 1490.4211229655557,
    "ram_power": 0.6618232727050781,
    "cpu_energy": 0.00061023932009374,
    "gpu_energy": 0.00471315182607393,
    "ram_energy": 4.0108423442707194e-06,
    "total_energy_kwh": 0.0053274019885119405,
    "total_energy_joules": 19178.647158642987,
    "final_emissions": 0.002029473787523624
  }
}