{
  "process_id": 31221,
  "local_process_index": 0,
  "energy_results": {
    "cpu_power": 112.5,
    "gpu_power": 834.7779391888886,
    "ram_power": 0.6955461502075195,
    "cpu_energy": 0.0004790921812499817,
    "gpu_energy": 0.003944072321921996,
    "ram_energy": 2.6075542343306114e-06,
    "total_energy_kwh": 0.0044257720574063086,
    "total_energy_joules": 15932.77940666271,
    "final_emissions": 0.0016859978652689334
  }
}