{
  "process_id": 31224,
  "local_process_index": 3,
  "energy_results": {
    "cpu_power": 112.5,
    "gpu_power": 742.3818225101627,
    "ram_power": 0.6500186920166016,
    "cpu_energy": 0.00048361783574999605,
    "gpu_energy": 0.003969213730923987,
    "ram_energy": 2.4588394603316787e-06,
    "total_energy_kwh": 0.004455290406134315,
    "total_energy_joules": 16039.045462083535,
    "final_emissions": 0.0016972428802168673
  }
}