{
  "process_id": 31223,
  "local_process_index": 2,
  "energy_results": {
    "cpu_power": 112.5,
    "gpu_power": 1097.4918875735164,
    "ram_power": 0.6571483612060547,
    "cpu_energy": 0.00047280332662499804,
    "gpu_energy": 0.003903137289174005,
    "ram_energy": 2.4278290786709455e-06,
    "total_energy_kwh": 0.004378368444877673,
    "total_energy_joules": 15762.126401559624,
    "final_emissions": 0.0016679394590761497
  }
}