{
  "process_id": 117763,
  "local_process_index": 0,
  "energy_results": {
    "cpu_power": 112.5,
    "gpu_power": 74.89972690334207,
    "ram_power": 0.6956691741943359,
    "cpu_energy": 0.0007190182851875306,
    "gpu_energy": 0.004668275956840079,
    "ram_energy": 4.209147376345436e-06,
    "total_energy_kwh": 0.005391503389403954,
    "total_energy_joules": 19409.412201854237,
    "final_emissions": 0.002053893216193436
  }
}