{
  "process_id": 323589,
  "local_process_index": 3,
  "energy_results": {
    "cpu_power": 112.5,
    "gpu_power": 702.6304094074885,
    "ram_power": 0.9417872428894044,
    "cpu_energy": 0.0002987165154063405,
    "gpu_energy": 0.001559195414022052,
    "ram_energy": 2.015336074075374e-06,
    "total_energy_kwh": 0.0018599272655024683,
    "total_energy_joules": 6695.7381558088855,
    "final_emissions": 0.0007085392917931653
  }
}