{
  "experiment_id": "0243",
  "local_process_results": {
    "cpu_power": {
      "process_1": 112.5,
      "process_2": 112.5,
      "process_3": 112.5,
      "process_0": 112.5
    },
    "gpu_power": {
      "process_1": 663.5375880765018,
      "process_2": 702.5172962012202,
      "process_3": 702.6304094074885,
      "process_0": 642.5165018339551
    },
    "ram_power": {
      "process_1": 0.9706120491027832,
      "process_2": 0.9751596450805664,
      "process_3": 0.9417872428894044,
      "process_0": 0.9328179359436035
    },
    "cpu_energy": {
      "process_1": 0.0002979203534999897,
      "process_2": 0.00029710987237479,
      "process_3": 0.0002987165154063405,
      "process_0": 0.0003006319594373963
    },
    "gpu_energy": {
      "process_1": 0.001559195414022052,
      "process_2": 0.001553562631738059,
      "process_3": 0.001559195414022052,
      "process_0": 0.0015627095835001326
    },
    "ram_energy": {
      "process_1": 2.081475683072484e-06,
      "process_2": 2.043841084610094e-06,
      "process_3": 2.015336074075374e-06,
      "process_0": 2.015357617333118e-06
    },
    "total_energy_kwh": {
      "process_1": 0.001859197243205114,
      "process_2": 0.0018527163451974595,
      "process_3": 0.0018599272655024683,
      "process_0": 0.001865356900554862
    },
    "total_energy_joules": {
      "process_1": 6693.1100755384105,
      "process_2": 6669.778842710854,
      "process_3": 6695.7381558088855,
      "process_0": 6715.2848419975035
    }
  },
  "global_experiment_results": {
    "cpu_power_avg": 112.5,
    "gpu_power_avg": 677.8004488797915,
    "ram_power_avg": 0.9550942182540894,
    "cpu_energy_total": 0.0011943787007185165,
    "gpu_energy_total": 0.006234663043282296,
    "ram_energy_total": 8.15601045909107e-06,
    "total_energy_kwh": 0.007437197754459904,
    "total_energy_joules": 26773.91191605565
  },
  "global_derived_quantities": {
    "tokens_per_joule": 0.6119389669828159,
    "joules_per_token": 1.6341498972201935,
    "flops_per_joule": 633077864.9864581,
    "joules_per_flop": 1.5795845271282555e-09
  },
  "per-process_emissions": [
    0.0007082611897989882,
    0.0007057922917029722,
    0.0007085392917931653,
    0.0007106077112663747
  ]
}