{
  "process_id": 1505830,
  "local_process_index": 0,
  "energy_results": {
    "cpu_power": 112.5,
    "gpu_power": 94.86115518611443,
    "ram_power": 2.332005500793457,
    "cpu_energy": 0.00014832772834233769,
    "gpu_energy": 0.00013590677539054852,
    "ram_energy": 2.4771979173997315e-06,
    "total_energy_kwh": 0.00028671170165028593,
    "total_energy_joules": 1032.1621259410294,
    "final_emissions": 0.00010922282274367643
  }
}