{
  "experiment_id": "0300",
  "local_process_results": {
    "cpu_power": {
      "process_2": 112.5,
      "process_1": 112.5,
      "process_3": 112.5,
      "process_0": 112.5
    },
    "gpu_power": {
      "process_2": 415.740948254861,
      "process_1": 456.8359573594204,
      "process_3": 0.0,
      "process_0": 375.38526560195
    },
    "ram_power": {
      "process_2": 0.9709396362304688,
      "process_1": 0.9707021713256836,
      "process_3": 0.9501228332519532,
      "process_0": 0.8920612335205078
    },
    "cpu_energy": {
      "process_2": 0.0011361071433127565,
      "process_1": 0.0011262399479686563,
      "process_3": 0.0011719106633436244,
      "process_0": 0.001152011785843456
    },
    "gpu_energy": {
      "process_2": 0.004117583571841776,
      "process_1": 0.004086087157756102,
      "process_3": 0.0041463524837460075,
      "process_0": 0.004160898606493935
    },
    "ram_energy": {
      "process_2": 7.779169064469106e-06,
      "process_1": 7.657706694033373e-06,
      "process_3": 7.80852132449874e-06,
      "process_0": 7.159155372218623e-06
    },
    "total_energy_kwh": {
      "process_2": 0.005261469884219003,
      "process_1": 0.005219984812418791,
      "process_3": 0.005326071668414134,
      "process_0": 0.0053200695477096105
    },
    "total_energy_joules": {
      "process_2": 18941.291583188413,
      "process_1": 18791.945324707645,
      "process_3": 19173.85800629088,
      "process_0": 19152.2503717546
    }
  },
  "global_experiment_results": {
    "cpu_power_avg": 112.5,
    "gpu_power_avg": 311.99054280405784,
    "ram_power_avg": 0.9459564685821533,
    "cpu_energy_total": 0.004586269540468493,
    "gpu_energy_total": 0.01651092181983782,
    "ram_energy_total": 3.040455245521984e-05,
    "total_energy_kwh": 0.02112759591276154,
    "total_energy_joules": 76059.34528594154
  },
  "global_derived_quantities": {
    "tokens_per_joule": 0.21541074194637255,
    "joules_per_token": 4.642294023800143,
    "flops_per_joule": 222851918.188743,
    "joules_per_flop": 4.4872846871932974e-09
  },
  "per-process_emissions": [
    0.0020043569523932295,
    0.0019885532142909384,
    0.0020289670020823642,
    0.002026680494199976
  ]
}