{
  "process_id": 397263,
  "local_process_index": 1,
  "energy_results": {
    "cpu_power": 112.5,
    "gpu_power": 456.8359573594204,
    "ram_power": 0.9707021713256836,
    "cpu_energy": 0.0011262399479686563,
    "gpu_energy": 0.004086087157756102,
    "ram_energy": 7.657706694033373e-06,
    "total_energy_kwh": 0.005219984812418791,
    "total_energy_joules": 18791.945324707645,
    "final_emissions": 0.0019885532142909384
  }
}