{
  "process_id": 397265,
  "local_process_index": 3,
  "energy_results": {
    "cpu_power": 112.5,
    "gpu_power": 0.0,
    "ram_power": 0.9501228332519532,
    "cpu_energy": 0.0011719106633436244,
    "gpu_energy": 0.0041463524837460075,
    "ram_energy": 7.80852132449874e-06,
    "total_energy_kwh": 0.005326071668414134,
    "total_energy_joules": 19173.85800629088,
    "final_emissions": 0.0020289670020823642
  }
}