{
  "process_id": 2419869,
  "local_process_index": 0,
  "energy_results": {
    "cpu_power": 112.5,
    "gpu_power": 0.0,
    "ram_power": 0.676966667175293,
    "cpu_energy": 0.0015451625708137726,
    "gpu_energy": 0.0006358974531621708,
    "ram_energy": 4.6775874939662005e-06,
    "total_energy_kwh": 0.002185737611469909,
    "total_energy_joules": 7868.655401291673,
    "final_emissions": 0.0008326567430894619
  }
}