{
  "process_id": 202883,
  "local_process_index": 2,
  "energy_results": {
    "cpu_power": 112.5,
    "gpu_power": 82.86553161976956,
    "ram_power": 0.6551198959350586,
    "cpu_energy": 0.0007134681467191515,
    "gpu_energy": 0.004761841309470105,
    "ram_energy": 3.891134479846889e-06,
    "total_energy_kwh": 0.005479200590669104,
    "total_energy_joules": 19725.122126408773,
    "final_emissions": 0.0020873014650153953
  }
}