{
  "process_id": 2523526,
  "local_process_index": 1,
  "energy_results": {
    "cpu_power": 112.5,
    "gpu_power": 342.21244993662947,
    "ram_power": 0.7146005630493164,
    "cpu_energy": 0.0012777349984398826,
    "gpu_energy": 0.0032008145050945735,
    "ram_energy": 6.181970218807053e-06,
    "total_energy_kwh": 0.004484731473753262,
    "total_energy_joules": 16145.033305511743,
    "final_emissions": 0.0017084584549263051
  }
}