{
  "process_id": 166698,
  "local_process_index": 0,
  "energy_results": {
    "cpu_power": 112.5,
    "gpu_power": 1022.6959624907024,
    "ram_power": 0.7029862403869629,
    "cpu_energy": 0.0006275894238438584,
    "gpu_energy": 0.004741778793419971,
    "ram_energy": 4.0161562525851065e-06,
    "total_energy_kwh": 0.005373384373516412,
    "total_energy_joules": 19344.183744659083,
    "final_emissions": 0.0020469907770910775
  }
}