{
  "experiment_id": "0465",
  "local_process_results": {
    "cpu_power": {
      "process_2": 112.5,
      "process_1": 112.5,
      "process_0": 112.5,
      "process_3": 112.5
    },
    "gpu_power": {
      "process_2": 699.2141291557597,
      "process_1": 43.087610512329576,
      "process_0": 68.9115609963859,
      "process_3": 74.79588888336274
    },
    "ram_power": {
      "process_2": 0.7021880149841309,
      "process_1": 0.7042036056518555,
      "process_0": 0.6774616241455078,
      "process_3": 0.7074551582336426
    },
    "cpu_energy": {
      "process_2": 0.000852772029780681,
      "process_1": 0.0008795877125376137,
      "process_0": 0.0009104481243211922,
      "process_3": 0.0008947495836309829
    },
    "gpu_energy": {
      "process_2": 0.003964363727043896,
      "process_1": 0.003951601772389068,
      "process_0": 0.003956392887333848,
      "process_3": 0.003959347611920627
    },
    "ram_energy": {
      "process_2": 5.022281451478466e-06,
      "process_1": 5.820666865404446e-06,
      "process_0": 5.4302695665528875e-06,
      "process_3": 5.9349072435542635e-06
    },
    "total_energy_kwh": {
      "process_2": 0.004822158038276056,
      "process_1": 0.004837010151792085,
      "process_0": 0.004872271281221592,
      "process_3": 0.004860032102795166
    },
    "total_energy_joules": {
      "process_2": 17359.7689377938,
      "process_1": 17413.236546451506,
      "process_0": 17540.176612397732,
      "process_3": 17496.115570062597
    }
  },
  "global_experiment_results": {
    "cpu_power_avg": 112.5,
    "gpu_power_avg": 221.50229738695947,
    "ram_power_avg": 0.6978271007537842,
    "cpu_energy_total": 0.0035375574502704695,
    "gpu_energy_total": 0.01583170599868744,
    "ram_energy_total": 2.2208125126990063e-05,
    "total_energy_kwh": 0.019391471574084898,
    "total_energy_joules": 69809.29766670564
  },
  "global_derived_quantities": {
    "tokens_per_joule": 0.23469653108706282,
    "joules_per_token": 4.260821390790139,
    "flops_per_joule": 242803918.0980903,
    "joules_per_flop": 4.118549683353999e-09
  },
  "per-process_emissions": [
    0.0018370011046812637,
    0.0018426590173251948,
    0.0018560917445813656,
    0.0018514292295598186
  ]
}