{
  "process_id": 2177787,
  "local_process_index": 1,
  "energy_results": {
    "cpu_power": 112.5,
    "gpu_power": 43.087610512329576,
    "ram_power": 0.7042036056518555,
    "cpu_energy": 0.0008795877125376137,
    "gpu_energy": 0.003951601772389068,
    "ram_energy": 5.820666865404446e-06,
    "total_energy_kwh": 0.004837010151792085,
    "total_energy_joules": 17413.236546451506,
    "final_emissions": 0.0018426590173251948
  }
}