{
  "process_id": 198118,
  "local_process_index": 3,
  "energy_results": {
    "cpu_power": 112.5,
    "gpu_power": 460.4587746955642,
    "ram_power": 0.6509613990783691,
    "cpu_energy": 0.0007373927128127208,
    "gpu_energy": 0.0050810476759459156,
    "ram_energy": 4.331520349563762e-06,
    "total_energy_kwh": 0.005822771909108199,
    "total_energy_joules": 20961.978872789517,
    "final_emissions": 0.0022181849587747686
  }
}