{
  "process_id": 75558,
  "local_process_index": 1,
  "energy_results": {
    "cpu_power": 112.5,
    "gpu_power": 472.7769991652675,
    "ram_power": 0.6512947082519531,
    "cpu_energy": 0.0035828151012186693,
    "gpu_energy": 0.019340131305426,
    "ram_energy": 1.807212589344287e-05,
    "total_energy_kwh": 0.022941018532538122,
    "total_energy_joules": 82587.66671713724,
    "final_emissions": 0.008739381009970397
  }
}