{
  "process_id": 75560,
  "local_process_index": 3,
  "energy_results": {
    "cpu_power": 112.5,
    "gpu_power": 495.6929873129303,
    "ram_power": 0.6527552604675294,
    "cpu_energy": 0.003210426923343733,
    "gpu_energy": 0.01784459899789001,
    "ram_energy": 1.608493731436124e-05,
    "total_energy_kwh": 0.0210711108585481,
    "total_energy_joules": 75855.99909077317,
    "final_emissions": 0.008027039681563899
  }
}