{
  "process_id": 1507956,
  "local_process_index": 1,
  "energy_results": {
    "cpu_power": 112.5,
    "gpu_power": 107.19290801150342,
    "ram_power": 2.3146233558654785,
    "cpu_energy": 0.00016408841515658425,
    "gpu_energy": 0.0001428928920907957,
    "ram_energy": 2.619644648062989e-06,
    "total_energy_kwh": 0.00030960095189544294,
    "total_energy_joules": 1114.5634268235947,
    "final_emissions": 0.00011794248262456899
  }
}