{
  "experiment_id": "0374",
  "local_process_results": {
    "cpu_power": {
      "process_0": 112.5
    },
    "gpu_power": {
      "process_0": 170.80214223087614
    },
    "ram_power": {
      "process_0": 0.6804084777832031
    },
    "cpu_energy": {
      "process_0": 0.001575507727562126
    },
    "gpu_energy": {
      "process_0": 0.002325691582773848
    },
    "ram_energy": {
      "process_0": 7.111859972663061e-06
    },
    "total_energy_kwh": {
      "process_0": 0.003908311170308637
    },
    "total_energy_joules": {
      "process_0": 14069.920213111094
    }
  },
  "global_experiment_results": {
    "cpu_power_avg": 112.5,
    "gpu_power_avg": 170.80214223087614,
    "ram_power_avg": 0.6804084777832031,
    "cpu_energy_total": 0.001575507727562126,
    "gpu_energy_total": 0.002325691582773848,
    "ram_energy_total": 7.111859972663061e-06,
    "total_energy_kwh": 0.003908311170308637,
    "total_energy_joules": 14069.920213111094
  },
  "global_derived_quantities": {
    "tokens_per_joule": 1.16447000067083,
    "joules_per_token": 0.8587597786322689,
    "flops_per_joule": 1204695601.4261632,
    "joules_per_flop": 8.300852089242818e-10
  },
  "per-process_emissions": [
    0.0014888711403290753
  ]
}