{
  "process_id": 2528494,
  "local_process_index": 2,
  "energy_results": {
    "cpu_power": 112.5,
    "gpu_power": 427.6232011005906,
    "ram_power": 0.7102818489074707,
    "cpu_energy": 0.0007016002928730813,
    "gpu_energy": 0.0023758388451140533,
    "ram_energy": 3.188023068280025e-06,
    "total_energy_kwh": 0.003080627161055414,
    "total_energy_joules": 11090.25777979949,
    "final_emissions": 0.0011735649170040601
  }
}