{
  "process_id": 2528495,
  "local_process_index": 3,
  "energy_results": {
    "cpu_power": 112.5,
    "gpu_power": 300.45743023838514,
    "ram_power": 0.7144317626953125,
    "cpu_energy": 0.0007825080200318554,
    "gpu_energy": 0.0026010095808055578,
    "ram_energy": 3.7008832502855327e-06,
    "total_energy_kwh": 0.0033872184840876983,
    "total_energy_joules": 12193.986542715715,
    "final_emissions": 0.0012903608815132087
  }
}