{
  "experiment_id": "0412",
  "local_process_results": {
    "cpu_power": {
      "process_3": 112.5,
      "process_1": 112.5,
      "process_2": 112.5,
      "process_0": 112.5
    },
    "gpu_power": {
      "process_3": 251.80867462506328,
      "process_1": 342.21244993662947,
      "process_2": 267.9322717241126,
      "process_0": 263.5286408784059
    },
    "ram_power": {
      "process_3": 0.7050933837890625,
      "process_1": 0.7146005630493164,
      "process_2": 0.7064638137817384,
      "process_0": 0.6767363548278809
    },
    "cpu_energy": {
      "process_3": 0.0013973218744058613,
      "process_1": 0.0012777349984398826,
      "process_2": 0.001633601110247583,
      "process_0": 0.0016054774939348137
    },
    "gpu_energy": {
      "process_3": 0.003503929747585399,
      "process_1": 0.0032008145050945735,
      "process_2": 0.004043984068518025,
      "process_0": 0.003975621236050886
    },
    "ram_energy": {
      "process_3": 6.188621892262254e-06,
      "process_1": 6.181970218807053e-06,
      "process_2": 7.230717122868017e-06,
      "process_0": 6.808770150172153e-06
    },
    "total_energy_kwh": {
      "process_3": 0.004907440243883522,
      "process_1": 0.004484731473753262,
      "process_2": 0.005684815895888477,
      "process_0": 0.0055879075001358715
    },
    "total_energy_joules": {
      "process_3": 17666.784877980677,
      "process_1": 16145.033305511743,
      "process_2": 20465.337225198517,
      "process_0": 20116.467000489138
    }
  },
  "global_experiment_results": {
    "cpu_power_avg": 112.5,
    "gpu_power_avg": 281.3705092910528,
    "ram_power_avg": 0.7007235288619995,
    "cpu_energy_total": 0.00591413547702814,
    "gpu_energy_total": 0.014724349557248884,
    "ram_energy_total": 2.6410079384109474e-05,
    "total_energy_kwh": 0.02066489511366113,
    "total_energy_joules": 74393.62240918007
  },
  "global_derived_quantities": {
    "tokens_per_joule": 0.22023393228366625,
    "joules_per_token": 4.540626367747807,
    "flops_per_joule": 227841721.43041655,
    "joules_per_flop": 4.38901178292494e-09
  },
  "per-process_emissions": [
    0.0018694893609074276,
    0.0017084584549263051,
    0.0021656306155387155,
    0.0021287133621767603
  ]
}