{
  "experiment_id": "0199",
  "local_process_results": {
    "cpu_power": {
      "process_2": 112.5,
      "process_1": 112.5,
      "process_0": 112.5,
      "process_3": 112.5
    },
    "gpu_power": {
      "process_2": 1156.9694162967278,
      "process_1": 2278.4883648484474,
      "process_0": 963.5893203021967,
      "process_3": 538.2578390592178
    },
    "ram_power": {
      "process_2": 0.6530213356018068,
      "process_1": 0.6538181304931641,
      "process_0": 0.7024884223937989,
      "process_3": 0.6622467041015625
    },
    "cpu_energy": {
      "process_2": 0.0006360206005936107,
      "process_1": 0.0006622620218441851,
      "process_0": 0.0006315458203123398,
      "process_3": 0.0007506199693746113
    },
    "gpu_energy": {
      "process_2": 0.004752374357451905,
      "process_1": 0.004747160742169909,
      "process_0": 0.004759010196093927,
      "process_3": 0.0050210995724317975
    },
    "ram_energy": {
      "process_2": 3.7454053714375474e-06,
      "process_1": 3.916678215929463e-06,
      "process_0": 4.02693019992514e-06,
      "process_3": 4.450812516499455e-06
    },
    "total_energy_kwh": {
      "process_2": 0.005392140363416953,
      "process_1": 0.005413339442230023,
      "process_0": 0.005394582946606191,
      "process_3": 0.005776170354322908
    },
    "total_energy_joules": {
      "process_2": 19411.70530830103,
      "process_1": 19488.021992028083,
      "process_0": 19420.498607782287,
      "process_3": 20794.21327556247
    }
  },
  "global_experiment_results": {
    "cpu_power_avg": 112.5,
    "gpu_power_avg": 1234.3262351266476,
    "ram_power_avg": 0.667893648147583,
    "cpu_energy_total": 0.002680448412124747,
    "gpu_energy_total": 0.01927964486814754,
    "ram_energy_total": 1.6139826303791608e-05,
    "total_energy_kwh": 0.021976233106576076,
    "total_energy_joules": 79114.43918367388
  },
  "global_derived_quantities": {
    "tokens_per_joule": 0.20709241156298325,
    "joules_per_token": 4.828762157206658,
    "flops_per_joule": 214246238.33584362,
    "joules_per_flop": 4.667526523534294e-09
  },
  "per-process_emissions": [
    0.0020541358714436884,
    0.0020622116605175274,
    0.0020550663735096285,
    0.002200432096479312
  ]
}