{
  "process_id": 2498802,
  "local_process_index": 2,
  "energy_results": {
    "cpu_power": 112.5,
    "gpu_power": 235.85956048273903,
    "ram_power": 0.6727023124694824,
    "cpu_energy": 0.0014122875318471415,
    "gpu_energy": 0.003409253838511317,
    "ram_energy": 6.045532998779379e-06,
    "total_energy_kwh": 0.00482758690335724,
    "total_energy_joules": 17379.312852086063,
    "final_emissions": 0.0018390692308339405
  }
}