{
  "process_id": 2498803,
  "local_process_index": 3,
  "energy_results": {
    "cpu_power": 112.5,
    "gpu_power": 267.12113661310246,
    "ram_power": 0.6717967987060548,
    "cpu_energy": 0.0015031331499058072,
    "gpu_energy": 0.0036035992717664556,
    "ram_energy": 6.218259350582113e-06,
    "total_energy_kwh": 0.005112950681022845,
    "total_energy_joules": 18406.62245168224,
    "final_emissions": 0.0019477785619356528
  }
}