{
  "process_id": 2518810,
  "local_process_index": 3,
  "energy_results": {
    "cpu_power": 112.5,
    "gpu_power": 263.9496854050716,
    "ram_power": 0.722501277923584,
    "cpu_energy": 0.0015982989755293606,
    "gpu_energy": 0.003658949038267467,
    "ram_energy": 7.151493438849062e-06,
    "total_energy_kwh": 0.005264399507235675,
    "total_energy_joules": 18951.83822604843,
    "final_emissions": 0.0020054729922814305
  }
}