{
  "experiment_id": "0409",
  "local_process_results": {
    "cpu_power": {
      "process_1": 112.5,
      "process_3": 112.5,
      "process_0": 112.5,
      "process_2": 112.5
    },
    "gpu_power": {
      "process_1": 219.43342190343768,
      "process_3": 263.9496854050716,
      "process_0": 275.27531827606686,
      "process_2": 327.8405998107189
    },
    "ram_power": {
      "process_1": 0.7208218574523926,
      "process_3": 0.722501277923584,
      "process_0": 0.6896538734436035,
      "process_2": 0.7257428169250488
    },
    "cpu_energy": {
      "process_1": 0.0015186304569042475,
      "process_3": 0.0015982989755293606,
      "process_0": 0.001583323487966481,
      "process_2": 0.0015497239599044403
    },
    "gpu_energy": {
      "process_1": 0.0034639002711183142,
      "process_3": 0.003658949038267467,
      "process_0": 0.003626947345999554,
      "process_2": 0.0035395667205397885
    },
    "ram_energy": {
      "process_1": 6.688081425201263e-06,
      "process_3": 7.151493438849062e-06,
      "process_0": 6.6962789185751605e-06,
      "process_2": 6.879397748070049e-06
    },
    "total_energy_kwh": {
      "process_1": 0.004989218809447765,
      "process_3": 0.005264399507235675,
      "process_0": 0.005216967112884611,
      "process_2": 0.005096170078192299
    },
    "total_energy_joules": {
      "process_1": 17961.187714011954,
      "process_3": 18951.83822604843,
      "process_0": 18781.0816063846,
      "process_2": 18346.212281492277
    }
  },
  "global_experiment_results": {
    "cpu_power_avg": 112.5,
    "gpu_power_avg": 271.6247563488238,
    "ram_power_avg": 0.7146799564361572,
    "cpu_energy_total": 0.006249976880304529,
    "gpu_energy_total": 0.014289363375925124,
    "ram_energy_total": 2.7415251530695534e-05,
    "total_energy_kwh": 0.020566755507760347,
    "total_energy_joules": 74040.31982793726
  },
  "global_derived_quantities": {
    "tokens_per_joule": 0.2212848355878915,
    "joules_per_token": 4.519062489498124,
    "flops_per_joule": 228928927.27289858,
    "joules_per_flop": 4.368167937151661e-09
  },
  "per-process_emissions": [
    0.0019006429054591262,
    0.0020054729922814305,
    0.0019874036216533924,
    0.0019413859912873561
  ]
}