{
  "process_id": 2550445,
  "local_process_index": 1,
  "energy_results": {
    "cpu_power": 112.5,
    "gpu_power": 396.692773672862,
    "ram_power": 0.7051548957824707,
    "cpu_energy": 0.0012802943250007956,
    "gpu_energy": 0.0050561179337804685,
    "ram_energy": 5.9899162385782125e-06,
    "total_energy_kwh": 0.00634240217501984,
    "total_energy_joules": 22832.647830071426,
    "final_emissions": 0.0024161381085738083
  }
}