{
  "process_id": 233671,
  "local_process_index": 3,
  "energy_results": {
    "cpu_power": 112.5,
    "gpu_power": 532.7672312676534,
    "ram_power": 0.6579680442810059,
    "cpu_energy": 0.0010035968579369412,
    "gpu_energy": 0.005680288710894044,
    "ram_energy": 5.418404265587928e-06,
    "total_energy_kwh": 0.0066893039730965735,
    "total_energy_joules": 24081.494303147665,
    "final_emissions": 0.0025482903485511397
  }
}