{
  "process_id": 348298,
  "local_process_index": 1,
  "energy_results": {
    "cpu_power": 112.5,
    "gpu_power": 357.3890023960502,
    "ram_power": 0.9713659286499023,
    "cpu_energy": 0.0011638386040314118,
    "gpu_energy": 0.004157859992952095,
    "ram_energy": 7.896758875382802e-06,
    "total_energy_kwh": 0.005329595355858891,
    "total_energy_joules": 19186.54328109201,
    "final_emissions": 0.002030309350814445
  }
}