{
  "process_id": 348300,
  "local_process_index": 3,
  "energy_results": {
    "cpu_power": 112.5,
    "gpu_power": 425.0382826725326,
    "ram_power": 0.9803366661071777,
    "cpu_energy": 0.0011518144565627608,
    "gpu_energy": 0.004129672748180158,
    "ram_energy": 7.875873391649334e-06,
    "total_energy_kwh": 0.005289363078134566,
    "total_energy_joules": 19041.707081284436,
    "final_emissions": 0.002014982864615363
  }
}