{
  "process_id": 357765,
  "local_process_index": 1,
  "energy_results": {
    "cpu_power": 112.5,
    "gpu_power": 431.64789773561614,
    "ram_power": 0.978292465209961,
    "cpu_energy": 0.001150720224156771,
    "gpu_energy": 0.004159571105431914,
    "ram_energy": 7.848215900882174e-06,
    "total_energy_kwh": 0.005318139545489568,
    "total_energy_joules": 19145.302363762443,
    "final_emissions": 0.002025945259854251
  }
}