{
  "process_id": 357764,
  "local_process_index": 0,
  "energy_results": {
    "cpu_power": 112.5,
    "gpu_power": 681.9458710430555,
    "ram_power": 0.9013881683349609,
    "cpu_energy": 0.0011468827930933686,
    "gpu_energy": 0.004151759432516056,
    "ram_energy": 7.453290437229088e-06,
    "total_energy_kwh": 0.005306095516046653,
    "total_energy_joules": 19101.94385776795,
    "final_emissions": 0.0020213570868379722
  }
}