{
  "experiment_id": "0269",
  "local_process_results": {
    "cpu_power": {
      "process_0": 112.5,
      "process_2": 112.5,
      "process_1": 112.5,
      "process_3": 112.5
    },
    "gpu_power": {
      "process_0": 681.9458710430555,
      "process_2": 405.3370891174073,
      "process_1": 431.64789773561614,
      "process_3": 494.84939350935184
    },
    "ram_power": {
      "process_0": 0.9013881683349609,
      "process_2": 0.9799661636352539,
      "process_1": 0.978292465209961,
      "process_3": 0.972433090209961
    },
    "cpu_energy": {
      "process_0": 0.0011468827930933686,
      "process_2": 0.0011466094444372175,
      "process_1": 0.001150720224156771,
      "process_3": 0.001146376896781135
    },
    "gpu_energy": {
      "process_0": 0.004151759432516056,
      "process_2": 0.004152781377778136,
      "process_1": 0.004159571105431914,
      "process_3": 0.004152781377778136
    },
    "ram_energy": {
      "process_0": 7.453290437229088e-06,
      "process_2": 7.841731046488007e-06,
      "process_1": 7.848215900882174e-06,
      "process_3": 7.781806993895987e-06
    },
    "total_energy_kwh": {
      "process_0": 0.005306095516046653,
      "process_2": 0.00530723255326184,
      "process_1": 0.005318139545489568,
      "process_3": 0.005306940081553169
    },
    "total_energy_joules": {
      "process_0": 19101.94385776795,
      "process_2": 19106.037191742624,
      "process_1": 19145.302363762443,
      "process_3": 19104.98429359141
    }
  },
  "global_experiment_results": {
    "cpu_power_avg": 112.5,
    "gpu_power_avg": 503.4450628513577,
    "ram_power_avg": 0.9580199718475342,
    "cpu_energy_total": 0.004590589358468492,
    "gpu_energy_total": 0.016616893293504242,
    "ram_energy_total": 3.0925044378495256e-05,
    "total_energy_kwh": 0.02123840769635123,
    "total_energy_joules": 76458.26770686443
  },
  "global_derived_quantities": {
    "tokens_per_joule": 0.21428683243014468,
    "joules_per_token": 4.6666423160927994,
    "flops_per_joule": 221689184.19832614,
    "joules_per_flop": 4.5108199735418145e-09
  },
  "per-process_emissions": [
    0.0020213570868379722,
    0.002021790241165098,
    0.002025945259854251,
    0.00202167882406768
  ]
}