{
  "process_id": 357766,
  "local_process_index": 2,
  "energy_results": {
    "cpu_power": 112.5,
    "gpu_power": 405.3370891174073,
    "ram_power": 0.9799661636352539,
    "cpu_energy": 0.0011466094444372175,
    "gpu_energy": 0.004152781377778136,
    "ram_energy": 7.841731046488007e-06,
    "total_energy_kwh": 0.00530723255326184,
    "total_energy_joules": 19106.037191742624,
    "final_emissions": 0.002021790241165098
  }
}