{
  "process_id": 357767,
  "local_process_index": 3,
  "energy_results": {
    "cpu_power": 112.5,
    "gpu_power": 494.84939350935184,
    "ram_power": 0.972433090209961,
    "cpu_energy": 0.001146376896781135,
    "gpu_energy": 0.004152781377778136,
    "ram_energy": 7.781806993895987e-06,
    "total_energy_kwh": 0.005306940081553169,
    "total_energy_joules": 19104.98429359141,
    "final_emissions": 0.00202167882406768
  }
}