{
  "process_id": 398625,
  "local_process_index": 2,
  "energy_results": {
    "cpu_power": 112.5,
    "gpu_power": 443.79984857483123,
    "ram_power": 0.9707450866699219,
    "cpu_energy": 0.0011360947903125411,
    "gpu_energy": 0.004106108284884058,
    "ram_energy": 7.722364906680388e-06,
    "total_energy_kwh": 0.0052499254401032775,
    "total_energy_joules": 18899.7315843718,
    "final_emissions": 0.0019999590964073434
  }
}