{
  "experiment_id": "0301",
  "local_process_results": {
    "cpu_power": {
      "process_2": 112.5,
      "process_3": 112.5,
      "process_1": 112.5,
      "process_0": 112.5
    },
    "gpu_power": {
      "process_2": 443.79984857483123,
      "process_3": 302.8619839605174,
      "process_1": 443.8863071531142,
      "process_0": 0.0
    },
    "ram_power": {
      "process_2": 0.9707450866699219,
      "process_3": 0.9590520858764648,
      "process_1": 0.9751009941101074,
      "process_0": 0.9160952568054199
    },
    "cpu_energy": {
      "process_2": 0.0011360947903125411,
      "process_3": 0.0011563648477501826,
      "process_1": 0.0011249567326558465,
      "process_0": 0.0011477762492189637
    },
    "gpu_energy": {
      "process_2": 0.004106108284884058,
      "process_3": 0.0041637441643260775,
      "process_1": 0.004081763543185957,
      "process_0": 0.004137360532108059
    },
    "ram_energy": {
      "process_2": 7.722364906680388e-06,
      "process_3": 7.762235993057113e-06,
      "process_1": 7.715356228594965e-06,
      "process_0": 7.604475222364343e-06
    },
    "total_energy_kwh": {
      "process_2": 0.0052499254401032775,
      "process_3": 0.005327871248069319,
      "process_1": 0.005214435632070397,
      "process_0": 0.005292741256549387
    },
    "total_energy_joules": {
      "process_2": 18899.7315843718,
      "process_3": 19180.336493049548,
      "process_1": 18771.96827545343,
      "process_0": 19053.868523577792
    }
  },
  "global_experiment_results": {
    "cpu_power_avg": 112.5,
    "gpu_power_avg": 297.63703492211573,
    "ram_power_avg": 0.9552483558654785,
    "cpu_energy_total": 0.004565192619937534,
    "gpu_energy_total": 0.01648897652450415,
    "ram_energy_total": 3.0804432350696814e-05,
    "total_energy_kwh": 0.021084973576792378,
    "total_energy_joules": 75905.90487645257
  },
  "global_derived_quantities": {
    "tokens_per_joule": 0.21584618517712478,
    "joules_per_token": 4.632928764431919,
    "flops_per_joule": 223302403.42619509,
    "joules_per_flop": 4.478232140168234e-09
  },
  "per-process_emissions": [
    0.0019999590964073434,
    0.002029652551952007,
    0.001986439254037218,
    0.002016269781682489
  ]
}