{
  "process_id": 398623,
  "local_process_index": 0,
  "energy_results": {
    "cpu_power": 112.5,
    "gpu_power": 0.0,
    "ram_power": 0.9160952568054199,
    "cpu_energy": 0.0011477762492189637,
    "gpu_energy": 0.004137360532108059,
    "ram_energy": 7.604475222364343e-06,
    "total_energy_kwh": 0.005292741256549387,
    "total_energy_joules": 19053.868523577792,
    "final_emissions": 0.002016269781682489
  }
}