{
  "process_id": 129443,
  "local_process_index": 0,
  "energy_results": {
    "cpu_power": 112.5,
    "gpu_power": 932.9717104495447,
    "ram_power": 0.7021679878234863,
    "cpu_energy": 0.0006838813139999615,
    "gpu_energy": 0.004772869651626044,
    "ram_energy": 4.3032814863919974e-06,
    "total_energy_kwh": 0.005461054247112397,
    "total_energy_joules": 19659.79528960463,
    "final_emissions": 0.0020803886154374678
  }
}