{
  "process_id": 129445,
  "local_process_index": 2,
  "energy_results": {
    "cpu_power": 112.5,
    "gpu_power": 933.9578987464005,
    "ram_power": 0.6651692390441895,
    "cpu_energy": 0.0006854742505937566,
    "gpu_energy": 0.004748861576863966,
    "ram_energy": 4.0802009774111404e-06,
    "total_energy_kwh": 0.005438416028435133,
    "total_energy_joules": 19578.29770236648,
    "final_emissions": 0.002071764586032364
  }
}