{
  "process_id": 2517421,
  "local_process_index": 1,
  "energy_results": {
    "cpu_power": 112.5,
    "gpu_power": 0.0,
    "ram_power": 0.6199464797973633,
    "cpu_energy": 0.0009056790871563863,
    "gpu_energy": 0.004937236727563743,
    "ram_energy": 3.8213676469162365e-06,
    "total_energy_kwh": 0.005846737182367045,
    "total_energy_joules": 21048.25385652136,
    "final_emissions": 0.002227314529622726
  }
}