{
  "process_id": 71681,
  "local_process_index": 1,
  "energy_results": {
    "cpu_power": 112.5,
    "gpu_power": 302.82021183125187,
    "ram_power": 0.9677953720092773,
    "cpu_energy": 0.00020243077978125256,
    "gpu_energy": 0.0007180594633360848,
    "ram_energy": 1.5241391465744703e-06,
    "total_energy_kwh": 0.0009220143822639117,
    "total_energy_joules": 3319.251776150082,
    "final_emissions": 0.0003512413789234372
  }
}