{
  "process_id": 183794,
  "local_process_index": 2,
  "energy_results": {
    "cpu_power": 112.5,
    "gpu_power": 646.4420666597293,
    "ram_power": 0.6500730514526368,
    "cpu_energy": 0.0006709256712812817,
    "gpu_energy": 0.004738821013275801,
    "ram_energy": 3.945804558167281e-06,
    "total_energy_kwh": 0.005413692489115248,
    "total_energy_joules": 19489.29296081489,
    "final_emissions": 0.0020623461537284536
  }
}