{
  "process_id": 183791,
  "local_process_index": 0,
  "energy_results": {
    "cpu_power": 112.5,
    "gpu_power": 807.718125448761,
    "ram_power": 0.7013211250305176,
    "cpu_energy": 0.000661944705499991,
    "gpu_energy": 0.004711800991659826,
    "ram_energy": 4.238676214109319e-06,
    "total_energy_kwh": 0.005377984373373927,
    "total_energy_joules": 19360.743744146137,
    "final_emissions": 0.0020487431470367977
  }
}