{
  "process_id": 2501929,
  "local_process_index": 3,
  "energy_results": {
    "cpu_power": 112.5,
    "gpu_power": 380.6076581810228,
    "ram_power": 0.7052206993103027,
    "cpu_energy": 0.0014576548447166712,
    "gpu_energy": 0.003606642051977582,
    "ram_energy": 6.472202159802746e-06,
    "total_energy_kwh": 0.005070769098854055,
    "total_energy_joules": 18254.7687558746,
    "final_emissions": 0.0019317094882084524
  }
}