{
  "process_id": 1444111,
  "local_process_index": 0,
  "energy_results": {
    "cpu_power": 112.5,
    "gpu_power": 103.06985046701041,
    "ram_power": 2.3067798614501953,
    "cpu_energy": 0.00013824622574611567,
    "gpu_energy": 0.00012756454649665017,
    "ram_energy": 2.3311733391811187e-06,
    "total_energy_kwh": 0.00026814194558194695,
    "total_energy_joules": 965.311004095009,
    "final_emissions": 0.0001021486741694427
  }
}