{
  "process_id": 1444112,
  "local_process_index": 1,
  "energy_results": {
    "cpu_power": 112.5,
    "gpu_power": 92.18185574182664,
    "ram_power": 2.305792808532715,
    "cpu_energy": 0.00013676017880970905,
    "gpu_energy": 0.00012544065590791575,
    "ram_energy": 2.244575452001622e-06,
    "total_energy_kwh": 0.0002644454101696265,
    "total_energy_joules": 952.0034766106554,
    "final_emissions": 0.00010074047900411921
  }
}