{
  "process_id": 303064,
  "local_process_index": 2,
  "energy_results": {
    "cpu_power": 112.5,
    "gpu_power": 13.580037379710893,
    "ram_power": 0.9592523574829102,
    "cpu_energy": 0.000913474575031387,
    "gpu_energy": 0.003923860639086119,
    "ram_energy": 9.095505575310753e-06,
    "total_energy_kwh": 0.004846430719692817,
    "total_energy_joules": 17447.150590894144,
    "final_emissions": 0.0018462477826669788
  }
}