{
  "process_id": 376544,
  "local_process_index": 0,
  "energy_results": {
    "cpu_power": 112.5,
    "gpu_power": 317.36318218404375,
    "ram_power": 0.9263577461242676,
    "cpu_energy": 0.00115348654937452,
    "gpu_energy": 0.004154977212868061,
    "ram_energy": 7.456374845608522e-06,
    "total_energy_kwh": 0.005315920137088188,
    "total_energy_joules": 19137.31249351748,
    "final_emissions": 0.0020250997762237453
  }
}