{
  "process_id": 304558,
  "local_process_index": 1,
  "energy_results": {
    "cpu_power": 112.5,
    "gpu_power": 477.04802031779883,
    "ram_power": 0.9675579071044922,
    "cpu_energy": 0.0010158575296250092,
    "gpu_energy": 0.004555309199799962,
    "ram_energy": 8.596689785485113e-06,
    "total_energy_kwh": 0.005579763419210458,
    "total_energy_joules": 20087.14830915765,
    "final_emissions": 0.0021256108745482238
  }
}