{
  "process_id": 304559,
  "local_process_index": 2,
  "energy_results": {
    "cpu_power": 112.5,
    "gpu_power": 439.56119486976627,
    "ram_power": 0.9756231307983398,
    "cpu_energy": 0.0010661270459060002,
    "gpu_energy": 0.004569421433311904,
    "ram_energy": 9.0313796074027e-06,
    "total_energy_kwh": 0.005644579858825306,
    "total_energy_joules": 20320.487491771102,
    "final_emissions": 0.0021503026972195007
  }
}