{
  "process_id": 304561,
  "local_process_index": 3,
  "energy_results": {
    "cpu_power": 112.5,
    "gpu_power": 444.9095672373735,
    "ram_power": 0.9581880569458009,
    "cpu_energy": 0.0010658281077817263,
    "gpu_energy": 0.004558312257757935,
    "ram_energy": 8.909190216155502e-06,
    "total_energy_kwh": 0.005633049555755815,
    "total_energy_joules": 20278.978400720935,
    "final_emissions": 0.0021459102282651776
  }
}