{
  "experiment_id": "0129",
  "local_process_results": {
    "cpu_power": {
      "process_1": 112.5,
      "process_3": 112.5,
      "process_0": 112.5,
      "process_2": 112.5
    },
    "gpu_power": {
      "process_1": 451.6823519951004,
      "process_3": 773.0542318010312,
      "process_0": 1009.1281413520077,
      "process_2": 62.15754546504467
    },
    "ram_power": {
      "process_1": 0.6505966186523438,
      "process_3": 0.6483249664306641,
      "process_0": 0.7012124061584473,
      "process_2": 0.6476454734802246
    },
    "cpu_energy": {
      "process_1": 0.01920413359000095,
      "process_3": 0.01945451635356205,
      "process_0": 0.018917432935312662,
      "process_2": 0.019364159280562638
    },
    "gpu_energy": {
      "process_1": 0.08847786633779212,
      "process_3": 0.087116457470888,
      "process_0": 0.08661857762813996,
      "process_2": 0.08806192572726201
    },
    "ram_energy": {
      "process_1": 0.00011095237706922414,
      "process_3": 0.00011053850846133131,
      "process_0": 0.00011611414483261811,
      "process_2": 0.00010957454039212523
    },
    "total_energy_kwh": {
      "process_1": 0.10779295230486215,
      "process_3": 0.10668151233291133,
      "process_0": 0.10565212470828525,
      "process_2": 0.10753565954821681
    },
    "total_energy_joules": {
      "process_1": 388054.62829750375,
      "process_3": 384053.44439848076,
      "process_0": 380347.6489498269,
      "process_2": 387128.3743735805
    }
  },
  "global_experiment_results": {
    "cpu_power_avg": 112.5,
    "gpu_power_avg": 574.005567653296,
    "ram_power_avg": 0.6619448661804199,
    "cpu_energy_total": 0.07694024215943829,
    "gpu_energy_total": 0.3502748271640821,
    "ram_energy_total": 0.0004471795707552988,
    "total_energy_kwh": 0.42766224889427557,
    "total_energy_joules": 1539584.096019392
  },
  "global_derived_quantities": {
    "tokens_per_joule": 0.010641835052960714,
    "joules_per_token": 93.96875586055859,
    "flops_per_joule": 11009447.965185076,
    "joules_per_flop": 9.083107556003506e-08
  },
  "per-process_emissions": [
    0.04106372518053723,
    0.04064032212322257,
    0.040248176907621266,
    0.04096570950489319
  ]
}