{
  "process_id": 101664,
  "local_process_index": 3,
  "energy_results": {
    "cpu_power": 112.5,
    "gpu_power": 773.0542318010312,
    "ram_power": 0.6483249664306641,
    "cpu_energy": 0.01945451635356205,
    "gpu_energy": 0.087116457470888,
    "ram_energy": 0.00011053850846133131,
    "total_energy_kwh": 0.10668151233291133,
    "total_energy_joules": 384053.44439848076,
    "final_emissions": 0.04064032212322257
  }
}