{
  "experiment_id": "0330",
  "local_process_results": {
    "cpu_power": {
      "process_2": 112.5,
      "process_3": 112.5,
      "process_0": 112.5,
      "process_1": 112.5
    },
    "gpu_power": {
      "process_2": 368.50873578091176,
      "process_3": 359.45410357203036,
      "process_0": 337.6562198380756,
      "process_1": 428.9298561902056
    },
    "ram_power": {
      "process_2": 0.9684247970581055,
      "process_3": 0.9748692512512207,
      "process_0": 0.9072790145874023,
      "process_1": 0.9763941764831543
    },
    "cpu_energy": {
      "process_2": 0.0012539194769055938,
      "process_3": 0.001246445036750174,
      "process_0": 0.00125943987562539,
      "process_1": 0.001224131389187505
    },
    "gpu_energy": {
      "process_2": 0.004295461214143925,
      "process_3": 0.004273142029622035,
      "process_0": 0.004315517896856025,
      "process_1": 0.004202419473044006
    },
    "ram_energy": {
      "process_2": 8.50134698044207e-06,
      "process_3": 8.651951662402772e-06,
      "process_0": 8.118531002223695e-06,
      "process_1": 8.5784329810978e-06
    },
    "total_energy_kwh": {
      "process_2": 0.005557882038029959,
      "process_3": 0.005528239018034611,
      "process_0": 0.005583076303483637,
      "process_1": 0.00543512929521261
    },
    "total_energy_joules": {
      "process_2": 20008.37533690785,
      "process_3": 19901.6604649246,
      "process_0": 20099.074692541093,
      "process_1": 19566.465462765394
    }
  },
  "global_experiment_results": {
    "cpu_power_avg": 112.5,
    "gpu_power_avg": 373.6372288453058,
    "ram_power_avg": 0.9567418098449707,
    "cpu_energy_total": 0.004983935778468663,
    "gpu_energy_total": 0.01708654061366599,
    "ram_energy_total": 3.3850262626166334e-05,
    "total_energy_kwh": 0.022104326654760816,
    "total_energy_joules": 79575.57595713894
  },
  "global_derived_quantities": {
    "tokens_per_joule": 0.20589232063899562,
    "joules_per_token": 4.856907712227718,
    "flops_per_joule": 213004691.31736612,
    "joules_per_flop": 4.6947322794409775e-09
  },
  "per-process_emissions": [
    0.002117275162387513,
    0.0021059826539202853,
    0.0021268729178120917,
    0.002070512505011244
  ]
}