{
  "process_id": 436642,
  "local_process_index": 0,
  "energy_results": {
    "cpu_power": 112.5,
    "gpu_power": 337.6562198380756,
    "ram_power": 0.9072790145874023,
    "cpu_energy": 0.00125943987562539,
    "gpu_energy": 0.004315517896856025,
    "ram_energy": 8.118531002223695e-06,
    "total_energy_kwh": 0.005583076303483637,
    "total_energy_joules": 20099.074692541093,
    "final_emissions": 0.0021268729178120917
  }
}