{
  "process_id": 436644,
  "local_process_index": 2,
  "energy_results": {
    "cpu_power": 112.5,
    "gpu_power": 368.50873578091176,
    "ram_power": 0.9684247970581055,
    "cpu_energy": 0.0012539194769055938,
    "gpu_energy": 0.004295461214143925,
    "ram_energy": 8.50134698044207e-06,
    "total_energy_kwh": 0.005557882038029959,
    "total_energy_joules": 20008.37533690785,
    "final_emissions": 0.002117275162387513
  }
}