{
  "process_id": 436645,
  "local_process_index": 3,
  "energy_results": {
    "cpu_power": 112.5,
    "gpu_power": 359.45410357203036,
    "ram_power": 0.9748692512512207,
    "cpu_energy": 0.001246445036750174,
    "gpu_energy": 0.004273142029622035,
    "ram_energy": 8.651951662402772e-06,
    "total_energy_kwh": 0.005528239018034611,
    "total_energy_joules": 19901.6604649246,
    "final_emissions": 0.0021059826539202853
  }
}