{
  "process_id": 436643,
  "local_process_index": 1,
  "energy_results": {
    "cpu_power": 112.5,
    "gpu_power": 428.9298561902056,
    "ram_power": 0.9763941764831543,
    "cpu_energy": 0.001224131389187505,
    "gpu_energy": 0.004202419473044006,
    "ram_energy": 8.5784329810978e-06,
    "total_energy_kwh": 0.00543512929521261,
    "total_energy_joules": 19566.465462765394,
    "final_emissions": 0.002070512505011244
  }
}