{
  "process_id": 2472033,
  "local_process_index": 1,
  "energy_results": {
    "cpu_power": 112.5,
    "gpu_power": 263.81003427824504,
    "ram_power": 0.725529670715332,
    "cpu_energy": 0.0015683675262216643,
    "gpu_energy": 0.003906253402777837,
    "ram_energy": 7.196096486767268e-06,
    "total_energy_kwh": 0.005481817025486266,
    "total_energy_joules": 19734.541291750556,
    "final_emissions": 0.0020882981958589932
  }
}