{
  "process_id": 94957,
  "local_process_index": 1,
  "energy_results": {
    "cpu_power": 112.5,
    "gpu_power": 9.292454238687876,
    "ram_power": 0.6507124900817871,
    "cpu_energy": 0.0009646041164687063,
    "gpu_energy": 0.006655854213568013,
    "ram_energy": 5.495618779944095e-06,
    "total_energy_kwh": 0.0076259539488166645,
    "total_energy_joules": 27453.43421573999,
    "final_emissions": 0.0029051071568017084
  }
}