{
  "process_id": 2521945,
  "local_process_index": 0,
  "energy_results": {
    "cpu_power": 112.5,
    "gpu_power": 296.97063564686977,
    "ram_power": 0.6901631355285645,
    "cpu_energy": 0.0014702853506578324,
    "gpu_energy": 0.0036045751058806363,
    "ram_energy": 6.608693438731605e-06,
    "total_energy_kwh": 0.005081469149977199,
    "total_energy_joules": 18293.288939917915,
    "final_emissions": 0.001935785672683814
  }
}