{
  "process_id": 139142,
  "local_process_index": 3,
  "energy_results": {
    "cpu_power": 112.5,
    "gpu_power": 413.21371280763583,
    "ram_power": 0.6714363098144531,
    "cpu_energy": 0.0008236226127813212,
    "gpu_energy": 0.0051154596479199566,
    "ram_energy": 4.187407953864989e-06,
    "total_energy_kwh": 0.005943269668655142,
    "total_energy_joules": 21395.77080715851,
    "final_emissions": 0.0022640885802741764
  }
}