{
  "process_id": 220826,
  "local_process_index": 2,
  "energy_results": {
    "cpu_power": 112.5,
    "gpu_power": 1156.9694162967278,
    "ram_power": 0.6530213356018068,
    "cpu_energy": 0.0006360206005936107,
    "gpu_energy": 0.004752374357451905,
    "ram_energy": 3.7454053714375474e-06,
    "total_energy_kwh": 0.005392140363416953,
    "total_energy_joules": 19411.70530830103,
    "final_emissions": 0.0020541358714436884
  }
}