{
  "experiment_id": "0188",
  "local_process_results": {
    "cpu_power": {
      "process_2": 112.5,
      "process_0": 112.5,
      "process_3": 112.5,
      "process_1": 112.5
    },
    "gpu_power": {
      "process_2": 82.86553161976956,
      "process_0": 84.02525650339466,
      "process_3": 534.1096405293149,
      "process_1": 85.13377788252055
    },
    "ram_power": {
      "process_2": 0.6551198959350586,
      "process_0": 0.7030348777770996,
      "process_3": 0.6554174423217773,
      "process_1": 0.652763843536377
    },
    "cpu_energy": {
      "process_2": 0.0007134681467191515,
      "process_0": 0.0007198571896250316,
      "process_3": 0.000761871837031208,
      "process_1": 0.0007137098227815386
    },
    "gpu_energy": {
      "process_2": 0.004761841309470105,
      "process_0": 0.00476926520429799,
      "process_3": 0.005046847648585873,
      "process_1": 0.004763468532994031
    },
    "ram_energy": {
      "process_2": 3.891134479846889e-06,
      "process_0": 4.182450813750128e-06,
      "process_3": 4.110269117942428e-06,
      "process_1": 3.886549909370088e-06
    },
    "total_energy_kwh": {
      "process_2": 0.005479200590669104,
      "process_0": 0.005493304844736769,
      "process_3": 0.005812829754735024,
      "process_1": 0.005481064905684938
    },
    "total_energy_joules": {
      "process_2": 19725.122126408773,
      "process_0": 19775.89744105237,
      "process_3": 20926.187117046087,
      "process_1": 19731.833660465778
    }
  },
  "global_experiment_results": {
    "cpu_power_avg": 112.5,
    "gpu_power_avg": 196.5335516337499,
    "ram_power_avg": 0.6665840148925781,
    "cpu_energy_total": 0.0029089069961569297,
    "gpu_energy_total": 0.019341422695348,
    "ram_energy_total": 1.6070404320909534e-05,
    "total_energy_kwh": 0.022266400095825836,
    "total_energy_joules": 80159.04034497301
  },
  "global_derived_quantities": {
    "tokens_per_joule": 0.2043936645135683,
    "joules_per_token": 4.892519552305481,
    "flops_per_joule": 211454265.4229141,
    "joules_per_flop": 4.729155016097565e-09
  },
  "per-process_emissions": [
    0.0020873014650153953,
    0.0020926744806024724,
    0.0022143974950663073,
    0.0020880116758206775
  ]
}