{
  "process_id": 202881,
  "local_process_index": 0,
  "energy_results": {
    "cpu_power": 112.5,
    "gpu_power": 84.02525650339466,
    "ram_power": 0.7030348777770996,
    "cpu_energy": 0.0007198571896250316,
    "gpu_energy": 0.00476926520429799,
    "ram_energy": 4.182450813750128e-06,
    "total_energy_kwh": 0.005493304844736769,
    "total_energy_joules": 19775.89744105237,
    "final_emissions": 0.0020926744806024724
  }
}