{
  "process_id": 25799,
  "local_process_index": 0,
  "energy_results": {
    "cpu_power": 112.5,
    "gpu_power": 829.9260040131874,
    "ram_power": 0.6986045837402344,
    "cpu_energy": 0.005772186036906347,
    "gpu_energy": 0.031963975293382,
    "ram_energy": 3.094045989622956e-05,
    "total_energy_kwh": 0.03776710179018461,
    "total_energy_joules": 135961.56644466458,
    "final_emissions": 0.014387377426970827
  }
}