{
  "experiment_id": "0062",
  "local_process_results": {
    "cpu_power": {
      "process_0": 112.5,
      "process_1": 112.5,
      "process_3": 112.5,
      "process_2": 112.5
    },
    "gpu_power": {
      "process_0": 829.9260040131874,
      "process_1": 550.550380492972,
      "process_3": 590.1961492511665,
      "process_2": 525.368929004568
    },
    "ram_power": {
      "process_0": 0.6986045837402344,
      "process_1": 0.646120548248291,
      "process_3": 0.6480317115783691,
      "process_2": 0.6479573249816895
    },
    "cpu_energy": {
      "process_0": 0.005772186036906347,
      "process_1": 0.005669605937093818,
      "process_3": 0.005654858597781189,
      "process_2": 0.0056578272004686875
    },
    "gpu_energy": {
      "process_0": 0.031963975293382,
      "process_1": 0.03153336244889201,
      "process_3": 0.031472416011245986,
      "process_2": 0.03160744945260599
    },
    "ram_energy": {
      "process_0": 3.094045989622956e-05,
      "process_1": 2.8105064039021698e-05,
      "process_3": 2.8081847117020053e-05,
      "process_2": 2.8125150839966398e-05
    },
    "total_energy_kwh": {
      "process_0": 0.03776710179018461,
      "process_1": 0.03723107345002483,
      "process_3": 0.037155356456144185,
      "process_2": 0.03729340180391465
    },
    "total_energy_joules": {
      "process_0": 135961.56644466458,
      "process_1": 134031.8644200894,
      "process_3": 133759.28324211907,
      "process_2": 134256.24649409272
    }
  },
  "global_experiment_results": {
    "cpu_power_avg": 112.5,
    "gpu_power_avg": 624.0103656904735,
    "ram_power_avg": 0.660178542137146,
    "cpu_energy_total": 0.02275447777225004,
    "gpu_energy_total": 0.12657720320612598,
    "ram_energy_total": 0.00011525252189223769,
    "total_energy_kwh": 0.14944693350026828,
    "total_energy_joules": 538008.9606009658
  },
  "global_derived_quantities": {
    "tokens_per_joule": 0.030453024391450235,
    "joules_per_token": 32.83746097418004,
    "flops_per_joule": 31504997.564015616,
    "joules_per_flop": 3.1740995947328055e-08
  },
  "per-process_emissions": [
    0.014387377426970827,
    0.01418317743078696,
    0.014154333041968128,
    0.014206921417201285
  ]
}