{
  "experiment_id": "0382",
  "local_process_results": {
    "cpu_power": {
      "process_0": 112.5,
      "process_1": 112.5,
      "process_2": 112.5,
      "process_3": 112.5
    },
    "gpu_power": {
      "process_0": 338.63040612823426,
      "process_1": 540.8995953715374,
      "process_2": 371.0792096865589,
      "process_3": 455.73240459263354
    },
    "ram_power": {
      "process_0": 0.6734991073608398,
      "process_1": 0.7043581008911133,
      "process_2": 0.7051820755004883,
      "process_3": 0.7040863037109375
    },
    "cpu_energy": {
      "process_0": 0.00043263662228218885,
      "process_1": 0.00036704041478151334,
      "process_2": 0.0004234159124671351,
      "process_3": 0.0003931769639375489
    },
    "gpu_energy": {
      "process_0": 0.0018209484012021715,
      "process_1": 0.0016031126713780264,
      "process_2": 0.0017945142133877212,
      "process_3": 0.0016921080203511352
    },
    "ram_energy": {
      "process_0": 1.8113243194190602e-06,
      "process_1": 1.6788292417984598e-06,
      "process_2": 1.8950327631736593e-06,
      "process_3": 1.7460473184874607e-06
    },
    "total_energy_kwh": {
      "process_0": 0.0022553963478037795,
      "process_1": 0.0019718319154013383,
      "process_2": 0.00221982515861803,
      "process_3": 0.002087031031607172
    },
    "total_energy_joules": {
      "process_0": 8119.426852093607,
      "process_1": 7098.594895444818,
      "process_2": 7991.370571024909,
      "process_3": 7513.311713785818
    }
  },
  "global_experiment_results": {
    "cpu_power_avg": 112.5,
    "gpu_power_avg": 426.5854039447411,
    "ram_power_avg": 0.6967813968658447,
    "cpu_energy_total": 0.001616269913468386,
    "gpu_energy_total": 0.006910683306319054,
    "ram_energy_total": 7.13123364287864e-06,
    "total_energy_kwh": 0.00853408445343032,
    "total_energy_joules": 30722.70403234915
  },
  "global_derived_quantities": {
    "tokens_per_joule": 0.533286392459096,
    "joules_per_token": 1.8751650410369354,
    "flops_per_joule": 551708305.8608613,
    "joules_per_flop": 1.812552012316806e-09
  },
  "per-process_emissions": [
    0.0008591932386958498,
    0.0007511693681721399,
    0.0008456423941755386,
    0.0007950544714907522
  ]
}