{
  "process_id": 2477318,
  "local_process_index": 3,
  "energy_results": {
    "cpu_power": 112.5,
    "gpu_power": 455.73240459263354,
    "ram_power": 0.7040863037109375,
    "cpu_energy": 0.0003931769639375489,
    "gpu_energy": 0.0016921080203511352,
    "ram_energy": 1.7460473184874607e-06,
    "total_energy_kwh": 0.002087031031607172,
    "total_energy_joules": 7513.311713785818,
    "final_emissions": 0.0007950544714907522
  }
}