{
  "process_id": 2477316,
  "local_process_index": 1,
  "energy_results": {
    "cpu_power": 112.5,
    "gpu_power": 540.8995953715374,
    "ram_power": 0.7043581008911133,
    "cpu_energy": 0.00036704041478151334,
    "gpu_energy": 0.0016031126713780264,
    "ram_energy": 1.6788292417984598e-06,
    "total_energy_kwh": 0.0019718319154013383,
    "total_energy_joules": 7098.594895444818,
    "final_emissions": 0.0007511693681721399
  }
}