{
  "experiment_id": "0135",
  "local_process_results": {
    "cpu_power": {
      "process_0": 112.5,
      "process_3": 112.5,
      "process_2": 112.5,
      "process_1": 112.5
    },
    "gpu_power": {
      "process_0": 784.5413198973698,
      "process_3": 13.512987061407134,
      "process_2": 793.9970616557735,
      "process_1": 788.8413560617138
    },
    "ram_power": {
      "process_0": 0.696042537689209,
      "process_3": 0.6204400062561035,
      "process_2": 0.6194057464599609,
      "process_1": 0.6252193450927734
    },
    "cpu_energy": {
      "process_0": 0.000603648209781113,
      "process_3": 0.0008028562660312561,
      "process_2": 0.0006054091344688005,
      "process_1": 0.00065916028512504
    },
    "gpu_energy": {
      "process_0": 0.004607664519461874,
      "process_3": 0.005003678169606091,
      "process_2": 0.004625142033444024,
      "process_1": 0.004634511763161986
    },
    "ram_energy": {
      "process_0": 3.86425158672148e-06,
      "process_3": 4.458788448286871e-06,
      "process_2": 3.395811692357707e-06,
      "process_1": 3.7299843372720845e-06
    },
    "total_energy_kwh": {
      "process_0": 0.005215176980829706,
      "process_3": 0.005810993224085633,
      "process_2": 0.005233946979605182,
      "process_1": 0.005297402032624298
    },
    "total_energy_joules": {
      "process_0": 18774.637130986943,
      "process_3": 20919.57560670828,
      "process_2": 18842.209126578655,
      "process_1": 19070.647317447474
    }
  },
  "global_experiment_results": {
    "cpu_power_avg": 112.5,
    "gpu_power_avg": 595.223181169066,
    "ram_power_avg": 0.6402769088745117,
    "cpu_energy_total": 0.0026710738954062096,
    "gpu_energy_total": 0.018870996485673974,
    "ram_energy_total": 1.544883606463814e-05,
    "total_energy_kwh": 0.02155751921714482,
    "total_energy_joules": 77607.06918172137
  },
  "global_derived_quantities": {
    "tokens_per_joule": 0.2111147885463363,
    "joules_per_token": 4.736759593610923,
    "flops_per_joule": 218407564.8245739,
    "joules_per_flop": 4.578595987749808e-09
  },
  "per-process_emissions": [
    0.0019867216708470766,
    0.0022136978687154222,
    0.001993872101880594,
    0.0020180453043282262
  ]
}