{
  "process_id": 186913,
  "local_process_index": 0,
  "energy_results": {
    "cpu_power": 112.5,
    "gpu_power": 52.11142761814016,
    "ram_power": 0.7019248008728028,
    "cpu_energy": 0.0006661676490627997,
    "gpu_energy": 0.004795792447742142,
    "ram_energy": 3.8572559117538315e-06,
    "total_energy_kwh": 0.005465817352716696,
    "total_energy_joules": 19676.942469780104,
    "final_emissions": 0.0020822031205174254
  }
}