{
  "process_id": 186914,
  "local_process_index": 1,
  "energy_results": {
    "cpu_power": 112.5,
    "gpu_power": 1049.9266729050191,
    "ram_power": 0.6521615982055664,
    "cpu_energy": 0.0006325367172189544,
    "gpu_energy": 0.004781029935932074,
    "ram_energy": 3.735801204744296e-06,
    "total_energy_kwh": 0.005417302454355772,
    "total_energy_joules": 19502.28883568078,
    "final_emissions": 0.0020637213699868317
  }
}