{
  "process_id": 201303,
  "local_process_index": 3,
  "energy_results": {
    "cpu_power": 112.5,
    "gpu_power": 463.83037606401456,
    "ram_power": 0.6493163108825684,
    "cpu_energy": 0.000799011025969321,
    "gpu_energy": 0.005061635993749813,
    "ram_energy": 4.3056780530599e-06,
    "total_energy_kwh": 0.005864952697772196,
    "total_energy_joules": 21113.829711979903,
    "final_emissions": 0.002234253730216318
  }
}