{
  "experiment_id": "0142",
  "local_process_results": {
    "cpu_power": {
      "process_3": 112.5,
      "process_1": 112.5,
      "process_2": 112.5,
      "process_0": 112.5
    },
    "gpu_power": {
      "process_3": 480.6203702165769,
      "process_1": 24.60414420295019,
      "process_2": 655.2690691798326,
      "process_0": 737.5308576890952
    },
    "ram_power": {
      "process_3": 0.6694822311401367,
      "process_1": 0.6707267761230469,
      "process_2": 0.6671061515808107,
      "process_0": 0.703070640563965
    },
    "cpu_energy": {
      "process_3": 0.0007946000165937335,
      "process_1": 0.0007646459147812836,
      "process_2": 0.0007416559067811476,
      "process_0": 0.0006914449573751541
    },
    "gpu_energy": {
      "process_3": 0.005104343250137949,
      "process_1": 0.004785480217269961,
      "process_2": 0.004795913003393881,
      "process_0": 0.004654521501392034
    },
    "ram_energy": {
      "process_3": 4.419582637131168e-06,
      "process_1": 4.191254633849063e-06,
      "process_2": 4.063569672040781e-06,
      "process_0": 4.039593251352526e-06
    },
    "total_energy_kwh": {
      "process_3": 0.0059033628493688145,
      "process_1": 0.005554317386685093,
      "process_2": 0.0055416324798470695,
      "process_0": 0.0053500060520185405
    },
    "total_energy_joules": {
      "process_3": 21252.106257727733,
      "process_1": 19995.542592066337,
      "process_2": 19949.87692744945,
      "process_0": 19260.021787266745
    }
  },
  "global_experiment_results": {
    "cpu_power_avg": 112.5,
    "gpu_power_avg": 474.5061103221137,
    "ram_power_avg": 0.6775964498519897,
    "cpu_energy_total": 0.0029923467955313187,
    "gpu_energy_total": 0.019340257972193825,
    "ram_energy_total": 1.671400019437354e-05,
    "total_energy_kwh": 0.022349318767919516,
    "total_energy_joules": 80457.54756451027
  },
  "global_derived_quantities": {
    "tokens_per_joule": 0.20363533933051375,
    "joules_per_token": 4.910738987091691,
    "flops_per_joule": 210669744.55767047,
    "joules_per_flop": 4.746766091636152e-09
  },
  "per-process_emissions": [
    0.00224888607746705,
    0.002115917208457686,
    0.002111084893197741,
    0.002038084805516463
  ]
}