{
  "process_id": 2488330,
  "local_process_index": 1,
  "energy_results": {
    "cpu_power": 112.5,
    "gpu_power": 0.0,
    "ram_power": 0.7063236236572266,
    "cpu_energy": 0.0014727098343773832,
    "gpu_energy": 0.003443957477385684,
    "ram_energy": 6.314767956783892e-06,
    "total_energy_kwh": 0.0049229820797198525,
    "total_energy_joules": 17722.73548699147,
    "final_emissions": 0.0018754100232692779
  }
}