{
  "experiment_id": "0425",
  "local_process_results": {
    "cpu_power": {
      "process_0": 112.5,
      "process_1": 112.5,
      "process_2": 112.5,
      "process_3": 112.5
    },
    "gpu_power": {
      "process_0": 0.0,
      "process_1": 308.09406710772424,
      "process_2": 524.6948875710311,
      "process_3": 421.5486178709368
    },
    "ram_power": {
      "process_0": 0.6905436515808105,
      "process_1": 0.7231521606445312,
      "process_2": 0.725797176361084,
      "process_3": 0.7212224006652832
    },
    "cpu_energy": {
      "process_0": 0.0012973982642824921,
      "process_1": 0.001336948128973745,
      "process_2": 0.0012544926709069841,
      "process_3": 0.0014436518085612989
    },
    "gpu_energy": {
      "process_0": 0.004992795938677075,
      "process_1": 0.005135244663747374,
      "process_2": 0.0048088135692705425,
      "process_3": 0.005445381022967322
    },
    "ram_energy": {
      "process_0": 6.121741150556042e-06,
      "process_1": 6.4037898695988955e-06,
      "process_2": 6.0955336881055375e-06,
      "process_3": 7.022052559357467e-06
    },
    "total_energy_kwh": {
      "process_0": 0.006296315944110123,
      "process_1": 0.0064785965825907175,
      "process_2": 0.00606940177386563,
      "process_3": 0.006896054884087976
    },
    "total_energy_joules": {
      "process_0": 22666.737398796442,
      "process_1": 23322.947697326585,
      "process_2": 21849.84638591627,
      "process_3": 24825.797582716714
    }
  },
  "global_experiment_results": {
    "cpu_power_avg": 112.5,
    "gpu_power_avg": 313.58439313742304,
    "ram_power_avg": 0.7151788473129272,
    "cpu_energy_total": 0.00533249087272452,
    "gpu_energy_total": 0.020382235194662313,
    "ram_energy_total": 2.5643117267617944e-05,
    "total_energy_kwh": 0.025740369184654444,
    "total_energy_joules": 92665.329064756
  },
  "global_derived_quantities": {
    "tokens_per_joule": 0.17680830754456825,
    "joules_per_token": 5.655842838425049,
    "flops_per_joule": 182915996.3518512,
    "joules_per_flop": 5.466990421528978e-09
  },
  "per-process_emissions": [
    0.002398581558908751,
    0.0024680213681379337,
    0.002312138605754112,
    0.0026270521080933146
  ]
}