{
  "process_id": 150565,
  "local_process_index": 1,
  "energy_results": {
    "cpu_power": 112.5,
    "gpu_power": 1568.7923559559947,
    "ram_power": 0.6694865226745605,
    "cpu_energy": 0.0007056635218127099,
    "gpu_energy": 0.004854628050365989,
    "ram_energy": 4.183507511804419e-06,
    "total_energy_kwh": 0.0055644750796905035,
    "total_energy_joules": 20032.110286885814,
    "final_emissions": 0.0021197867816080975
  }
}