{
  "process_id": 150566,
  "local_process_index": 2,
  "energy_results": {
    "cpu_power": 112.5,
    "gpu_power": 0.0,
    "ram_power": 0.6680903434753418,
    "cpu_energy": 0.000729211754812468,
    "gpu_energy": 0.004758190473215962,
    "ram_energy": 4.3136428005097985e-06,
    "total_energy_kwh": 0.005491715870828939,
    "total_energy_joules": 19770.17713498418,
    "final_emissions": 0.0020920691609922844
  }
}