{
  "process_id": 196513,
  "local_process_index": 3,
  "energy_results": {
    "cpu_power": 112.5,
    "gpu_power": 519.2699606211964,
    "ram_power": 0.649116039276123,
    "cpu_energy": 0.0007500702119063476,
    "gpu_energy": 0.005047454593516021,
    "ram_energy": 4.383386256297672e-06,
    "total_energy_kwh": 0.005801908191678667,
    "total_energy_joules": 20886.8694900432,
    "final_emissions": 0.002210236925619988
  }
}