{
  "process_id": 349638,
  "local_process_index": 3,
  "energy_results": {
    "cpu_power": 112.5,
    "gpu_power": 492.31583868198464,
    "ram_power": 0.9598674774169922,
    "cpu_energy": 0.001146292947062193,
    "gpu_energy": 0.004166568333251797,
    "ram_energy": 7.944565887333167e-06,
    "total_energy_kwh": 0.005320805846201321,
    "total_energy_joules": 19154.901046324758,
    "final_emissions": 0.0020269609871103934
  }
}