{
  "process_id": 349637,
  "local_process_index": 2,
  "energy_results": {
    "cpu_power": 112.5,
    "gpu_power": 709.2663754981585,
    "ram_power": 0.9764213562011719,
    "cpu_energy": 0.0011462003393127136,
    "gpu_energy": 0.004170963614545942,
    "ram_energy": 8.074266623229538e-06,
    "total_energy_kwh": 0.005325238220481883,
    "total_energy_joules": 19170.857593734778,
    "final_emissions": 0.0020286495000925732
  }
}