{
  "process_id": 13012,
  "local_process_index": 2,
  "energy_results": {
    "cpu_power": 112.5,
    "gpu_power": 461.2482956208291,
    "ram_power": 0.9929351806640626,
    "cpu_energy": 0.0015788326969374896,
    "gpu_energy": 0.007075920382953998,
    "ram_energy": 1.2073405058501136e-05,
    "total_energy_kwh": 0.008666826484949985,
    "total_energy_joules": 31200.575345819947,
    "final_emissions": 0.003301627549441697
  }
}