{
  "process_id": 177389,
  "local_process_index": 2,
  "energy_results": {
    "cpu_power": 112.5,
    "gpu_power": 577.7409622135535,
    "ram_power": 0.6267414093017578,
    "cpu_energy": 0.0007286934662811858,
    "gpu_energy": 0.004667322900521881,
    "ram_energy": 3.7934220222847556e-06,
    "total_energy_kwh": 0.005399809788825352,
    "total_energy_joules": 19439.315239771266,
    "final_emissions": 0.0020570575390530177
  }
}