{
  "process_id": 433869,
  "local_process_index": 3,
  "energy_results": {
    "cpu_power": 112.5,
    "gpu_power": 425.93977061205146,
    "ram_power": 0.9788289070129396,
    "cpu_energy": 0.001135983484343342,
    "gpu_energy": 0.004069773811372079,
    "ram_energy": 7.83116533890817e-06,
    "total_energy_kwh": 0.005213588461054329,
    "total_energy_joules": 18768.918459795586,
    "final_emissions": 0.001986116524238647
  }
}