{
  "process_id": 2136890,
  "local_process_index": 0,
  "energy_results": {
    "cpu_power": 112.5,
    "gpu_power": 160.88880963052873,
    "ram_power": 0.661259651184082,
    "cpu_energy": 0.0018967691408179235,
    "gpu_energy": 0.002785060839157971,
    "ram_energy": 1.1138508209407709e-05,
    "total_energy_kwh": 0.0046929684881853026,
    "total_energy_joules": 16894.68655746709,
    "final_emissions": 0.001787786345574191
  }
}