{
  "experiment_id": "0442",
  "local_process_results": {
    "cpu_power": {
      "process_0": 112.5
    },
    "gpu_power": {
      "process_0": 160.88880963052873
    },
    "ram_power": {
      "process_0": 0.661259651184082
    },
    "cpu_energy": {
      "process_0": 0.0018967691408179235
    },
    "gpu_energy": {
      "process_0": 0.002785060839157971
    },
    "ram_energy": {
      "process_0": 1.1138508209407709e-05
    },
    "total_energy_kwh": {
      "process_0": 0.0046929684881853026
    },
    "total_energy_joules": {
      "process_0": 16894.68655746709
    }
  },
  "global_experiment_results": {
    "cpu_power_avg": 112.5,
    "gpu_power_avg": 160.88880963052873,
    "ram_power_avg": 0.661259651184082,
    "cpu_energy_total": 0.0018967691408179235,
    "gpu_energy_total": 0.002785060839157971,
    "ram_energy_total": 1.1138508209407709e-05,
    "total_energy_kwh": 0.0046929684881853026,
    "total_energy_joules": 16894.68655746709
  },
  "global_derived_quantities": {
    "tokens_per_joule": 0.9228937125861427,
    "joules_per_token": 1.0835483938857804,
    "flops_per_joule": 1198520212.145785,
    "joules_per_flop": 8.343622325814913e-10
  },
  "per-process_emissions": [
    0.001787786345574191
  ]
}