{
  "process_id": 2568285,
  "local_process_index": 1,
  "energy_results": {
    "cpu_power": 112.5,
    "gpu_power": 439.08813239043457,
    "ram_power": 0.7055168151855469,
    "cpu_energy": 0.001345554472374715,
    "gpu_energy": 0.005272506718001946,
    "ram_energy": 6.338625016601088e-06,
    "total_energy_kwh": 0.006624399815393261,
    "total_energy_joules": 23847.83933541574,
    "final_emissions": 0.002523565109674063
  }
}