{
  "process_id": 28527,
  "local_process_index": 3,
  "energy_results": {
    "cpu_power": 112.5,
    "gpu_power": 443.33883259042926,
    "ram_power": 0.6480875015258789,
    "cpu_energy": 0.0057688677931563,
    "gpu_energy": 0.03213997015640002,
    "ram_energy": 2.8455420634687686e-05,
    "total_energy_kwh": 0.03793729337019102,
    "total_energy_joules": 136574.25613268767,
    "final_emissions": 0.01445221190937427
  }
}