{
  "process_id": 28525,
  "local_process_index": 1,
  "energy_results": {
    "cpu_power": 112.5,
    "gpu_power": 562.3351865500053,
    "ram_power": 0.6499271392822266,
    "cpu_energy": 0.005756986118874935,
    "gpu_energy": 0.032076741494706004,
    "ram_energy": 2.848862463921639e-05,
    "total_energy_kwh": 0.037862216238220184,
    "total_energy_joules": 136303.97845759266,
    "final_emissions": 0.01442361127594998
  }
}