{
  "process_id": 170006,
  "local_process_index": 1,
  "energy_results": {
    "cpu_power": 112.5,
    "gpu_power": 1006.1024225051572,
    "ram_power": 0.6719083786010742,
    "cpu_energy": 0.0006694923799062736,
    "gpu_energy": 0.004753656302921877,
    "ram_energy": 4.078039029894516e-06,
    "total_energy_kwh": 0.005427226721858046,
    "total_energy_joules": 19538.016198688965,
    "final_emissions": 0.0020675020196918225
  }
}