{
  "process_id": 371196,
  "local_process_index": 2,
  "energy_results": {
    "cpu_power": 112.5,
    "gpu_power": 382.7956301925779,
    "ram_power": 0.9769034385681153,
    "cpu_energy": 0.0011535748373446497,
    "gpu_energy": 0.004153346933786051,
    "ram_energy": 7.874720937919937e-06,
    "total_energy_kwh": 0.005314796492068617,
    "total_energy_joules": 19133.267371447022,
    "final_emissions": 0.0020246717236535395
  }
}