{
  "process_id": 371197,
  "local_process_index": 3,
  "energy_results": {
    "cpu_power": 112.5,
    "gpu_power": 436.9669319490996,
    "ram_power": 0.9683661460876466,
    "cpu_energy": 0.0011506056293127361,
    "gpu_energy": 0.00414239442502401,
    "ram_energy": 7.815817816323905e-06,
    "total_energy_kwh": 0.00530081587215307,
    "total_energy_joules": 19082.93713975105,
    "final_emissions": 0.002019345806496712
  }
}