{
  "process_id": 371195,
  "local_process_index": 1,
  "energy_results": {
    "cpu_power": 112.5,
    "gpu_power": 376.8979194023992,
    "ram_power": 0.9859127998352051,
    "cpu_energy": 0.0011535109478744518,
    "gpu_energy": 0.004163130830502237,
    "ram_energy": 7.957724981872031e-06,
    "total_energy_kwh": 0.005324599503358562,
    "total_energy_joules": 19168.558212090822,
    "final_emissions": 0.0020284061808044443
  }
}