{
  "process_id": 342933,
  "local_process_index": 1,
  "energy_results": {
    "cpu_power": 112.5,
    "gpu_power": 0.0,
    "ram_power": 0.9544258117675781,
    "cpu_energy": 0.001147694526937357,
    "gpu_energy": 0.004013585710866019,
    "ram_energy": 7.676295547391994e-06,
    "total_energy_kwh": 0.0051689565333507695,
    "total_energy_joules": 18608.24352006277,
    "final_emissions": 0.0019691139913799757
  }
}