{
  "process_id": 342932,
  "local_process_index": 0,
  "energy_results": {
    "cpu_power": 112.5,
    "gpu_power": 293.4915652476367,
    "ram_power": 0.9275164604187012,
    "cpu_energy": 0.0011277624438752127,
    "gpu_energy": 0.004041846844585972,
    "ram_energy": 7.31356921322041e-06,
    "total_energy_kwh": 0.005176922857674408,
    "total_energy_joules": 18636.92228762787,
    "final_emissions": 0.0019721487626310655
  }
}