{
  "experiment_id": "0258",
  "local_process_results": {
    "cpu_power": {
      "process_1": 112.5,
      "process_3": 112.5,
      "process_0": 112.5,
      "process_2": 112.5
    },
    "gpu_power": {
      "process_1": 0.0,
      "process_3": 431.4042656899445,
      "process_0": 293.4915652476367,
      "process_2": 446.04760354001536
    },
    "ram_power": {
      "process_1": 0.9544258117675781,
      "process_3": 0.9669828414916992,
      "process_0": 0.9275164604187012,
      "process_2": 0.97450590133667
    },
    "cpu_energy": {
      "process_1": 0.001147694526937357,
      "process_3": 0.0011038987566878405,
      "process_0": 0.0011277624438752127,
      "process_2": 0.0011205754321561017
    },
    "gpu_energy": {
      "process_1": 0.004013585710866019,
      "process_3": 0.0039763215143879815,
      "process_0": 0.004041846844585972,
      "process_2": 0.004029755446024075
    },
    "ram_energy": {
      "process_1": 7.676295547391994e-06,
      "process_3": 7.491559123792663e-06,
      "process_0": 7.31356921322041e-06,
      "process_2": 7.663620739322895e-06
    },
    "total_energy_kwh": {
      "process_1": 0.0051689565333507695,
      "process_3": 0.005087711830199615,
      "process_0": 0.005176922857674408,
      "process_2": 0.005157994498919498
    },
    "total_energy_joules": {
      "process_1": 18608.24352006277,
      "process_3": 18315.76258871861,
      "process_0": 18636.92228762787,
      "process_2": 18568.78019611019
    }
  },
  "global_experiment_results": {
    "cpu_power_avg": 112.5,
    "gpu_power_avg": 292.73585861939915,
    "ram_power_avg": 0.9558577537536621,
    "cpu_energy_total": 0.004499931159656512,
    "gpu_energy_total": 0.016061509515864048,
    "ram_energy_total": 3.014504462372796e-05,
    "total_energy_kwh": 0.02059158572014429,
    "total_energy_joules": 74129.70859251944
  },
  "global_derived_quantities": {
    "tokens_per_joule": 0.22101800089435855,
    "joules_per_token": 4.524518346711392,
    "flops_per_joule": 228652875.0075574,
    "joules_per_flop": 4.373441619603289e-09
  },
  "per-process_emissions": [
    0.0019691139913799757,
    0.0019381638217145433,
    0.0019721487626310655,
    0.0019649380043633828
  ]
}