{
  "process_id": 2191721,
  "local_process_index": 2,
  "energy_results": {
    "cpu_power": 112.5,
    "gpu_power": 58.73932524953022,
    "ram_power": 0.7257485389709473,
    "cpu_energy": 0.0009880314423189702,
    "gpu_energy": 0.003978323182655785,
    "ram_energy": 5.197444947025445e-06,
    "total_energy_kwh": 0.00497155206992178,
    "total_energy_joules": 17897.58745171841,
    "final_emissions": 0.0018939127610367022
  }
}