{
  "process_id": 2191722,
  "local_process_index": 3,
  "energy_results": {
    "cpu_power": 112.5,
    "gpu_power": 461.3189990631514,
    "ram_power": 0.7210006713867188,
    "cpu_energy": 0.0009057407684031206,
    "gpu_energy": 0.0038080983242529953,
    "ram_energy": 5.0267608694561765e-06,
    "total_energy_kwh": 0.0047188658535255714,
    "total_energy_joules": 16987.917072692057,
    "final_emissions": 0.0017976519469005666
  }
}