{
  "process_id": 2191720,
  "local_process_index": 1,
  "energy_results": {
    "cpu_power": 112.5,
    "gpu_power": 56.33185209865598,
    "ram_power": 0.7230033874511719,
    "cpu_energy": 0.0009386419188522266,
    "gpu_energy": 0.0038945845045521565,
    "ram_energy": 5.611386302963144e-06,
    "total_energy_kwh": 0.004838837809707346,
    "total_energy_joules": 17419.816114946443,
    "final_emissions": 0.0018433552636080135
  }
}