{
  "experiment_id": "0474",
  "local_process_results": {
    "cpu_power": {
      "process_1": 112.5,
      "process_0": 112.5,
      "process_2": 112.5,
      "process_3": 112.5
    },
    "gpu_power": {
      "process_1": 56.33185209865598,
      "process_0": 57.2855369384544,
      "process_2": 58.73932524953022,
      "process_3": 461.3189990631514
    },
    "ram_power": {
      "process_1": 0.7230033874511719,
      "process_0": 0.6884250640869141,
      "process_2": 0.7257485389709473,
      "process_3": 0.7210006713867188
    },
    "cpu_energy": {
      "process_1": 0.0009386419188522266,
      "process_0": 0.0009857602685569872,
      "process_2": 0.0009880314423189702,
      "process_3": 0.0009057407684031206
    },
    "gpu_energy": {
      "process_1": 0.0038945845045521565,
      "process_0": 0.003979705683761381,
      "process_2": 0.003978323182655785,
      "process_3": 0.0038080983242529953
    },
    "ram_energy": {
      "process_1": 5.611386302963144e-06,
      "process_0": 4.900715109001318e-06,
      "process_2": 5.197444947025445e-06,
      "process_3": 5.0267608694561765e-06
    },
    "total_energy_kwh": {
      "process_1": 0.004838837809707346,
      "process_0": 0.004970366667427369,
      "process_2": 0.00497155206992178,
      "process_3": 0.0047188658535255714
    },
    "total_energy_joules": {
      "process_1": 17419.816114946443,
      "process_0": 17893.32000273853,
      "process_2": 17897.58745171841,
      "process_3": 16987.917072692057
    }
  },
  "global_experiment_results": {
    "cpu_power_avg": 112.5,
    "gpu_power_avg": 158.418928337448,
    "ram_power_avg": 0.714544415473938,
    "cpu_energy_total": 0.0038181743981313045,
    "gpu_energy_total": 0.015660711695222318,
    "ram_energy_total": 2.0736307228446083e-05,
    "total_energy_kwh": 0.01949962240058207,
    "total_energy_joules": 70198.64064209544
  },
  "global_derived_quantities": {
    "tokens_per_joule": 0.23339483286482818,
    "joules_per_token": 4.284585000127896,
    "flops_per_joule": 241457253.8458494,
    "joules_per_flop": 4.141519809706847e-09
  },
  "per-process_emissions": [
    0.0018433552636080135,
    0.0018934611819564563,
    0.0018939127610367022,
    0.0017976519469005666
  ]
}