{
  "experiment_id": "0373",
  "local_process_results": {
    "cpu_power": {
      "process_0": 112.5,
      "process_2": 112.5,
      "process_1": 112.5,
      "process_3": 112.5
    },
    "gpu_power": {
      "process_0": 219.69164937314716,
      "process_2": 221.68403577596666,
      "process_1": 242.27589447426985,
      "process_3": 218.97595820244248
    },
    "ram_power": {
      "process_0": 0.6815958023071289,
      "process_2": 0.7048230171203613,
      "process_1": 0.705681324005127,
      "process_3": 0.7042121887207031
    },
    "cpu_energy": {
      "process_0": 0.0016825566485927086,
      "process_2": 0.0024820939764072136,
      "process_1": 0.0026131710782815384,
      "process_3": 0.0018776430215643818
    },
    "gpu_energy": {
      "process_0": 0.0034631511038523133,
      "process_2": 0.004963871193315983,
      "process_1": 0.005230780851288586,
      "process_3": 0.0038235680588523113
    },
    "ram_energy": {
      "process_0": 6.541298383091977e-06,
      "process_2": 1.0023896096041505e-05,
      "process_1": 1.0462898477068963e-05,
      "process_3": 7.82278656589239e-06
    },
    "total_energy_kwh": {
      "process_0": 0.0051522490508281145,
      "process_2": 0.007455989065819237,
      "process_1": 0.007854414828047194,
      "process_3": 0.005709033866982586
    },
    "total_energy_joules": {
      "process_0": 18548.096582981212,
      "process_2": 26841.560636949253,
      "process_1": 28275.893380969897,
      "process_3": 20552.52192113731
    }
  },
  "global_experiment_results": {
    "cpu_power_avg": 112.5,
    "gpu_power_avg": 225.65688445645654,
    "ram_power_avg": 0.6990780830383301,
    "cpu_energy_total": 0.008655464724845843,
    "gpu_energy_total": 0.017481371207309193,
    "ram_energy_total": 3.485087952209484e-05,
    "total_energy_kwh": 0.02617168681167713,
    "total_energy_joules": 94218.07252203766
  },
  "global_derived_quantities": {
    "tokens_per_joule": 0.17389445104778356,
    "joules_per_token": 5.7506147779564,
    "flops_per_joule": 179901483.22326794,
    "joules_per_flop": 5.55859786191392e-09
  },
  "per-process_emissions": [
    0.00196274927591297,
    0.0028403590346238383,
    0.0029921393287445784,
    0.0021748564516270164
  ]
}