{
  "process_id": 2458322,
  "local_process_index": 2,
  "energy_results": {
    "cpu_power": 112.5,
    "gpu_power": 221.68403577596666,
    "ram_power": 0.7048230171203613,
    "cpu_energy": 0.0024820939764072136,
    "gpu_energy": 0.004963871193315983,
    "ram_energy": 1.0023896096041505e-05,
    "total_energy_kwh": 0.007455989065819237,
    "total_energy_joules": 26841.560636949253,
    "final_emissions": 0.0028403590346238383
  }
}