{
  "process_id": 2458323,
  "local_process_index": 3,
  "energy_results": {
    "cpu_power": 112.5,
    "gpu_power": 218.97595820244248,
    "ram_power": 0.7042121887207031,
    "cpu_energy": 0.0018776430215643818,
    "gpu_energy": 0.0038235680588523113,
    "ram_energy": 7.82278656589239e-06,
    "total_energy_kwh": 0.005709033866982586,
    "total_energy_joules": 20552.52192113731,
    "final_emissions": 0.0021748564516270164
  }
}