{
  "experiment_id": "0078",
  "local_process_results": {
    "cpu_power": {
      "process_2": 112.5,
      "process_3": 112.5,
      "process_0": 112.5,
      "process_1": 112.5
    },
    "gpu_power": {
      "process_2": 723.637883079102,
      "process_3": 433.5161846534261,
      "process_0": 791.7881343381644,
      "process_1": 0.0
    },
    "ram_power": {
      "process_2": 0.9817714691162109,
      "process_3": 0.984708309173584,
      "process_0": 0.9477167129516602,
      "process_1": 0.9787745475769044
    },
    "cpu_energy": {
      "process_2": 0.0004812742758748527,
      "process_3": 0.0007446906289998197,
      "process_0": 0.00034414134287476375,
      "process_1": 0.0005571450775936456
    },
    "gpu_energy": {
      "process_2": 0.0026120998674559193,
      "process_3": 0.003750795500633841,
      "process_0": 0.00190404735656996,
      "process_1": 0.0028118903050659005
    },
    "ram_energy": {
      "process_2": 3.7599286589919783e-06,
      "process_3": 5.9304332152104325e-06,
      "process_0": 2.705767955914554e-06,
      "process_1": 4.304855219499009e-06
    },
    "total_energy_kwh": {
      "process_2": 0.003097134071989764,
      "process_3": 0.004501416562848871,
      "process_0": 0.0022508944674006384,
      "process_1": 0.003373340237879046
    },
    "total_energy_joules": {
      "process_2": 11149.68265916315,
      "process_3": 16205.099626255937,
      "process_0": 8103.220082642299,
      "process_1": 12144.024856364565
    }
  },
  "global_experiment_results": {
    "cpu_power_avg": 112.5,
    "gpu_power_avg": 487.2355505176731,
    "ram_power_avg": 0.9732427597045898,
    "cpu_energy_total": 0.0021272513253430816,
    "gpu_energy_total": 0.011078833029725621,
    "ram_energy_total": 1.6700985049615972e-05,
    "total_energy_kwh": 0.01322278534011832,
    "total_energy_joules": 47602.027224425954
  },
  "global_derived_quantities": {
    "tokens_per_joule": 0.34418702217776354,
    "joules_per_token": 2.905397169459592,
    "flops_per_joule": 21733194.746570498,
    "joules_per_flop": 4.60125633465738e-08
  },
  "per-process_emissions": [
    0.0011798532247245007,
    0.0017148146396172774,
    0.0008574782473562732,
    0.0012850739636200226
  ]
}