{
  "process_id": 2154806,
  "local_process_index": 2,
  "energy_results": {
    "cpu_power": 112.5,
    "gpu_power": 566.5978951382236,
    "ram_power": 0.6795802116394043,
    "cpu_energy": 0.0003246141414019803,
    "gpu_energy": 0.0015053106486933032,
    "ram_energy": 1.6271225421892948e-06,
    "total_energy_kwh": 0.0018315519126374728,
    "total_energy_joules": 6593.586885494902,
    "final_emissions": 0.0006977297011192452
  }
}