{
  "experiment_id": "0450",
  "local_process_results": {
    "cpu_power": {
      "process_0": 112.5,
      "process_3": 112.5,
      "process_1": 112.5,
      "process_2": 112.5
    },
    "gpu_power": {
      "process_0": 468.1498913140015,
      "process_3": 536.4754171379233,
      "process_1": 512.7715934242436,
      "process_2": 566.5978951382236
    },
    "ram_power": {
      "process_0": 0.6725907325744629,
      "process_3": 0.6803855895996094,
      "process_1": 0.6802582740783691,
      "process_2": 0.6795802116394043
    },
    "cpu_energy": {
      "process_0": 0.00032112338656224893,
      "process_3": 0.00032419117040808493,
      "process_1": 0.0003258183600664779,
      "process_2": 0.0003246141414019803
    },
    "gpu_energy": {
      "process_0": 0.0015046834259706543,
      "process_3": 0.0015053106486933032,
      "process_1": 0.0015093475963672276,
      "process_2": 0.0015053106486933032
    },
    "ram_energy": {
      "process_0": 1.5989952175859596e-06,
      "process_3": 1.6279687032056357e-06,
      "process_1": 1.639618256785003e-06,
      "process_2": 1.6271225421892948e-06
    },
    "total_energy_kwh": {
      "process_0": 0.001827405807750489,
      "process_3": 0.0018311297878045936,
      "process_1": 0.0018368055746904907,
      "process_2": 0.0018315519126374728
    },
    "total_energy_joules": {
      "process_0": 6578.66090790176,
      "process_3": 6592.067236096537,
      "process_1": 6612.500068885766,
      "process_2": 6593.586885494902
    }
  },
  "global_experiment_results": {
    "cpu_power_avg": 112.5,
    "gpu_power_avg": 520.998699253598,
    "ram_power_avg": 0.6782037019729614,
    "cpu_energy_total": 0.001295747058438792,
    "gpu_energy_total": 0.006024652319724488,
    "ram_energy_total": 6.493704719765893e-06,
    "total_energy_kwh": 0.007326893082883047,
    "total_energy_joules": 26376.815098378967
  },
  "global_derived_quantities": {
    "tokens_per_joule": 0.6211515658312707,
    "joules_per_token": 1.6099130309069194,
    "flops_per_joule": 767667485.3074439,
    "joules_per_flop": 1.3026473299172089e-09
  },
  "per-process_emissions": [
    0.0006961502424625488,
    0.0006975688926641599,
    0.0006997310836783425,
    0.0006977297011192452
  ]
}