{
  "process_id": 180597,
  "local_process_index": 3,
  "energy_results": {
    "cpu_power": 112.5,
    "gpu_power": 0.0,
    "ram_power": 0.6204242706298828,
    "cpu_energy": 0.0008274485890625558,
    "gpu_energy": 0.005023435685411914,
    "ram_energy": 4.282082338635801e-06,
    "total_energy_kwh": 0.005855166356813107,
    "total_energy_joules": 21078.598884527186,
    "final_emissions": 0.0022305256236279532
  }
}