{
  "process_id": 344274,
  "local_process_index": 3,
  "energy_results": {
    "cpu_power": 112.5,
    "gpu_power": 844.8100355942594,
    "ram_power": 0.9548993110656738,
    "cpu_energy": 0.0011169602594378605,
    "gpu_energy": 0.004026732388049958,
    "ram_energy": 7.727362517323305e-06,
    "total_energy_kwh": 0.005151420010005141,
    "total_energy_joules": 18545.11203601851,
    "final_emissions": 0.0019624334528114584
  }
}