{
  "experiment_id": "0259",
  "local_process_results": {
    "cpu_power": {
      "process_0": 112.5,
      "process_1": 112.5,
      "process_2": 112.5,
      "process_3": 112.5
    },
    "gpu_power": {
      "process_0": 365.7810175648279,
      "process_1": 321.60744459633077,
      "process_2": 451.46104842746223,
      "process_3": 844.8100355942594
    },
    "ram_power": {
      "process_0": 0.9356231689453125,
      "process_1": 0.9556546211242676,
      "process_2": 0.9607343673706055,
      "process_3": 0.9548993110656738
    },
    "cpu_energy": {
      "process_0": 0.0011232655508121067,
      "process_1": 0.0011235447473438853,
      "process_2": 0.0011064389241249727,
      "process_3": 0.0011169602594378605
    },
    "gpu_energy": {
      "process_0": 0.00404167962223001,
      "process_1": 0.00404167962223001,
      "process_2": 0.004001790145873929,
      "process_3": 0.004026732388049958
    },
    "ram_energy": {
      "process_0": 7.32505989891451e-06,
      "process_1": 7.514347418036633e-06,
      "process_2": 7.45483348454331e-06,
      "process_3": 7.727362517323305e-06
    },
    "total_energy_kwh": {
      "process_0": 0.005172270232941031,
      "process_1": 0.005172738716991933,
      "process_2": 0.005115683903483446,
      "process_3": 0.005151420010005141
    },
    "total_energy_joules": {
      "process_0": 18620.17283858771,
      "process_1": 18621.85938117096,
      "process_2": 18416.462052540406,
      "process_3": 18545.11203601851
    }
  },
  "global_experiment_results": {
    "cpu_power_avg": 112.5,
    "gpu_power_avg": 495.91488654572004,
    "ram_power_avg": 0.9517278671264648,
    "cpu_energy_total": 0.004470209481718826,
    "gpu_energy_total": 0.016111881778383907,
    "ram_energy_total": 3.002160331881776e-05,
    "total_energy_kwh": 0.02061211286342155,
    "total_energy_joules": 74203.6063083176
  },
  "global_derived_quantities": {
    "tokens_per_joule": 0.2207978939988998,
    "joules_per_token": 4.52902870534165,
    "flops_per_joule": 228425164.7113282,
    "joules_per_flop": 4.377801374308946e-09
  },
  "per-process_emissions": [
    0.001970376345238886,
    0.001970554814238077,
    0.0019488197830320189,
    0.0019624334528114584
  ]
}