{
  "process_id": 344272,
  "local_process_index": 1,
  "energy_results": {
    "cpu_power": 112.5,
    "gpu_power": 321.60744459633077,
    "ram_power": 0.9556546211242676,
    "cpu_energy": 0.0011235447473438853,
    "gpu_energy": 0.00404167962223001,
    "ram_energy": 7.514347418036633e-06,
    "total_energy_kwh": 0.005172738716991933,
    "total_energy_joules": 18621.85938117096,
    "final_emissions": 0.001970554814238077
  }
}