{
  "process_id": 2569774,
  "local_process_index": 3,
  "energy_results": {
    "cpu_power": 112.5,
    "gpu_power": 291.40922777140884,
    "ram_power": 0.7193055152893066,
    "cpu_energy": 0.0014153888727169034,
    "gpu_energy": 0.005431501289641316,
    "ram_energy": 7.044586725028223e-06,
    "total_energy_kwh": 0.006853934749083249,
    "total_energy_joules": 24674.165096699697,
    "final_emissions": 0.002611006442663264
  }
}