{
  "process_id": 211120,
  "local_process_index": 3,
  "energy_results": {
    "cpu_power": 112.5,
    "gpu_power": 2096.3632856340582,
    "ram_power": 0.6469874382019044,
    "cpu_energy": 0.0006977815492496121,
    "gpu_energy": 0.00502622874320191,
    "ram_energy": 3.971629736062082e-06,
    "total_energy_kwh": 0.005727981922187585,
    "total_energy_joules": 20620.734919875307,
    "final_emissions": 0.0021820747132573607
  }
}