{
  "process_id": 211119,
  "local_process_index": 2,
  "energy_results": {
    "cpu_power": 112.5,
    "gpu_power": 1872.834768576715,
    "ram_power": 0.6523175239562988,
    "cpu_energy": 0.0006807093363440799,
    "gpu_energy": 0.0047678263142578725,
    "ram_energy": 3.7118498280742984e-06,
    "total_energy_kwh": 0.005452247500430026,
    "total_energy_joules": 19628.091001548095,
    "final_emissions": 0.0020770336852888186
  }
}