{
  "process_id": 191688,
  "local_process_index": 3,
  "energy_results": {
    "cpu_power": 112.5,
    "gpu_power": 432.4646720446261,
    "ram_power": 0.6523919105529785,
    "cpu_energy": 0.0007632065808437574,
    "gpu_energy": 0.005064769329589935,
    "ram_energy": 4.144915106779874e-06,
    "total_energy_kwh": 0.0058321208255404725,
    "total_energy_joules": 20995.6349719457,
    "final_emissions": 0.002221746428489643
  }
}