{
  "experiment_id": "0153",
  "local_process_results": {
    "cpu_power": {
      "process_2": 112.5,
      "process_3": 112.5,
      "process_0": 112.5,
      "process_1": 112.5
    },
    "gpu_power": {
      "process_2": 136.96088462526717,
      "process_3": 466.8434378265527,
      "process_0": 0.0,
      "process_1": 129.71428376157488
    },
    "ram_power": {
      "process_2": 0.6639976501464845,
      "process_3": 0.664515495300293,
      "process_0": 0.7041778564453125,
      "process_1": 0.6626043319702148
    },
    "cpu_energy": {
      "process_2": 0.0006796726652813165,
      "process_3": 0.0007546969420000096,
      "process_0": 0.0007563446889998885,
      "process_1": 0.0006722841060625342
    },
    "gpu_energy": {
      "process_2": 0.004766471035395903,
      "process_3": 0.005035427083893873,
      "process_0": 0.004766471035395903,
      "process_1": 0.004766471035395903
    },
    "ram_energy": {
      "process_2": 3.7227265242377524e-06,
      "process_3": 4.468307118517619e-06,
      "process_0": 4.7174484311829735e-06,
      "process_1": 4.008713528678028e-06
    },
    "total_energy_kwh": {
      "process_2": 0.005449866427201456,
      "process_3": 0.005794592333012403,
      "process_0": 0.005527533172826975,
      "process_1": 0.005442763854987114
    },
    "total_energy_joules": {
      "process_2": 19619.519137925243,
      "process_3": 20860.53239884465,
      "process_0": 19899.11942217711,
      "process_1": 19593.94987795361
    }
  },
  "global_experiment_results": {
    "cpu_power_avg": 112.5,
    "gpu_power_avg": 183.37965155334868,
    "ram_power_avg": 0.6738238334655762,
    "cpu_energy_total": 0.002862998402343749,
    "gpu_energy_total": 0.01933484019008158,
    "ram_energy_total": 1.6917195602616374e-05,
    "total_energy_kwh": 0.02221475578802795,
    "total_energy_joules": 79973.12083690062
  },
  "global_derived_quantities": {
    "tokens_per_joule": 0.20486883378496606,
    "joules_per_token": 4.88117192608036,
    "flops_per_joule": 211945849.00244465,
    "joules_per_flop": 4.718186294785446e-09
  },
  "per-process_emissions": [
    0.0020761266154423947,
    0.002207449949261075,
    0.0021057137621884364,
    0.0020734208905573413
  ]
}