{
  "process_id": 148988,
  "local_process_index": 2,
  "energy_results": {
    "cpu_power": 112.5,
    "gpu_power": 136.96088462526717,
    "ram_power": 0.6639976501464845,
    "cpu_energy": 0.0006796726652813165,
    "gpu_energy": 0.004766471035395903,
    "ram_energy": 3.7227265242377524e-06,
    "total_energy_kwh": 0.005449866427201456,
    "total_energy_joules": 19619.519137925243,
    "final_emissions": 0.0020761266154423947
  }
}