{
  "process_id": 148989,
  "local_process_index": 3,
  "energy_results": {
    "cpu_power": 112.5,
    "gpu_power": 466.8434378265527,
    "ram_power": 0.664515495300293,
    "cpu_energy": 0.0007546969420000096,
    "gpu_energy": 0.005035427083893873,
    "ram_energy": 4.468307118517619e-06,
    "total_energy_kwh": 0.005794592333012403,
    "total_energy_joules": 20860.53239884465,
    "final_emissions": 0.002207449949261075
  }
}