{
  "process_id": 119496,
  "local_process_index": 3,
  "energy_results": {
    "cpu_power": 112.5,
    "gpu_power": 13.512987061407134,
    "ram_power": 0.6204400062561035,
    "cpu_energy": 0.0008028562660312561,
    "gpu_energy": 0.005003678169606091,
    "ram_energy": 4.458788448286871e-06,
    "total_energy_kwh": 0.005810993224085633,
    "total_energy_joules": 20919.57560670828,
    "final_emissions": 0.0022136978687154222
  }
}