{
  "process_id": 119495,
  "local_process_index": 2,
  "energy_results": {
    "cpu_power": 112.5,
    "gpu_power": 793.9970616557735,
    "ram_power": 0.6194057464599609,
    "cpu_energy": 0.0006054091344688005,
    "gpu_energy": 0.004625142033444024,
    "ram_energy": 3.395811692357707e-06,
    "total_energy_kwh": 0.005233946979605182,
    "total_energy_joules": 18842.209126578655,
    "final_emissions": 0.001993872101880594
  }
}