{
  "process_id": 372527,
  "local_process_index": 2,
  "energy_results": {
    "cpu_power": 112.5,
    "gpu_power": 426.8935411988708,
    "ram_power": 0.9781723022460939,
    "cpu_energy": 0.001132908505374985,
    "gpu_energy": 0.004093725774977963,
    "ram_energy": 7.765172540052163e-06,
    "total_energy_kwh": 0.005234399452892999,
    "total_energy_joules": 18843.838030414798,
    "final_emissions": 0.001994044471579588
  }
}