{
  "process_id": 372528,
  "local_process_index": 3,
  "energy_results": {
    "cpu_power": 112.5,
    "gpu_power": 367.01962533684315,
    "ram_power": 0.9721755981445312,
    "cpu_energy": 0.001150461225500294,
    "gpu_energy": 0.00414422498204392,
    "ram_energy": 7.805452698689464e-06,
    "total_energy_kwh": 0.005302491660242905,
    "total_energy_joules": 19088.969976874458,
    "final_emissions": 0.0020199841979695347
  }
}