{
  "process_id": 372526,
  "local_process_index": 1,
  "energy_results": {
    "cpu_power": 112.5,
    "gpu_power": 351.5819515772871,
    "ram_power": 0.9841747283935547,
    "cpu_energy": 0.0011586672065310494,
    "gpu_energy": 0.0041679983343960725,
    "ram_energy": 8.035795845975523e-06,
    "total_energy_kwh": 0.005334701336773098,
    "total_energy_joules": 19204.924812383153,
    "final_emissions": 0.002032254474243712
  }
}