{
  "process_id": 214333,
  "local_process_index": 3,
  "energy_results": {
    "cpu_power": 112.5,
    "gpu_power": 421.8796903839526,
    "ram_power": 0.6528997421264648,
    "cpu_energy": 0.0007194961673440049,
    "gpu_energy": 0.005040709588119918,
    "ram_energy": 4.25371402140622e-06,
    "total_energy_kwh": 0.005764459469485327,
    "total_energy_joules": 20752.054090147176,
    "final_emissions": 0.0021959708349004355
  }
}