{
  "experiment_id": "0195",
  "local_process_results": {
    "cpu_power": {
      "process_3": 112.5,
      "process_1": 112.5,
      "process_0": 112.5,
      "process_2": 112.5
    },
    "gpu_power": {
      "process_3": 421.8796903839526,
      "process_1": 2603.764888665296,
      "process_0": 1183.4278421145393,
      "process_2": 1863.4872965379673
    },
    "ram_power": {
      "process_3": 0.6528997421264648,
      "process_1": 0.6515307426452637,
      "process_0": 0.7008090019226074,
      "process_2": 0.6566162109375
    },
    "cpu_energy": {
      "process_3": 0.0007194961673440049,
      "process_1": 0.0006542080766564595,
      "process_0": 0.0006839340629684332,
      "process_2": 0.0006559117707500945
    },
    "gpu_energy": {
      "process_3": 0.005040709588119918,
      "process_1": 0.004741068792852077,
      "process_0": 0.0047713188170519505,
      "process_2": 0.004759140751753987
    },
    "ram_energy": {
      "process_3": 4.25371402140622e-06,
      "process_1": 3.8843170658409536e-06,
      "process_0": 3.96288915500963e-06,
      "process_2": 3.9376790792794205e-06
    },
    "total_energy_kwh": {
      "process_3": 0.005764459469485327,
      "process_1": 0.005399161186574375,
      "process_0": 0.005459215769175393,
      "process_2": 0.005418990201583361
    },
    "total_energy_joules": {
      "process_3": 20752.054090147176,
      "process_1": 19436.98027166775,
      "process_0": 19653.176769031415,
      "process_2": 19508.3647257001
    }
  },
  "global_experiment_results": {
    "cpu_power_avg": 112.5,
    "gpu_power_avg": 1518.1399294254388,
    "ram_power_avg": 0.665463924407959,
    "cpu_energy_total": 0.002713550077718992,
    "gpu_energy_total": 0.019312237949777933,
    "ram_energy_total": 1.6038599321536224e-05,
    "total_energy_kwh": 0.02204182662681846,
    "total_energy_joules": 79350.57585654643
  },
  "global_derived_quantities": {
    "tokens_per_joule": 0.20647613231717105,
    "joules_per_token": 4.843174795931789,
    "flops_per_joule": 213608670.26088035,
    "joules_per_flop": 4.681457914506465e-09
  },
  "per-process_emissions": [
    0.0021959708349004355,
    0.0020568104540255082,
    0.002079688247267366,
    0.0020643643172931817
  ]
}