{
  "process_id": 231944,
  "local_process_index": 1,
  "energy_results": {
    "cpu_power": 112.5,
    "gpu_power": 987.1035125278377,
    "ram_power": 0.6544790267944336,
    "cpu_energy": 0.0007760334571562455,
    "gpu_energy": 0.005047156259944008,
    "ram_energy": 4.21766530045908e-06,
    "total_energy_kwh": 0.005827407382400713,
    "total_energy_joules": 20978.66657664257,
    "final_emissions": 0.002219950842325552
  }
}