{
  "process_id": 147354,
  "local_process_index": 3,
  "energy_results": {
    "cpu_power": 112.5,
    "gpu_power": 442.84665354601924,
    "ram_power": 0.6695737838745117,
    "cpu_energy": 0.0007504126027187112,
    "gpu_energy": 0.005076249894330004,
    "ram_energy": 4.516695810512982e-06,
    "total_energy_kwh": 0.005831179192859231,
    "total_energy_joules": 20992.24509429323,
    "final_emissions": 0.0022213877135197242
  }
}