{
  "process_id": 55219,
  "local_process_index": 3,
  "energy_results": {
    "cpu_power": 112.5,
    "gpu_power": 480.44944979498536,
    "ram_power": 0.6532273292541504,
    "cpu_energy": 0.0011155977370622167,
    "gpu_energy": 0.007439231784714007,
    "ram_energy": 5.754955435361401e-06,
    "total_energy_kwh": 0.008560584477211586,
    "total_energy_joules": 30818.10411796171,
    "final_emissions": 0.003261154656593754
  }
}