{
  "process_id": 55216,
  "local_process_index": 0,
  "energy_results": {
    "cpu_power": 112.5,
    "gpu_power": 886.532394200152,
    "ram_power": 0.7009191513061523,
    "cpu_energy": 0.0007321088768118216,
    "gpu_energy": 0.005337280936488109,
    "ram_energy": 3.95148232553238e-06,
    "total_energy_kwh": 0.006073341295625461,
    "total_energy_joules": 21864.02866425166,
    "final_emissions": 0.0023136393665685196
  }
}