{
  "process_id": 2515774,
  "local_process_index": 3,
  "energy_results": {
    "cpu_power": 112.5,
    "gpu_power": 242.20276891194646,
    "ram_power": 0.7035255432128906,
    "cpu_energy": 0.0016330749088119781,
    "gpu_energy": 0.0038274891730991634,
    "ram_energy": 7.112282095688605e-06,
    "total_energy_kwh": 0.0054676763640068285,
    "total_energy_joules": 19683.634910424582,
    "final_emissions": 0.0020829113108684016
  }
}