{
  "process_id": 2515771,
  "local_process_index": 0,
  "energy_results": {
    "cpu_power": 112.5,
    "gpu_power": 280.6098968754774,
    "ram_power": 0.6734519004821778,
    "cpu_energy": 0.0015180277346889851,
    "gpu_energy": 0.0035803439753836486,
    "ram_energy": 6.468304604713638e-06,
    "total_energy_kwh": 0.005104840014677348,
    "total_energy_joules": 18377.424052838454,
    "final_emissions": 0.0019446888035913358
  }
}