{
  "process_id": 2434164,
  "local_process_index": 1,
  "energy_results": {
    "cpu_power": 112.5,
    "gpu_power": 285.5089517147027,
    "ram_power": 0.6872262954711914,
    "cpu_energy": 0.0009446995142825473,
    "gpu_energy": 0.0018042842212040444,
    "ram_energy": 3.369796943440382e-06,
    "total_energy_kwh": 0.0027523535324300314,
    "total_energy_joules": 9908.472716748112,
    "final_emissions": 0.0010485090781792205
  }
}