{
  "process_id": 2434166,
  "local_process_index": 3,
  "energy_results": {
    "cpu_power": 112.5,
    "gpu_power": 211.45485816746364,
    "ram_power": 0.6795816421508789,
    "cpu_energy": 0.0011930980351553449,
    "gpu_energy": 0.00230065600719076,
    "ram_energy": 4.502565557283364e-06,
    "total_energy_kwh": 0.003498256607903387,
    "total_energy_joules": 12593.723788452193,
    "final_emissions": 0.0013326608547807952
  }
}