{
  "experiment_id": "0359",
  "local_process_results": {
    "cpu_power": {
      "process_1": 112.5,
      "process_3": 112.5,
      "process_0": 112.5,
      "process_2": 112.5
    },
    "gpu_power": {
      "process_1": 285.5089517147027,
      "process_3": 211.45485816746364,
      "process_0": 210.91947710464606,
      "process_2": 213.2903627434687
    },
    "ram_power": {
      "process_1": 0.6872262954711914,
      "process_3": 0.6795816421508789,
      "process_0": 0.6743888854980469,
      "process_2": 0.6878371238708496
    },
    "cpu_energy": {
      "process_1": 0.0009446995142825473,
      "process_3": 0.0011930980351553449,
      "process_0": 0.001030741944124202,
      "process_2": 0.0010480794316581527
    },
    "gpu_energy": {
      "process_1": 0.0018042842212040444,
      "process_3": 0.00230065600719076,
      "process_0": 0.0019825840860672184,
      "process_2": 0.0020140341112266924
    },
    "ram_energy": {
      "process_1": 3.369796943440382e-06,
      "process_3": 4.502565557283364e-06,
      "process_0": 3.951859516783522e-06,
      "process_2": 4.1383347184401105e-06
    },
    "total_energy_kwh": {
      "process_1": 0.0027523535324300314,
      "process_3": 0.003498256607903387,
      "process_0": 0.0030172778897082043,
      "process_2": 0.003066251877603285
    },
    "total_energy_joules": {
      "process_1": 9908.472716748112,
      "process_3": 12593.723788452193,
      "process_0": 10862.200402949535,
      "process_2": 11038.506759371827
    }
  },
  "global_experiment_results": {
    "cpu_power_avg": 112.5,
    "gpu_power_avg": 230.29341243257025,
    "ram_power_avg": 0.6822584867477417,
    "cpu_energy_total": 0.004216618925220247,
    "gpu_energy_total": 0.008101558425688715,
    "ram_energy_total": 1.5962556735947376e-05,
    "total_energy_kwh": 0.012334139907644908,
    "total_energy_joules": 44402.90366752167
  },
  "global_derived_quantities": {
    "tokens_per_joule": 0.3689848781665153,
    "joules_per_token": 2.710138163300883,
    "flops_per_joule": 456020251.93237025,
    "joules_per_flop": 2.1928850654385063e-09
  },
  "per-process_emissions": [
    0.0010485090781792205,
    0.0013326608547807952,
    0.0011494320120843404,
    0.0011680886527729714
  ]
}