{
  "process_id": 361766,
  "local_process_index": 2,
  "energy_results": {
    "cpu_power": 112.5,
    "gpu_power": 403.90710045466346,
    "ram_power": 0.9597558975219728,
    "cpu_energy": 0.0011534750213751297,
    "gpu_energy": 0.004147685262589962,
    "ram_energy": 7.77394502523699e-06,
    "total_energy_kwh": 0.0053089342289903306,
    "total_energy_joules": 19112.16322436519,
    "final_emissions": 0.0020224384945338666
  }
}