{
  "experiment_id": "0272",
  "local_process_results": {
    "cpu_power": {
      "process_0": 112.5,
      "process_2": 112.5,
      "process_3": 112.5,
      "process_1": 112.5
    },
    "gpu_power": {
      "process_0": 378.7947453659546,
      "process_2": 403.90710045466346,
      "process_3": 0.0,
      "process_1": 384.66849329626274
    },
    "ram_power": {
      "process_0": 0.9266910552978516,
      "process_2": 0.9597558975219728,
      "process_3": 0.9765872955322267,
      "process_1": 0.9766860008239746
    },
    "cpu_energy": {
      "process_0": 0.0011568249734688156,
      "process_2": 0.0011534750213751297,
      "process_3": 0.0011748493002501162,
      "process_1": 0.0011571041417503239
    },
    "gpu_energy": {
      "process_0": 0.004156243324992148,
      "process_2": 0.004147685262589962,
      "process_3": 0.004126696356910153,
      "process_1": 0.004160336661599984
    },
    "ram_energy": {
      "process_0": 7.5106204725183065e-06,
      "process_2": 7.77394502523699e-06,
      "process_3": 8.072385342992444e-06,
      "process_1": 7.907883277201338e-06
    },
    "total_energy_kwh": {
      "process_0": 0.00532057891893348,
      "process_2": 0.0053089342289903306,
      "process_3": 0.005309618042503262,
      "process_1": 0.005325348686627509
    },
    "total_energy_joules": {
      "process_0": 19154.08410816053,
      "process_2": 19112.16322436519,
      "process_3": 19114.624953011742,
      "process_1": 19171.25527185903
    }
  },
  "global_experiment_results": {
    "cpu_power_avg": 112.5,
    "gpu_power_avg": 291.8425847792202,
    "ram_power_avg": 0.9599300622940063,
    "cpu_energy_total": 0.004642253436844385,
    "gpu_energy_total": 0.016590961606092247,
    "ram_energy_total": 3.126483411794908e-05,
    "total_energy_kwh": 0.02126447987705458,
    "total_energy_joules": 76552.12755739648
  },
  "global_derived_quantities": {
    "tokens_per_joule": 0.21402409734093633,
    "joules_per_token": 4.672371066735625,
    "flops_per_joule": 221417373.1545661,
    "joules_per_flop": 4.516357437326854e-09
  },
  "per-process_emissions": [
    0.0020268745391677093,
    0.0020224384945338666,
    0.0020226989932916177,
    0.0020286915821707495
  ]
}