{
  "process_id": 361767,
  "local_process_index": 3,
  "energy_results": {
    "cpu_power": 112.5,
    "gpu_power": 0.0,
    "ram_power": 0.9765872955322267,
    "cpu_energy": 0.0011748493002501162,
    "gpu_energy": 0.004126696356910153,
    "ram_energy": 8.072385342992444e-06,
    "total_energy_kwh": 0.005309618042503262,
    "total_energy_joules": 19114.624953011742,
    "final_emissions": 0.0020226989932916177
  }
}