{
  "process_id": 2441538,
  "local_process_index": 0,
  "energy_results": {
    "cpu_power": 112.5,
    "gpu_power": 211.46023102650182,
    "ram_power": 0.6901302337646484,
    "cpu_energy": 0.002595096038623524,
    "gpu_energy": 0.00438113656046224,
    "ram_energy": 9.321861945818998e-06,
    "total_energy_kwh": 0.00698555446103158,
    "total_energy_joules": 25147.99605971369,
    "final_emissions": 0.0026611469719299806
  }
}