{
  "process_id": 2441541,
  "local_process_index": 3,
  "energy_results": {
    "cpu_power": 112.5,
    "gpu_power": 239.61305687142178,
    "ram_power": 0.7200908660888672,
    "cpu_energy": 0.002711070446778649,
    "gpu_energy": 0.004582235610229191,
    "ram_energy": 9.777017161002403e-06,
    "total_energy_kwh": 0.007303083074168841,
    "total_energy_joules": 26291.099067007828,
    "final_emissions": 0.00278210949710462
  }
}