{
  "experiment_id": "0089",
  "local_process_results": {
    "cpu_power": {
      "process_0": 112.5
    },
    "gpu_power": {
      "process_0": 39.81841206007259
    },
    "ram_power": {
      "process_0": 0.9397516250610353
    },
    "cpu_energy": {
      "process_0": 0.029886566713812467
    },
    "gpu_energy": {
      "process_0": 0.009949834348749964
    },
    "ram_energy": {
      "process_0": 0.00021175804968111777
    },
    "total_energy_kwh": {
      "process_0": 0.040048159112243485
    },
    "total_energy_joules": {
      "process_0": 144173.37280407656
    }
  },
  "global_experiment_results": {
    "cpu_power_avg": 112.5,
    "gpu_power_avg": 39.81841206007259,
    "ram_power_avg": 0.9397516250610353,
    "cpu_energy_total": 0.029886566713812467,
    "gpu_energy_total": 0.009949834348749964,
    "ram_energy_total": 0.00021175804968111777,
    "total_energy_kwh": 0.040048159112243485,
    "total_energy_joules": 144173.37280407656
  },
  "global_derived_quantities": {
    "tokens_per_joule": 0.10111437165176593,
    "joules_per_token": 9.889790972978226,
    "flops_per_joule": 7175694.8448857255,
    "joules_per_flop": 1.3935932639509075e-07
  },
  "per-process_emissions": [
    0.015256346213809157
  ]
}