{
  "process_id": 338011,
  "local_process_index": 0,
  "energy_results": {
    "cpu_power": 112.5,
    "gpu_power": 406.35414096001534,
    "ram_power": 0.925407886505127,
    "cpu_energy": 0.0011373511341251968,
    "gpu_energy": 0.004128624969564176,
    "ram_energy": 7.385575146542393e-06,
    "total_energy_kwh": 0.005273361678835915,
    "total_energy_joules": 18984.102043809296,
    "final_emissions": 0.002008887131552542
  }
}