{
  "process_id": 338014,
  "local_process_index": 3,
  "energy_results": {
    "cpu_power": 112.5,
    "gpu_power": 438.77482824963033,
    "ram_power": 0.9591708183288574,
    "cpu_energy": 0.0011323036034370942,
    "gpu_energy": 0.004115485792385909,
    "ram_energy": 7.602255448346956e-06,
    "total_energy_kwh": 0.00525539165127135,
    "total_energy_joules": 18919.40994457686,
    "final_emissions": 0.002002041449551821
  }
}