{
  "process_id": 338012,
  "local_process_index": 1,
  "energy_results": {
    "cpu_power": 112.5,
    "gpu_power": 448.40932698764345,
    "ram_power": 0.9756503105163574,
    "cpu_energy": 0.0011332629301565474,
    "gpu_energy": 0.004115485792385909,
    "ram_energy": 7.731757279863277e-06,
    "total_energy_kwh": 0.00525648047982232,
    "total_energy_joules": 18923.329727360353,
    "final_emissions": 0.002002456238788313
  }
}