{
  "process_id": 206120,
  "local_process_index": 3,
  "energy_results": {
    "cpu_power": 112.5,
    "gpu_power": 375.30482830647236,
    "ram_power": 0.6522588729858398,
    "cpu_energy": 0.0007492048364373432,
    "gpu_energy": 0.005122312431179998,
    "ram_energy": 4.718391802631531e-06,
    "total_energy_kwh": 0.005876235659419973,
    "total_energy_joules": 21154.448373911902,
    "final_emissions": 0.002238551974456039
  }
}