{
  "process_id": 206119,
  "local_process_index": 2,
  "energy_results": {
    "cpu_power": 112.5,
    "gpu_power": 623.092399420029,
    "ram_power": 0.6508884429931641,
    "cpu_energy": 0.0006865516977186414,
    "gpu_energy": 0.004754242414501897,
    "ram_energy": 4.00536393922587e-06,
    "total_energy_kwh": 0.005444799476159764,
    "total_energy_joules": 19601.278114175147,
    "final_emissions": 0.002074196360443062
  }
}