{
  "process_id": 350968,
  "local_process_index": 1,
  "energy_results": {
    "cpu_power": 112.5,
    "gpu_power": 475.34630406045994,
    "ram_power": 0.977783203125,
    "cpu_energy": 0.0011289556731250059,
    "gpu_energy": 0.004097272166704025,
    "ram_energy": 7.768446525762076e-06,
    "total_energy_kwh": 0.005233996286354793,
    "total_energy_joules": 18842.386630877252,
    "final_emissions": 0.0019938908852868585
  }
}