{
  "process_id": 350970,
  "local_process_index": 3,
  "energy_results": {
    "cpu_power": 112.5,
    "gpu_power": 299.91525743524056,
    "ram_power": 0.9684419631958008,
    "cpu_energy": 0.0011470488949997843,
    "gpu_energy": 0.004172032504289935,
    "ram_energy": 7.748229777961247e-06,
    "total_energy_kwh": 0.005326829629067681,
    "total_energy_joules": 19176.58666464365,
    "final_emissions": 0.002029255747193333
  }
}