{
  "process_id": 350967,
  "local_process_index": 0,
  "energy_results": {
    "cpu_power": 112.5,
    "gpu_power": 447.6684445379968,
    "ram_power": 0.9262018203735352,
    "cpu_energy": 0.0011535182982185008,
    "gpu_energy": 0.0041787530652220295,
    "ram_energy": 7.469737189413464e-06,
    "total_energy_kwh": 0.005339741100629945,
    "total_energy_joules": 19223.0679622678,
    "final_emissions": 0.0020341743722849777
  }
}