{
  "experiment_id": "0264",
  "local_process_results": {
    "cpu_power": {
      "process_3": 112.5,
      "process_2": 112.5,
      "process_0": 112.5,
      "process_1": 112.5
    },
    "gpu_power": {
      "process_3": 299.91525743524056,
      "process_2": 347.8974111042475,
      "process_0": 447.6684445379968,
      "process_1": 475.34630406045994
    },
    "ram_power": {
      "process_3": 0.9684419631958008,
      "process_2": 0.9685721397399902,
      "process_0": 0.9262018203735352,
      "process_1": 0.977783203125
    },
    "cpu_energy": {
      "process_3": 0.0011470488949997843,
      "process_2": 0.0011581552736876118,
      "process_0": 0.0011535182982185008,
      "process_1": 0.0011289556731250059
    },
    "gpu_energy": {
      "process_3": 0.004172032504289935,
      "process_2": 0.004189186962457958,
      "process_0": 0.0041787530652220295,
      "process_1": 0.004097272166704025
    },
    "ram_energy": {
      "process_3": 7.748229777961247e-06,
      "process_2": 7.867437807096968e-06,
      "process_0": 7.469737189413464e-06,
      "process_1": 7.768446525762076e-06
    },
    "total_energy_kwh": {
      "process_3": 0.005326829629067681,
      "process_2": 0.005355209673952668,
      "process_0": 0.005339741100629945,
      "process_1": 0.005233996286354793
    },
    "total_energy_joules": {
      "process_3": 19176.58666464365,
      "process_2": 19278.754826229604,
      "process_0": 19223.0679622678,
      "process_1": 18842.386630877252
    }
  },
  "global_experiment_results": {
    "cpu_power_avg": 112.5,
    "gpu_power_avg": 392.7068542844862,
    "ram_power_avg": 0.9602497816085815,
    "cpu_energy_total": 0.004587678140030903,
    "gpu_energy_total": 0.016637244698673948,
    "ram_energy_total": 3.0853851300233754e-05,
    "total_energy_kwh": 0.021255776690005085,
    "total_energy_joules": 76520.79608401831
  },
  "global_derived_quantities": {
    "tokens_per_joule": 0.21411172960107072,
    "joules_per_token": 4.6704587453624455,
    "flops_per_joule": 221508032.5947115,
    "joules_per_flop": 4.51450896965745e-09
  },
  "per-process_emissions": [
    0.002029255747193333,
    0.0020400671252922688,
    0.0020341743722849777,
    0.0019938908852868585
  ]
}