{
  "process_id": 2548864,
  "local_process_index": 2,
  "energy_results": {
    "cpu_power": 112.5,
    "gpu_power": 538.6579118146559,
    "ram_power": 0.7244296073913574,
    "cpu_energy": 0.0012452994110672081,
    "gpu_energy": 0.004884323629676279,
    "ram_energy": 5.98354479818862e-06,
    "total_energy_kwh": 0.006135606585541674,
    "total_energy_joules": 22088.183707950026,
    "final_emissions": 0.0023373593287621007
  }
}