{
  "process_id": 2548863,
  "local_process_index": 1,
  "energy_results": {
    "cpu_power": 112.5,
    "gpu_power": 530.2632706411144,
    "ram_power": 0.7210493087768555,
    "cpu_energy": 0.0012749637430933944,
    "gpu_energy": 0.005006285949469502,
    "ram_energy": 6.154395060552318e-06,
    "total_energy_kwh": 0.006287404087623449,
    "total_energy_joules": 22634.654715444416,
    "final_emissions": 0.002395186587180153
  }
}