{
  "process_id": 2548865,
  "local_process_index": 3,
  "energy_results": {
    "cpu_power": 112.5,
    "gpu_power": 379.8043206819077,
    "ram_power": 0.7243123054504395,
    "cpu_energy": 0.0014128098684413999,
    "gpu_energy": 0.005486283277911452,
    "ram_energy": 6.907538611320186e-06,
    "total_energy_kwh": 0.006906000684964173,
    "total_energy_joules": 24861.602465871023,
    "final_emissions": 0.0026308409609371018
  }
}