{
  "process_id": 2548862,
  "local_process_index": 0,
  "energy_results": {
    "cpu_power": 112.5,
    "gpu_power": 450.53137971692536,
    "ram_power": 0.6931657791137695,
    "cpu_energy": 0.0013073219279076515,
    "gpu_energy": 0.005115317981140288,
    "ram_energy": 5.955077847797961e-06,
    "total_energy_kwh": 0.006428594986895737,
    "total_energy_joules": 23142.941952824654,
    "final_emissions": 0.002448973260257931
  }
}