{
  "process_id": 435224,
  "local_process_index": 0,
  "energy_results": {
    "cpu_power": 112.5,
    "gpu_power": 448.6483652133049,
    "ram_power": 0.9240989685058594,
    "cpu_energy": 0.0011726690163441163,
    "gpu_energy": 0.004144809426955942,
    "ram_energy": 7.624423793127069e-06,
    "total_energy_kwh": 0.005325102867093186,
    "total_energy_joules": 19170.37032153547,
    "final_emissions": 0.0020285979372191495
  }
}