{
  "experiment_id": "0329",
  "local_process_results": {
    "cpu_power": {
      "process_2": 112.5,
      "process_3": 112.5,
      "process_1": 112.5,
      "process_0": 112.5
    },
    "gpu_power": {
      "process_2": 0.0,
      "process_3": 437.76301009530715,
      "process_1": 0.0,
      "process_0": 448.6483652133049
    },
    "ram_power": {
      "process_2": 0.9664492607116699,
      "process_3": 0.9792795181274413,
      "process_1": 0.971034049987793,
      "process_0": 0.9240989685058594
    },
    "cpu_energy": {
      "process_2": 0.0011755553185316783,
      "process_3": 0.0011696065990939814,
      "process_1": 0.001207839963468473,
      "process_0": 0.0011726690163441163
    },
    "gpu_energy": {
      "process_2": 0.004154955546183947,
      "process_3": 0.0041311955271758904,
      "process_1": 0.004154036101003844,
      "process_0": 0.004144809426955942
    },
    "ram_energy": {
      "process_2": 8.238433493975284e-06,
      "process_3": 8.064387368817376e-06,
      "process_1": 8.310454689229334e-06,
      "process_0": 7.624423793127069e-06
    },
    "total_energy_kwh": {
      "process_2": 0.0053387492982096,
      "process_3": 0.0053088665136386895,
      "process_1": 0.005370186519161545,
      "process_0": 0.005325102867093186
    },
    "total_energy_joules": {
      "process_2": 19219.49747355456,
      "process_3": 19111.91944909928,
      "process_1": 19332.671468981564,
      "process_0": 19170.37032153547
    }
  },
  "global_experiment_results": {
    "cpu_power_avg": 112.5,
    "gpu_power_avg": 221.602843827153,
    "ram_power_avg": 0.9602154493331909,
    "cpu_energy_total": 0.004725670897438249,
    "gpu_energy_total": 0.016584996601319624,
    "ram_energy_total": 3.223769934514906e-05,
    "total_energy_kwh": 0.021342905198103022,
    "total_energy_joules": 76834.45871317087
  },
  "global_derived_quantities": {
    "tokens_per_joule": 0.21323765761352953,
    "joules_per_token": 4.689603192942558,
    "flops_per_joule": 220603766.55255148,
    "joules_per_flop": 4.5330141711872515e-09
  },
  "per-process_emissions": [
    0.002033796545152947,
    0.002022412698370659,
    0.0020457725544745908,
    0.0020285979372191495
  ]
}