{
  "process_id": 435226,
  "local_process_index": 2,
  "energy_results": {
    "cpu_power": 112.5,
    "gpu_power": 0.0,
    "ram_power": 0.9664492607116699,
    "cpu_energy": 0.0011755553185316783,
    "gpu_energy": 0.004154955546183947,
    "ram_energy": 8.238433493975284e-06,
    "total_energy_kwh": 0.0053387492982096,
    "total_energy_joules": 19219.49747355456,
    "final_emissions": 0.002033796545152947
  }
}