{
  "process_id": 435227,
  "local_process_index": 3,
  "energy_results": {
    "cpu_power": 112.5,
    "gpu_power": 437.76301009530715,
    "ram_power": 0.9792795181274413,
    "cpu_energy": 0.0011696065990939814,
    "gpu_energy": 0.0041311955271758904,
    "ram_energy": 8.064387368817376e-06,
    "total_energy_kwh": 0.0053088665136386895,
    "total_energy_joules": 19111.91944909928,
    "final_emissions": 0.002022412698370659
  }
}