{
  "process_id": 276987,
  "local_process_index": 0,
  "energy_results": {
    "cpu_power": 112.5,
    "gpu_power": 69.07226461343014,
    "ram_power": 0.947124481201172,
    "cpu_energy": 0.0018796497704372539,
    "gpu_energy": 0.0013297574526939804,
    "ram_energy": 1.6468006483581384e-05,
    "total_energy_kwh": 0.0032258752296148163,
    "total_energy_joules": 11613.150826613339,
    "final_emissions": 0.0012288971687217643
  }
}