{
  "process_id": 70503,
  "local_process_index": 1,
  "energy_results": {
    "cpu_power": 112.5,
    "gpu_power": 0.0,
    "ram_power": 0.9787745475769044,
    "cpu_energy": 0.0005571450775936456,
    "gpu_energy": 0.0028118903050659005,
    "ram_energy": 4.304855219499009e-06,
    "total_energy_kwh": 0.003373340237879046,
    "total_energy_joules": 12144.024856364565,
    "final_emissions": 0.0012850739636200226
  }
}