{
  "process_id": 70505,
  "local_process_index": 3,
  "energy_results": {
    "cpu_power": 112.5,
    "gpu_power": 433.5161846534261,
    "ram_power": 0.984708309173584,
    "cpu_energy": 0.0007446906289998197,
    "gpu_energy": 0.003750795500633841,
    "ram_energy": 5.9304332152104325e-06,
    "total_energy_kwh": 0.004501416562848871,
    "total_energy_joules": 16205.099626255937,
    "final_emissions": 0.0017148146396172774
  }
}