{
  "process_id": 2521948,
  "local_process_index": 3,
  "energy_results": {
    "cpu_power": 112.5,
    "gpu_power": 286.197000634918,
    "ram_power": 0.7222881317138672,
    "cpu_energy": 0.001475521362187465,
    "gpu_energy": 0.00361301066818287,
    "ram_energy": 6.81937539673904e-06,
    "total_energy_kwh": 0.005095351405767072,
    "total_energy_joules": 18343.26506076146,
    "final_emissions": 0.0019410741180269663
  }
}