{
  "process_id": 2557153,
  "local_process_index": 1,
  "energy_results": {
    "cpu_power": 112.5,
    "gpu_power": 433.18917370373134,
    "ram_power": 0.7044267654418945,
    "cpu_energy": 0.0011644357372815645,
    "gpu_energy": 0.004674517628498354,
    "ram_energy": 5.388480929953553e-06,
    "total_energy_kwh": 0.005844341846709871,
    "total_energy_joules": 21039.630648155537,
    "final_emissions": 0.0022264020265041254
  }
}