{
  "process_id": 2557155,
  "local_process_index": 3,
  "energy_results": {
    "cpu_power": 112.5,
    "gpu_power": 382.1936557606932,
    "ram_power": 0.7076411247253418,
    "cpu_energy": 0.001528186400936648,
    "gpu_energy": 0.0059556205978270604,
    "ram_energy": 7.2357468409957394e-06,
    "total_energy_kwh": 0.007491042745604702,
    "total_energy_joules": 26967.753884176927,
    "final_emissions": 0.0028537127339381112
  }
}