{
  "process_id": null,
  "energy_results": {
    "cpu_energy": 0.00016205676781464717,
    "gpu_energy": 0.0001379001103205546,
    "ram_energy": 3.3190702034746833e-06,
    "total_energy_kwh": 0.00030327594833867645,
    "total_energy_joules": 1091.7934140192353,
    "final_emissions": 0.0001155329725196188
  }
}