{
  "process_id": 2503527,
  "local_process_index": 3,
  "energy_results": {
    "cpu_power": 112.5,
    "gpu_power": 241.47066203214794,
    "ram_power": 0.7058615684509277,
    "cpu_energy": 0.0017481078949076617,
    "gpu_energy": 0.004038698230957483,
    "ram_energy": 7.948083578521868e-06,
    "total_energy_kwh": 0.005794754209443667,
    "total_energy_joules": 20861.1151539972,
    "final_emissions": 0.002207511616087565
  }
}