{
  "process_id": 2503524,
  "local_process_index": 0,
  "energy_results": {
    "cpu_power": 112.5,
    "gpu_power": 284.03253922627863,
    "ram_power": 0.6746220588684082,
    "cpu_energy": 0.0015514360595607283,
    "gpu_energy": 0.003616749837842992,
    "ram_energy": 6.570611542838847e-06,
    "total_energy_kwh": 0.005174756508946557,
    "total_energy_joules": 18629.123432207605,
    "final_emissions": 0.0019713234920831907
  }
}