{
  "process_id": 363095,
  "local_process_index": 1,
  "energy_results": {
    "cpu_power": 112.5,
    "gpu_power": 421.087609406574,
    "ram_power": 0.9799518585205079,
    "cpu_energy": 0.0011346515043125008,
    "gpu_energy": 0.004117328016081889,
    "ram_energy": 7.818535468474466e-06,
    "total_energy_kwh": 0.005259798055862864,
    "total_energy_joules": 18935.27300110631,
    "final_emissions": 0.002003720069380958
  }
}