{
  "process_id": 363096,
  "local_process_index": 2,
  "energy_results": {
    "cpu_power": 112.5,
    "gpu_power": 205.68132084312273,
    "ram_power": 0.9850401878356934,
    "cpu_energy": 0.0011494090469997217,
    "gpu_energy": 0.004164363053709985,
    "ram_energy": 8.166743321208509e-06,
    "total_energy_kwh": 0.0053219388440309155,
    "total_energy_joules": 19158.979838511295,
    "final_emissions": 0.0020273926026335774
  }
}