{
  "process_id": 363097,
  "local_process_index": 3,
  "energy_results": {
    "cpu_power": 112.5,
    "gpu_power": 437.8812874448877,
    "ram_power": 0.9762740135192871,
    "cpu_energy": 0.0011374347075621927,
    "gpu_energy": 0.004139319144785936,
    "ram_energy": 7.806011619680512e-06,
    "total_energy_kwh": 0.005284559863967807,
    "total_energy_joules": 19024.415510284107,
    "final_emissions": 0.0020131530801785363
  }
}