{
  "process_id": 363094,
  "local_process_index": 0,
  "energy_results": {
    "cpu_power": 112.5,
    "gpu_power": 286.8881319961184,
    "ram_power": 0.9175300598144531,
    "cpu_energy": 0.0011596474906252752,
    "gpu_energy": 0.0041917914089857344,
    "ram_energy": 7.42832460012264e-06,
    "total_energy_kwh": 0.005358867224211134,
    "total_energy_joules": 19291.922007160083,
    "final_emissions": 0.0020414604690632315
  }
}