{
  "experiment_id": "0079",
  "local_process_results": {
    "cpu_power": {
      "process_0": 112.5,
      "process_1": 112.5
    },
    "gpu_power": {
      "process_0": 0.0,
      "process_1": 302.82021183125187
    },
    "ram_power": {
      "process_0": 0.9203081130981445,
      "process_1": 0.9677953720092773
    },
    "cpu_energy": {
      "process_0": 0.00019047976028139152,
      "process_1": 0.00020243077978125256
    },
    "gpu_energy": {
      "process_0": 0.0006007174250180491,
      "process_1": 0.0007180594633360848
    },
    "ram_energy": {
      "process_0": 1.3066171583701677e-06,
      "process_1": 1.5241391465744703e-06
    },
    "total_energy_kwh": {
      "process_0": 0.0007925038024578107,
      "process_1": 0.0009220143822639117
    },
    "total_energy_joules": {
      "process_0": 2853.0136888481184,
      "process_1": 3319.251776150082
    }
  },
  "global_experiment_results": {
    "cpu_power_avg": 112.5,
    "gpu_power_avg": 151.41010591562593,
    "ram_power_avg": 0.9440517425537109,
    "cpu_energy_total": 0.0003929105400626441,
    "gpu_energy_total": 0.001318776888354134,
    "ram_energy_total": 2.830756304944638e-06,
    "total_energy_kwh": 0.0017145181847217222,
    "total_energy_joules": 6172.2654649982005
  },
  "global_derived_quantities": {
    "tokens_per_joule": 2.6544548501535936,
    "joules_per_token": 0.3767251870726441,
    "flops_per_joule": 167611735.7341016,
    "joules_per_flop": 5.966169347392208e-09
  },
  "per-process_emissions": [
    0.000301904323546303,
    0.0003512413789234372
  ]
}