{
  "process_id": 1910315,
  "local_process_index": 0,
  "energy_results": {
    "cpu_power": 112.5,
    "gpu_power": 304.48567391454156,
    "ram_power": 2.2478442192077637,
    "cpu_energy": 0.00011419457543706814,
    "gpu_energy": 0.00038533197493251237,
    "ram_energy": 1.913055883442568e-06,
    "total_energy_kwh": 0.000501439606253023,
    "total_energy_joules": 1805.182582510883,
    "final_emissions": 0.00019102341800208915
  }
}