{
  "process_id": 1910317,
  "local_process_index": 2,
  "energy_results": {
    "cpu_power": 112.5,
    "gpu_power": 286.8227400149472,
    "ram_power": 2.2490944862365723,
    "cpu_energy": 0.0001156509253760305,
    "gpu_energy": 0.00039116031292874,
    "ram_energy": 1.9040394667214083e-06,
    "total_energy_kwh": 0.0005087152777714919,
    "total_energy_joules": 1831.3749999773706,
    "final_emissions": 0.00019379508506704984
  }
}