{
  "process_id": 1910316,
  "local_process_index": 1,
  "energy_results": {
    "cpu_power": 112.5,
    "gpu_power": 319.80792118227646,
    "ram_power": 2.2478442192077637,
    "cpu_energy": 0.00011567798078067427,
    "gpu_energy": 0.00039126309078874044,
    "ram_energy": 1.917272092072847e-06,
    "total_energy_kwh": 0.0005088583436614876,
    "total_energy_joules": 1831.8900371813552,
    "final_emissions": 0.0001938495860178437
  }
}