{
  "process_id": 306364,
  "local_process_index": 1,
  "energy_results": {
    "cpu_power": 112.5,
    "gpu_power": 261.2132551711651,
    "ram_power": 0.9574270248413087,
    "cpu_energy": 0.010700519322782494,
    "gpu_energy": 0.03267492002880401,
    "ram_energy": 8.43020215168538e-05,
    "total_energy_kwh": 0.04345974137310343,
    "total_energy_joules": 156455.06894317237,
    "final_emissions": 0.016555988476083753
  }
}