{
  "process_id": 306366,
  "local_process_index": 3,
  "energy_results": {
    "cpu_power": 112.5,
    "gpu_power": 394.8622987354958,
    "ram_power": 0.9564099311828613,
    "cpu_energy": 0.010673527237842676,
    "gpu_energy": 0.03259261912962991,
    "ram_energy": 8.257145277358221e-05,
    "total_energy_kwh": 0.04334871782024623,
    "total_energy_joules": 156055.38415288643,
    "final_emissions": 0.0165136940536228
  }
}