{
  "process_id": 22699,
  "local_process_index": 1,
  "energy_results": {
    "cpu_power": 112.5,
    "gpu_power": 633.8486678975152,
    "ram_power": 0.9867196083068848,
    "cpu_energy": 0.00042495803428124654,
    "gpu_energy": 0.0023799135705959845,
    "ram_energy": 3.301555579632363e-06,
    "total_energy_kwh": 0.0028081731604568633,
    "total_energy_joules": 10109.423377644707,
    "final_emissions": 0.001069773565476042
  }
}