{
  "experiment_id": "0358",
  "local_process_results": {
    "cpu_power": {
      "process_0": 112.5,
      "process_1": 112.5
    },
    "gpu_power": {
      "process_0": 0.0,
      "process_1": 188.0490561375381
    },
    "ram_power": {
      "process_0": 0.6598749160766602,
      "process_1": 0.6902003288269043
    },
    "cpu_energy": {
      "process_0": 0.0006341727754665955,
      "process_1": 0.00045273991718750044
    },
    "gpu_energy": {
      "process_0": 0.0008034711983329057,
      "process_1": 0.0006310638381843425
    },
    "ram_energy": {
      "process_0": 2.0248065445619103e-06,
      "process_1": 1.6523956700868584e-06
    },
    "total_energy_kwh": {
      "process_0": 0.001439668780344063,
      "process_1": 0.0010854561510419297
    },
    "total_energy_joules": {
      "process_0": 5182.807609238627,
      "process_1": 3907.6421437509466
    }
  },
  "global_experiment_results": {
    "cpu_power_avg": 112.5,
    "gpu_power_avg": 94.02452806876904,
    "ram_power_avg": 0.6750376224517822,
    "cpu_energy_total": 0.001086912692654096,
    "gpu_energy_total": 0.0014345350365172482,
    "ram_energy_total": 3.6772022146487687e-06,
    "total_energy_kwh": 0.0025251249313859928,
    "total_energy_joules": 9090.449752989574
  },
  "global_derived_quantities": {
    "tokens_per_joule": 1.8023310666902699,
    "joules_per_token": 0.5548370210564926,
    "flops_per_joule": 1864591021.756395,
    "joules_per_flop": 5.363106377386857e-10
  },
  "per-process_emissions": [
    0.0005484418218720708,
    0.00041350452073942313
  ]
}