{
  "process_id": 2433238,
  "local_process_index": 1,
  "energy_results": {
    "cpu_power": 112.5,
    "gpu_power": 188.0490561375381,
    "ram_power": 0.6902003288269043,
    "cpu_energy": 0.00045273991718750044,
    "gpu_energy": 0.0006310638381843425,
    "ram_energy": 1.6523956700868584e-06,
    "total_energy_kwh": 0.0010854561510419297,
    "total_energy_joules": 3907.6421437509466,
    "final_emissions": 0.00041350452073942313
  }
}