{
  "process_id": 2433237,
  "local_process_index": 0,
  "energy_results": {
    "cpu_power": 112.5,
    "gpu_power": 0.0,
    "ram_power": 0.6598749160766602,
    "cpu_energy": 0.0006341727754665955,
    "gpu_energy": 0.0008034711983329057,
    "ram_energy": 2.0248065445619103e-06,
    "total_energy_kwh": 0.001439668780344063,
    "total_energy_joules": 5182.807609238627,
    "final_emissions": 0.0005484418218720708
  }
}