{
  "process_id": 86782,
  "local_process_index": 1,
  "energy_results": {
    "cpu_power": 112.5,
    "gpu_power": 498.91715820133163,
    "ram_power": 0.8529124259948732,
    "cpu_energy": 0.0008365868269374915,
    "gpu_energy": 0.004443333276885869,
    "ram_energy": 5.545075789399197e-06,
    "total_energy_kwh": 0.005285465179612759,
    "total_energy_joules": 19027.674646605934,
    "final_emissions": 0.0020134979601734806
  }
}