{
  "process_id": 86784,
  "local_process_index": 3,
  "energy_results": {
    "cpu_power": 112.5,
    "gpu_power": 722.9123415351803,
    "ram_power": 0.8724031448364259,
    "cpu_energy": 0.0007936921227502011,
    "gpu_energy": 0.0042366381115298835,
    "ram_energy": 5.374088171357257e-06,
    "total_energy_kwh": 0.005035704322451443,
    "total_energy_joules": 18128.535560825196,
    "final_emissions": 0.0019183515616378775
  }
}