{
  "process_id": 336674,
  "local_process_index": 1,
  "energy_results": {
    "cpu_power": 112.5,
    "gpu_power": 444.311329798248,
    "ram_power": 0.9703230857849121,
    "cpu_energy": 0.0011368708427814908,
    "gpu_energy": 0.004111925233982128,
    "ram_energy": 7.768469801717888e-06,
    "total_energy_kwh": 0.005256564546565334,
    "total_energy_joules": 18923.6323676352,
    "final_emissions": 0.002002488264014064
  }
}