{
  "process_id": 336673,
  "local_process_index": 0,
  "energy_results": {
    "cpu_power": 112.5,
    "gpu_power": 438.20696454190033,
    "ram_power": 0.9169235229492188,
    "cpu_energy": 0.0011358113693437416,
    "gpu_energy": 0.00410805550866411,
    "ram_energy": 7.27953264790843e-06,
    "total_energy_kwh": 0.005251146410655759,
    "total_energy_joules": 18904.127078360732,
    "final_emissions": 0.0020004242251393115
  }
}