{
  "process_id": 336675,
  "local_process_index": 2,
  "energy_results": {
    "cpu_power": 112.5,
    "gpu_power": 397.17588072602706,
    "ram_power": 0.9760322570800782,
    "cpu_energy": 0.0011427838725312541,
    "gpu_energy": 0.004126001356353937,
    "ram_energy": 7.82277461219946e-06,
    "total_energy_kwh": 0.00527660800349739,
    "total_energy_joules": 18995.788812590607,
    "final_emissions": 0.0020101238189323307
  }
}