{
  "experiment_id": "0070",
  "local_process_results": {
    "cpu_power": {
      "process_0": 112.5,
      "process_1": 112.5,
      "process_3": 112.5,
      "process_2": 112.5
    },
    "gpu_power": {
      "process_0": 792.8090915439782,
      "process_1": 610.7814202525254,
      "process_3": 457.44408509521094,
      "process_2": 562.3781273370095
    },
    "ram_power": {
      "process_0": 0.6964187622070312,
      "process_1": 0.6580767631530762,
      "process_3": 0.6526422500610352,
      "process_2": 0.6436114311218262
    },
    "cpu_energy": {
      "process_0": 0.009119059069343962,
      "process_1": 0.01030751454787651,
      "process_3": 0.010823382378186695,
      "process_2": 0.010057270109968158
    },
    "gpu_energy": {
      "process_0": 0.04585374946074794,
      "process_1": 0.05152481677537596,
      "process_3": 0.05363659596479803,
      "process_2": 0.050350029724436085
    },
    "ram_energy": {
      "process_0": 4.844282915427267e-05,
      "process_1": 5.243762714922914e-05,
      "process_3": 5.508446007562415e-05,
      "process_2": 5.000957425957915e-05
    },
    "total_energy_kwh": {
      "process_0": 0.05502125135924615,
      "process_1": 0.06188476895040172,
      "process_3": 0.0645150628030603,
      "process_2": 0.06045730940866382
    },
    "total_energy_joules": {
      "process_0": 198076.50489328612,
      "process_1": 222785.1682214462,
      "process_3": 232254.22609101707,
      "process_2": 217646.31387118975
    }
  },
  "global_experiment_results": {
    "cpu_power_avg": 112.5,
    "gpu_power_avg": 605.853181057181,
    "ram_power_avg": 0.6626873016357422,
    "cpu_energy_total": 0.04030722610537533,
    "gpu_energy_total": 0.201365191925358,
    "ram_energy_total": 0.00020597449063870514,
    "total_energy_kwh": 0.24187839252137197,
    "total_energy_joules": 870762.2130769391
  },
  "global_derived_quantities": {
    "tokens_per_joule": 0.016907026716258287,
    "joules_per_token": 59.14700537134486,
    "flops_per_joule": 19465671.268918887,
    "joules_per_flop": 5.1372489866132394e-08
  },
  "per-process_emissions": [
    0.02096034570530482,
    0.023575002731655536,
    0.024577013174825822,
    0.023031212019230484
  ]
}