{
  "process_id": 13011,
  "local_process_index": 1,
  "energy_results": {
    "cpu_power": 112.5,
    "gpu_power": 695.1893053663698,
    "ram_power": 0.9926776885986327,
    "cpu_energy": 0.0015474516619999787,
    "gpu_energy": 0.006942573609610005,
    "ram_energy": 1.1809976878435586e-05,
    "total_energy_kwh": 0.008501835248488418,
    "total_energy_joules": 30606.606894558307,
    "final_emissions": 0.0032387741379116632
  }
}