{
  "process_id": 13010,
  "local_process_index": 0,
  "energy_results": {
    "cpu_power": 112.5,
    "gpu_power": 407.13701635784463,
    "ram_power": 0.9459700584411621,
    "cpu_energy": 0.0016154946746249764,
    "gpu_energy": 0.007203044095764,
    "ram_energy": 1.1860242254180166e-05,
    "total_energy_kwh": 0.008830399012643153,
    "total_energy_joules": 31789.43644551535,
    "final_emissions": 0.0033639405038664093
  }
}