{
  "process_id": 13013,
  "local_process_index": 3,
  "energy_results": {
    "cpu_power": 112.5,
    "gpu_power": 415.3240362638392,
    "ram_power": 0.993292808532715,
    "cpu_energy": 0.0015909703404687434,
    "gpu_energy": 0.007122172364400003,
    "ram_energy": 1.226055091654487e-05,
    "total_energy_kwh": 0.008725403255785292,
    "total_energy_joules": 31411.45172082705,
    "final_emissions": 0.003323942370291407
  }
}