{
  "process_id": 132645,
  "local_process_index": 1,
  "energy_results": {
    "cpu_power": 112.5,
    "gpu_power": 721.5325218608932,
    "ram_power": 0.6676239967346191,
    "cpu_energy": 0.0007751250458437084,
    "gpu_energy": 0.004759231585159979,
    "ram_energy": 3.933244505764589e-06,
    "total_energy_kwh": 0.00553828987550945,
    "total_energy_joules": 19937.84355183402,
    "final_emissions": 0.002109811528075325
  }
}