{
  "experiment_id": "0116",
  "local_process_results": {
    "cpu_power": {
      "process_3": 112.5,
      "process_1": 112.5,
      "process_2": 112.5,
      "process_0": 112.5
    },
    "gpu_power": {
      "process_3": 646.758340510093,
      "process_1": 503.53311143181054,
      "process_2": 630.9017161978595,
      "process_0": 737.2303203200806
    },
    "ram_power": {
      "process_3": 0.6565589904785156,
      "process_1": 0.6512203216552734,
      "process_2": 0.653660774230957,
      "process_0": 0.7008790969848634
    },
    "cpu_energy": {
      "process_3": 0.0017121941408749992,
      "process_1": 0.0019374923980314523,
      "process_2": 0.0014941112477498567,
      "process_0": 0.0013640428659375064
    },
    "gpu_energy": {
      "process_3": 0.010616217381856058,
      "process_1": 0.011640930701625973,
      "process_2": 0.009445673945422062,
      "process_0": 0.008683476113442001
    },
    "ram_energy": {
      "process_3": 8.708636035448292e-06,
      "process_1": 9.799293676007533e-06,
      "process_2": 7.451254564029873e-06,
      "process_0": 7.293617695400067e-06
    },
    "total_energy_kwh": {
      "process_3": 0.012337120158766503,
      "process_1": 0.013588222393333429,
      "process_2": 0.010947236447735952,
      "process_0": 0.010054812597074907
    },
    "total_energy_joules": {
      "process_3": 44413.632571559414,
      "process_1": 48917.600616000345,
      "process_2": 39410.05121184942,
      "process_0": 36197.32534946966
    }
  },
  "global_experiment_results": {
    "cpu_power_avg": 112.5,
    "gpu_power_avg": 629.6058721149609,
    "ram_power_avg": 0.6655797958374023,
    "cpu_energy_total": 0.006507840652593815,
    "gpu_energy_total": 0.040386298142346094,
    "ram_energy_total": 3.325280197088576e-05,
    "total_energy_kwh": 0.04692739159691079,
    "total_energy_joules": 168938.60974887887
  },
  "global_derived_quantities": {
    "tokens_per_joule": 0.09698197483899165,
    "joules_per_token": 10.311194442680595,
    "flops_per_joule": 100332132.59152256,
    "joules_per_flop": 9.966896687736645e-09
  },
  "per-process_emissions": [
    0.0046998259244821,
    0.00517643332074037,
    0.0041703497247650104,
    0.0038303808588556858
  ]
}