{
  "process_id": 2498800,
  "local_process_index": 0,
  "energy_results": {
    "cpu_power": 112.5,
    "gpu_power": 315.60638324035267,
    "ram_power": 0.6419820785522461,
    "cpu_energy": 0.0013778631837440118,
    "gpu_energy": 0.003335945724310063,
    "ram_energy": 5.590464286394763e-06,
    "total_energy_kwh": 0.00471939937234047,
    "total_energy_joules": 16989.837740425693,
    "final_emissions": 0.0017978551908931022
  }
}