{
  "process_id": 2172608,
  "local_process_index": 2,
  "energy_results": {
    "cpu_power": 112.5,
    "gpu_power": 443.85478659103114,
    "ram_power": 0.7109026908874512,
    "cpu_energy": 0.0007703578665623353,
    "gpu_energy": 0.003866988649144254,
    "ram_energy": 5.1650292699263126e-06,
    "total_energy_kwh": 0.004642511544976516,
    "total_energy_joules": 16713.04156191546,
    "final_emissions": 0.001768564773058804
  }
}