{
  "process_id": 2172606,
  "local_process_index": 0,
  "energy_results": {
    "cpu_power": 112.5,
    "gpu_power": 482.79391558704987,
    "ram_power": 0.6822195053100586,
    "cpu_energy": 0.0007702733633068419,
    "gpu_energy": 0.0038268894503961093,
    "ram_energy": 5.001484504453773e-06,
    "total_energy_kwh": 0.004602164298207405,
    "total_energy_joules": 16567.79147354666,
    "final_emissions": 0.0017531944894021109
  }
}