{
  "process_id": 2172607,
  "local_process_index": 1,
  "energy_results": {
    "cpu_power": 112.5,
    "gpu_power": 470.04036491313,
    "ram_power": 0.7082433700561523,
    "cpu_energy": 0.0007623563351571648,
    "gpu_energy": 0.0038563411406240533,
    "ram_energy": 5.139679896171003e-06,
    "total_energy_kwh": 0.00462383715567739,
    "total_energy_joules": 16645.813760438603,
    "final_emissions": 0.0017614507644553017
  }
}