{
  "process_id": 2172609,
  "local_process_index": 3,
  "energy_results": {
    "cpu_power": 112.5,
    "gpu_power": 26.52130275902129,
    "ram_power": 0.7088341712951661,
    "cpu_energy": 0.0008376879899988126,
    "gpu_energy": 0.003973288178626078,
    "ram_energy": 5.229064090274442e-06,
    "total_energy_kwh": 0.004816205232715164,
    "total_energy_joules": 17338.33883777459,
    "final_emissions": 0.0018347333834028417
  }
}