{
  "process_id": 182171,
  "local_process_index": 0,
  "energy_results": {
    "cpu_power": 112.5,
    "gpu_power": 886.2994776898252,
    "ram_power": 0.6970138549804689,
    "cpu_energy": 0.0006292735428751824,
    "gpu_energy": 0.004610928966518074,
    "ram_energy": 4.052441740944709e-06,
    "total_energy_kwh": 0.005244254951134201,
    "total_energy_joules": 18879.317824083126,
    "final_emissions": 0.001997798923634574
  }
}