{
  "experiment_id": "0175",
  "local_process_results": {
    "cpu_power": {
      "process_2": 112.5,
      "process_3": 112.5,
      "process_0": 112.5,
      "process_1": 112.5
    },
    "gpu_power": {
      "process_2": 797.1462510011953,
      "process_3": 0.0,
      "process_0": 886.2994776898252,
      "process_1": 773.4050203693262
    },
    "ram_power": {
      "process_2": 0.6203556060791016,
      "process_3": 0.6198534965515138,
      "process_0": 0.6970138549804689,
      "process_1": 0.6306467056274415
    },
    "cpu_energy": {
      "process_2": 0.0006352418873437956,
      "process_3": 0.0007407351909686214,
      "process_0": 0.0006292735428751824,
      "process_1": 0.0006397281238751021
    },
    "gpu_energy": {
      "process_2": 0.004638553988617955,
      "process_3": 0.005020955127872012,
      "process_0": 0.004610928966518074,
      "process_1": 0.004648351774233894
    },
    "ram_energy": {
      "process_2": 3.6211946378643997e-06,
      "process_3": 4.1229237525648775e-06,
      "process_0": 4.052441740944709e-06,
      "process_1": 3.6810668469187263e-06
    },
    "total_energy_kwh": {
      "process_2": 0.005277417070599614,
      "process_3": 0.005765813242593202,
      "process_0": 0.005244254951134201,
      "process_1": 0.005291760964955914
    },
    "total_energy_joules": {
      "process_2": 18998.70145415861,
      "process_3": 20756.92767333553,
      "process_0": 18879.317824083126,
      "process_1": 19050.33947384129
    }
  },
  "global_experiment_results": {
    "cpu_power_avg": 112.5,
    "gpu_power_avg": 614.2126872650867,
    "ram_power_avg": 0.6419674158096313,
    "cpu_energy_total": 0.0026449787450627013,
    "gpu_energy_total": 0.018918789857241936,
    "ram_energy_total": 1.5477626978292713e-05,
    "total_energy_kwh": 0.02157924622928293,
    "total_energy_joules": 77685.28642541856
  },
  "global_derived_quantities": {
    "tokens_per_joule": 0.21090222812951065,
    "joules_per_token": 4.7415335953014255,
    "flops_per_joule": 218187661.69350165,
    "joules_per_flop": 4.58321058229565e-09
  },
  "per-process_emissions": [
    0.002010432033044923,
    0.0021964865547658805,
    0.001997798923634574,
    0.0020158963395999555
  ]
}