{
  "process_id": 408499,
  "local_process_index": 0,
  "energy_results": {
    "cpu_power": 112.5,
    "gpu_power": 437.84975047151204,
    "ram_power": 0.9174957275390625,
    "cpu_energy": 0.0011375277889057996,
    "gpu_energy": 0.0041419097024139595,
    "ram_energy": 7.322863111530788e-06,
    "total_energy_kwh": 0.00528676035443129,
    "total_energy_joules": 19032.337275952643,
    "final_emissions": 0.0020139913570206
  }
}