{
  "process_id": 408502,
  "local_process_index": 3,
  "energy_results": {
    "cpu_power": 112.5,
    "gpu_power": 443.02797731755857,
    "ram_power": 0.9760794639587402,
    "cpu_energy": 0.0011308565689686248,
    "gpu_energy": 0.004131342471737964,
    "ram_energy": 7.779717200243565e-06,
    "total_energy_kwh": 0.0052699787579068335,
    "total_energy_joules": 18971.923528464602,
    "final_emissions": 0.0020075984078246085
  }
}