{
  "experiment_id": "0137",
  "local_process_results": {
    "cpu_power": {
      "process_3": 112.5,
      "process_0": 112.5,
      "process_1": 112.5,
      "process_2": 112.5
    },
    "gpu_power": {
      "process_3": 501.32335290236654,
      "process_0": 1161.348552683999,
      "process_1": 998.4349034881761,
      "process_2": 1060.0370735447354
    },
    "ram_power": {
      "process_3": 0.6694049835205078,
      "process_0": 0.704542636871338,
      "process_1": 0.6591510772705078,
      "process_2": 0.6775088310241699
    },
    "cpu_energy": {
      "process_3": 0.0007724389415312203,
      "process_0": 0.0006906106445936189,
      "process_1": 0.0006879601333124583,
      "process_2": 0.0006736379683126189
    },
    "gpu_energy": {
      "process_3": 0.005130717715681937,
      "process_0": 0.004789715776213982,
      "process_1": 0.004807074401212003,
      "process_2": 0.004743952961825948
    },
    "ram_energy": {
      "process_3": 4.576332020416307e-06,
      "process_0": 3.990490024727617e-06,
      "process_1": 4.0637830399958625e-06,
      "process_2": 4.119777318241846e-06
    },
    "total_energy_kwh": {
      "process_3": 0.005907732989233574,
      "process_0": 0.0054843169108323275,
      "process_1": 0.0054990983175644565,
      "process_2": 0.005421710707456807
    },
    "total_energy_joules": {
      "process_3": 21267.838761240866,
      "process_0": 19743.54087899638,
      "process_1": 19796.753943232045,
      "process_2": 19518.158546844505
    }
  },
  "global_experiment_results": {
    "cpu_power_avg": 112.5,
    "gpu_power_avg": 930.2859706548193,
    "ram_power_avg": 0.6776518821716309,
    "cpu_energy_total": 0.0028246476877499165,
    "gpu_energy_total": 0.01947146085493387,
    "ram_energy_total": 1.6750382403381632e-05,
    "total_energy_kwh": 0.022312858925087168,
    "total_energy_joules": 80326.29213031378
  },
  "global_derived_quantities": {
    "tokens_per_joule": 0.20396808523690035,
    "joules_per_token": 4.902727791156847,
    "flops_per_joule": 211013984.88123876,
    "joules_per_flop": 4.7390223949508e-09
  },
  "per-process_emissions": [
    0.0022505508822485303,
    0.0020892505271815753,
    0.00209488150407618,
    0.002065400694005671
  ]
}