{
  "process_id": 122881,
  "local_process_index": 3,
  "energy_results": {
    "cpu_power": 112.5,
    "gpu_power": 501.32335290236654,
    "ram_power": 0.6694049835205078,
    "cpu_energy": 0.0007724389415312203,
    "gpu_energy": 0.005130717715681937,
    "ram_energy": 4.576332020416307e-06,
    "total_energy_kwh": 0.005907732989233574,
    "total_energy_joules": 21267.838761240866,
    "final_emissions": 0.0022505508822485303
  }
}