{
  "process_id": 73605,
  "local_process_index": 2,
  "energy_results": {
    "cpu_power": 112.5,
    "gpu_power": 716.8132258844915,
    "ram_power": 0.8527650833129883,
    "cpu_energy": 0.0002427345011561784,
    "gpu_energy": 0.0016276999132699976,
    "ram_energy": 1.640308028575637e-06,
    "total_energy_kwh": 0.0018720747224547517,
    "total_energy_joules": 6739.469000837106,
    "final_emissions": 0.0007131668655191377
  }
}