{
  "process_id": 73604,
  "local_process_index": 1,
  "energy_results": {
    "cpu_power": 112.5,
    "gpu_power": 693.727217305351,
    "ram_power": 0.8518009185791016,
    "cpu_energy": 0.0002480366241561569,
    "gpu_energy": 0.0016541752122280484,
    "ram_energy": 1.6763288311307912e-06,
    "total_energy_kwh": 0.0019038881652153365,
    "total_energy_joules": 6853.997394775211,
    "final_emissions": 0.0007252861965387824
  }
}