{
  "process_id": 116200,
  "local_process_index": 3,
  "energy_results": {
    "cpu_power": 112.5,
    "gpu_power": 13.165969564181015,
    "ram_power": 0.6207017898559571,
    "cpu_energy": 0.000787335929468668,
    "gpu_energy": 0.005017582069618082,
    "ram_energy": 4.36100579913946e-06,
    "total_energy_kwh": 0.00580927900488589,
    "total_energy_joules": 20913.404417589205,
    "final_emissions": 0.00221304483691128
  }
}