{
  "process_id": 116198,
  "local_process_index": 1,
  "energy_results": {
    "cpu_power": 112.5,
    "gpu_power": 19.49086183449907,
    "ram_power": 0.6200723648071289,
    "cpu_energy": 0.0006922648168123829,
    "gpu_energy": 0.00465576372460802,
    "ram_energy": 3.823116872527485e-06,
    "total_energy_kwh": 0.005351851658292929,
    "total_energy_joules": 19266.665969854545,
    "final_emissions": 0.0020387878892266917
  }
}