{
  "experiment_id": "0133",
  "local_process_results": {
    "cpu_power": {
      "process_1": 112.5,
      "process_2": 112.5,
      "process_0": 112.5,
      "process_3": 112.5
    },
    "gpu_power": {
      "process_1": 19.49086183449907,
      "process_2": 1856.5490414943677,
      "process_0": 2092.3935111820215,
      "process_3": 13.165969564181015
    },
    "ram_power": {
      "process_1": 0.6200723648071289,
      "process_2": 0.6056070327758789,
      "process_0": 0.6970853805541992,
      "process_3": 0.6207017898559571
    },
    "cpu_energy": {
      "process_1": 0.0006922648168123829,
      "process_2": 0.000670683956187247,
      "process_0": 0.0006585297720624226,
      "process_3": 0.000787335929468668
    },
    "gpu_energy": {
      "process_1": 0.00465576372460802,
      "process_2": 0.004747841298270106,
      "process_0": 0.00466093845097007,
      "process_3": 0.005017582069618082
    },
    "ram_energy": {
      "process_1": 3.823116872527485e-06,
      "process_2": 3.331931863439469e-06,
      "process_0": 4.313314533223849e-06,
      "process_3": 4.36100579913946e-06
    },
    "total_energy_kwh": {
      "process_1": 0.005351851658292929,
      "process_2": 0.0054218571863207925,
      "process_0": 0.005323781537565718,
      "process_3": 0.00580927900488589
    },
    "total_energy_joules": {
      "process_1": 19266.665969854545,
      "process_2": 19518.685870754853,
      "process_0": 19165.613535236585,
      "process_3": 20913.404417589205
    }
  },
  "global_experiment_results": {
    "cpu_power_avg": 112.5,
    "gpu_power_avg": 995.3998460187673,
    "ram_power_avg": 0.635866641998291,
    "cpu_energy_total": 0.0028088144745307205,
    "gpu_energy_total": 0.019082125543466277,
    "ram_energy_total": 1.5829369068330263e-05,
    "total_energy_kwh": 0.02190676938706533,
    "total_energy_joules": 78864.36979343518
  },
  "global_derived_quantities": {
    "tokens_per_joule": 0.20774907658444047,
    "joules_per_token": 4.8134991329000965,
    "flops_per_joule": 214925587.2778552,
    "joules_per_flop": 4.652773141930294e-09
  },
  "per-process_emissions": [
    0.0020387878892266917,
    0.002065456495128906,
    0.0020280945767356603,
    0.00221304483691128
  ]
}