{
  "experiment_id": "0451",
  "local_process_results": {
    "cpu_power": {
      "process_0": 112.5
    },
    "gpu_power": {
      "process_0": 94.54588889016779
    },
    "ram_power": {
      "process_0": 0.6742844581604004
    },
    "cpu_energy": {
      "process_0": 0.0012112509238995698
    },
    "gpu_energy": {
      "process_0": 0.0009977391315239004
    },
    "ram_energy": {
      "process_0": 7.1259265215985285e-06
    },
    "total_energy_kwh": {
      "process_0": 0.002216115981945069
    },
    "total_energy_joules": {
      "process_0": 7978.017535002248
    }
  },
  "global_experiment_results": {
    "cpu_power_avg": 112.5,
    "gpu_power_avg": 94.54588889016779,
    "ram_power_avg": 0.6742844581604004,
    "cpu_energy_total": 0.0012112509238995698,
    "gpu_energy_total": 0.0009977391315239004,
    "ram_energy_total": 7.1259265215985285e-06,
    "total_energy_kwh": 0.002216115981945069,
    "total_energy_joules": 7978.017535002248
  },
  "global_derived_quantities": {
    "tokens_per_joule": 1.9262930837862178,
    "joules_per_token": 0.5191318021214373,
    "flops_per_joule": 2538051994.5154886,
    "joules_per_flop": 3.9400296060164003e-10
  },
  "per-process_emissions": [
    0.000844229383321974
  ]
}