{
  "process_id": 2156211,
  "local_process_index": 0,
  "energy_results": {
    "cpu_power": 112.5,
    "gpu_power": 94.54588889016779,
    "ram_power": 0.6742844581604004,
    "cpu_energy": 0.0012112509238995698,
    "gpu_energy": 0.0009977391315239004,
    "ram_energy": 7.1259265215985285e-06,
    "total_energy_kwh": 0.002216115981945069,
    "total_energy_joules": 7978.017535002248,
    "final_emissions": 0.000844229383321974
  }
}