{
  "process_id": 152180,
  "local_process_index": 3,
  "energy_results": {
    "cpu_power": 112.5,
    "gpu_power": 10.899223835239338,
    "ram_power": 0.6639561653137207,
    "cpu_energy": 0.0007984232537499452,
    "gpu_energy": 0.005088413515171947,
    "ram_energy": 4.726295692667151e-06,
    "total_energy_kwh": 0.005891563064614559,
    "total_energy_joules": 21209.627032612414,
    "final_emissions": 0.0022443909494649166
  }
}