{
  "process_id": 2443720,
  "local_process_index": 1,
  "energy_results": {
    "cpu_power": 112.5,
    "gpu_power": 228.76611361293922,
    "ram_power": 0.7036185264587402,
    "cpu_energy": 0.002773105911092443,
    "gpu_energy": 0.004856332218396542,
    "ram_energy": 1.0533585631364582e-05,
    "total_energy_kwh": 0.007639971715120347,
    "total_energy_joules": 27503.89817443325,
    "final_emissions": 0.0029104472248750964
  }
}