{
  "experiment_id": "0367",
  "local_process_results": {
    "cpu_power": {
      "process_0": 112.5,
      "process_1": 112.5,
      "process_2": 112.5,
      "process_3": 112.5
    },
    "gpu_power": {
      "process_0": 240.76669446666347,
      "process_1": 228.76611361293922,
      "process_2": 216.15348071003856,
      "process_3": 848.3309226787566
    },
    "ram_power": {
      "process_0": 0.6750011444091797,
      "process_1": 0.7036185264587402,
      "process_2": 0.7090773582458497,
      "process_3": 0.7059602737426758
    },
    "cpu_energy": {
      "process_0": 0.0030070793988111293,
      "process_1": 0.002773105911092443,
      "process_2": 0.002729334560781354,
      "process_3": 0.002281050089905421
    },
    "gpu_energy": {
      "process_0": 0.0053315631541364095,
      "process_1": 0.004856332218396542,
      "process_2": 0.004771079094638475,
      "process_3": 0.003937282316490265
    },
    "ram_energy": {
      "process_0": 1.0871597056160025e-05,
      "process_1": 1.0533585631364582e-05,
      "process_2": 1.0228925341838116e-05,
      "process_3": 8.514336637569076e-06
    },
    "total_energy_kwh": {
      "process_0": 0.008349514150003703,
      "process_1": 0.007639971715120347,
      "process_2": 0.007510642580761665,
      "process_3": 0.00622684674303326
    },
    "total_energy_joules": {
      "process_0": 30058.25094001333,
      "process_1": 27503.89817443325,
      "process_2": 27038.313290741993,
      "process_3": 22416.64827491974
    }
  },
  "global_experiment_results": {
    "cpu_power_avg": 112.5,
    "gpu_power_avg": 383.50430286709945,
    "ram_power_avg": 0.6984143257141113,
    "cpu_energy_total": 0.010790569960590347,
    "gpu_energy_total": 0.01889625678366169,
    "ram_energy_total": 4.0148444666931805e-05,
    "total_energy_kwh": 0.029726975188918977,
    "total_energy_joules": 107017.11068010831
  },
  "global_derived_quantities": {
    "tokens_per_joule": 0.15309701314002452,
    "joules_per_token": 6.531806071783954,
    "flops_per_joule": 158385615.9583512,
    "joules_per_flop": 6.3137046501934755e-09
  },
  "per-process_emissions": [
    0.003180747415443911,
    0.0029104472248750964,
    0.0028611792911411565,
    0.0023721172667585206
  ]
}