{
  "process_id": 2553558,
  "local_process_index": 3,
  "energy_results": {
    "cpu_power": 112.5,
    "gpu_power": 415.51532638430433,
    "ram_power": 0.7234525680541992,
    "cpu_energy": 0.0014948716444350796,
    "gpu_energy": 0.00566374203099107,
    "ram_energy": 7.22931527395556e-06,
    "total_energy_kwh": 0.007165842990700108,
    "total_energy_joules": 25797.034766520388,
    "final_emissions": 0.0027298278873072062
  }
}