{
  "process_id": 207918,
  "local_process_index": 1,
  "energy_results": {
    "cpu_power": 112.5,
    "gpu_power": 851.9714453149419,
    "ram_power": 0.6550698280334473,
    "cpu_energy": 0.0006995969115312164,
    "gpu_energy": 0.004797991060611961,
    "ram_energy": 4.074013384377638e-06,
    "total_energy_kwh": 0.005501661985527555,
    "total_energy_joules": 19805.9831478992,
    "final_emissions": 0.002095858133386722
  }
}