{
  "experiment_id": "0191",
  "local_process_results": {
    "cpu_power": {
      "process_3": 112.5,
      "process_0": 112.5,
      "process_2": 112.5,
      "process_1": 112.5
    },
    "gpu_power": {
      "process_3": 403.85703822312837,
      "process_0": 800.8478286853817,
      "process_2": 1469.0011991716526,
      "process_1": 851.9714453149419
    },
    "ram_power": {
      "process_3": 0.6530499458312988,
      "process_0": 0.7013010978698732,
      "process_2": 0.6500658988952637,
      "process_1": 0.6550698280334473
    },
    "cpu_energy": {
      "process_3": 0.0007672065678124226,
      "process_0": 0.0006701974951872669,
      "process_2": 0.0006855596264375664,
      "process_1": 0.0006995969115312164
    },
    "gpu_energy": {
      "process_3": 0.005051975708244005,
      "process_0": 0.004662877619188155,
      "process_2": 0.004774423263980032,
      "process_1": 0.004797991060611961
    },
    "ram_energy": {
      "process_3": 4.4657068708563325e-06,
      "process_0": 4.265640932522579e-06,
      "process_2": 4.012153195996888e-06,
      "process_1": 4.074013384377638e-06
    },
    "total_energy_kwh": {
      "process_3": 0.005823647982927285,
      "process_0": 0.005337340755307945,
      "process_2": 0.005463995043613597,
      "process_1": 0.005501661985527555
    },
    "total_energy_joules": {
      "process_3": 20965.132738538225,
      "process_0": 19214.426719108604,
      "process_2": 19670.38215700895,
      "process_1": 19805.9831478992
    }
  },
  "global_experiment_results": {
    "cpu_power_avg": 112.5,
    "gpu_power_avg": 881.4193778487761,
    "ram_power_avg": 0.6648716926574707,
    "cpu_energy_total": 0.002822560600968472,
    "gpu_energy_total": 0.019287267652024154,
    "ram_energy_total": 1.6817514383753438e-05,
    "total_energy_kwh": 0.022126645767376385,
    "total_energy_joules": 79655.92476255498
  },
  "global_derived_quantities": {
    "tokens_per_joule": 0.2056846373805689,
    "joules_per_token": 4.861811814120787,
    "flops_per_joule": 212789833.82187685,
    "joules_per_flop": 4.699472630055648e-09
  },
  "per-process_emissions": [
    0.0022185186990961495,
    0.0020332599607345617,
    0.0020815089118646,
    0.002095858133386722
  ]
}