{
  "process_id": 155434,
  "local_process_index": 3,
  "energy_results": {
    "cpu_power": 112.5,
    "gpu_power": 54.41939934916443,
    "ram_power": 0.6646528244018555,
    "cpu_energy": 0.0008408646790314835,
    "gpu_energy": 0.00513040243765206,
    "ram_energy": 4.651301837262658e-06,
    "total_energy_kwh": 0.005975918418520806,
    "total_energy_joules": 21513.306306674902,
    "final_emissions": 0.002276526121535501
  }
}