{
  "experiment_id": "0406",
  "local_process_results": {
    "cpu_power": {
      "process_3": 112.5,
      "process_0": 112.5,
      "process_2": 112.5,
      "process_1": 112.5
    },
    "gpu_power": {
      "process_3": 310.7729457188909,
      "process_0": 264.9200447854536,
      "process_2": 296.1519252006642,
      "process_1": 372.12869972315406
    },
    "ram_power": {
      "process_3": 0.7208347320556641,
      "process_0": 0.694786548614502,
      "process_2": 0.7220578193664551,
      "process_1": 0.7115492820739746
    },
    "cpu_energy": {
      "process_3": 0.001276723576312179,
      "process_0": 0.0013790599107205705,
      "process_2": 0.001351347187814099,
      "process_1": 0.001256347985126013
    },
    "gpu_energy": {
      "process_3": 0.0037146785272959004,
      "process_0": 0.00395963094548013,
      "process_2": 0.0039001003423007052,
      "process_1": 0.003665126820988185
    },
    "ram_energy": {
      "process_3": 6.086666033423142e-06,
      "process_0": 6.344370254469146e-06,
      "process_2": 6.277382978991789e-06,
      "process_1": 6.110746027685136e-06
    },
    "total_energy_kwh": {
      "process_3": 0.004997488769641504,
      "process_0": 0.00534503522645517,
      "process_2": 0.005257724913093793,
      "process_1": 0.0049275855521418825
    },
    "total_energy_joules": {
      "process_3": 17990.959570709412,
      "process_0": 19242.126815238615,
      "process_2": 18927.809687137655,
      "process_1": 17739.307987710778
    }
  },
  "global_experiment_results": {
    "cpu_power_avg": 112.5,
    "gpu_power_avg": 310.99340385704073,
    "ram_power_avg": 0.7123070955276489,
    "cpu_energy_total": 0.005263478659972861,
    "gpu_energy_total": 0.015239536636064921,
    "ram_energy_total": 2.481916529456921e-05,
    "total_energy_kwh": 0.02052783446133235,
    "total_energy_joules": 73900.20406079646
  },
  "global_derived_quantities": {
    "tokens_per_joule": 0.22170439457137572,
    "joules_per_token": 4.510510501757596,
    "flops_per_joule": 229362979.55561182,
    "joules_per_flop": 4.3599015060647045e-09
  },
  "per-process_emissions": [
    0.0019037933467949309,
    0.002036191169518097,
    0.0020029303056430807,
    0.00187716371608845
  ]
}