{
  "process_id": 404251,
  "local_process_index": 2,
  "energy_results": {
    "cpu_power": 112.5,
    "gpu_power": 689.2566462292624,
    "ram_power": 0.9790921211242675,
    "cpu_energy": 0.0011472500294373734,
    "gpu_energy": 0.004131420805134067,
    "ram_energy": 8.137994902795606e-06,
    "total_energy_kwh": 0.0052868088294742354,
    "total_energy_joules": 19032.511786107247,
    "final_emissions": 0.00201400982358821
  }
}