{
  "process_id": 404252,
  "local_process_index": 3,
  "energy_results": {
    "cpu_power": 112.5,
    "gpu_power": 566.2170327922812,
    "ram_power": 0.9619989395141602,
    "cpu_energy": 0.001149004184124692,
    "gpu_energy": 0.004133142750955887,
    "ram_energy": 7.968043110409637e-06,
    "total_energy_kwh": 0.00529011497819099,
    "total_energy_joules": 19044.413921487565,
    "final_emissions": 0.002015269300941858
  }
}