{
  "process_id": 404250,
  "local_process_index": 1,
  "energy_results": {
    "cpu_power": 112.5,
    "gpu_power": 450.618838201581,
    "ram_power": 0.9776401519775392,
    "cpu_energy": 0.0011417217090940995,
    "gpu_energy": 0.004116103292880091,
    "ram_energy": 7.842128923791522e-06,
    "total_energy_kwh": 0.005265667130897983,
    "total_energy_joules": 18956.40167123274,
    "final_emissions": 0.002005955893515587
  }
}