{
  "experiment_id": "0305",
  "local_process_results": {
    "cpu_power": {
      "process_3": 112.5,
      "process_1": 112.5,
      "process_0": 112.5,
      "process_2": 112.5
    },
    "gpu_power": {
      "process_3": 566.2170327922812,
      "process_1": 450.618838201581,
      "process_0": 413.4561972506076,
      "process_2": 689.2566462292624
    },
    "ram_power": {
      "process_3": 0.9619989395141602,
      "process_1": 0.9776401519775392,
      "process_0": 0.9402565956115723,
      "process_2": 0.9790921211242675
    },
    "cpu_energy": {
      "process_3": 0.001149004184124692,
      "process_1": 0.0011417217090940995,
      "process_0": 0.0011507003279999709,
      "process_2": 0.0011472500294373734
    },
    "gpu_energy": {
      "process_3": 0.004133142750955887,
      "process_1": 0.004116103292880091,
      "process_0": 0.004140954979428069,
      "process_2": 0.004131420805134067
    },
    "ram_energy": {
      "process_3": 7.968043110409637e-06,
      "process_1": 7.842128923791522e-06,
      "process_0": 7.568413683244292e-06,
      "process_2": 8.137994902795606e-06
    },
    "total_energy_kwh": {
      "process_3": 0.00529011497819099,
      "process_1": 0.005265667130897983,
      "process_0": 0.005299223721111283,
      "process_2": 0.0052868088294742354
    },
    "total_energy_joules": {
      "process_3": 19044.413921487565,
      "process_1": 18956.40167123274,
      "process_0": 19077.20539600062,
      "process_2": 19032.511786107247
    }
  },
  "global_experiment_results": {
    "cpu_power_avg": 112.5,
    "gpu_power_avg": 529.887178618433,
    "ram_power_avg": 0.9647469520568848,
    "cpu_energy_total": 0.0045886762506561355,
    "gpu_energy_total": 0.016521621828398114,
    "ram_energy_total": 3.1516580620241056e-05,
    "total_energy_kwh": 0.021141814659674494,
    "total_energy_joules": 76110.53277482817
  },
  "global_derived_quantities": {
    "tokens_per_joule": 0.21526586929133462,
    "joules_per_token": 4.6454182601823835,
    "flops_per_joule": 222702041.03416574,
    "joules_per_flop": 4.490304603210105e-09
  },
  "per-process_emissions": [
    0.002015269300941858,
    0.002005955893515587,
    0.0020187392765573433,
    0.00201400982358821
  ]
}