{
  "process_id": 2485063,
  "local_process_index": 2,
  "energy_results": {
    "cpu_power": 112.5,
    "gpu_power": 290.956034181896,
    "ram_power": 0.7208347320556641,
    "cpu_energy": 0.0014332460093728515,
    "gpu_energy": 0.0038561166960020543,
    "ram_energy": 6.231608825107565e-06,
    "total_energy_kwh": 0.0052955943142000104,
    "total_energy_joules": 19064.139531120036,
    "final_emissions": 0.002017356653994494
  }
}