{
  "process_id": 2485061,
  "local_process_index": 0,
  "energy_results": {
    "cpu_power": 112.5,
    "gpu_power": 328.28623225840767,
    "ram_power": 0.6888999938964844,
    "cpu_energy": 0.001446461162999185,
    "gpu_energy": 0.0038959464500887275,
    "ram_energy": 6.267109238168117e-06,
    "total_energy_kwh": 0.005348674722326081,
    "total_energy_joules": 19255.229000373893,
    "final_emissions": 0.0020375776354701206
  }
}