{
  "process_id": 328648,
  "local_process_index": 2,
  "energy_results": {
    "cpu_power": 112.5,
    "gpu_power": 445.1496056707763,
    "ram_power": 0.9593181610107422,
    "cpu_energy": 0.0011350980627499892,
    "gpu_energy": 0.004074248259396174,
    "ram_energy": 7.612468926322945e-06,
    "total_energy_kwh": 0.005216958791072488,
    "total_energy_joules": 18781.051647860957,
    "final_emissions": 0.0019874004514590644
  }
}