{
  "process_id": 328646,
  "local_process_index": 0,
  "energy_results": {
    "cpu_power": 112.5,
    "gpu_power": 267.2328626636334,
    "ram_power": 0.9194269180297852,
    "cpu_energy": 0.001155003482531015,
    "gpu_energy": 0.004129956359518183,
    "ram_energy": 7.3993888473240745e-06,
    "total_energy_kwh": 0.005292359230896522,
    "total_energy_joules": 19052.49323122748,
    "final_emissions": 0.0020161242490100303
  }
}