{
  "process_id": 328649,
  "local_process_index": 3,
  "energy_results": {
    "cpu_power": 112.5,
    "gpu_power": 378.6320308164236,
    "ram_power": 0.9750466346740724,
    "cpu_energy": 0.0011510601735313913,
    "gpu_energy": 0.004118892739555957,
    "ram_energy": 7.811242571807022e-06,
    "total_energy_kwh": 0.005277764155659157,
    "total_energy_joules": 18999.950960372968,
    "final_emissions": 0.002010564255098356
  }
}