{
  "process_id": 157026,
  "local_process_index": 1,
  "energy_results": {
    "cpu_power": 112.5,
    "gpu_power": 660.2546985296069,
    "ram_power": 0.6629905700683594,
    "cpu_energy": 0.0006942057525627093,
    "gpu_energy": 0.004672095404340076,
    "ram_energy": 3.855619940548696e-06,
    "total_energy_kwh": 0.0053701567768433345,
    "total_energy_joules": 19332.564396636004,
    "final_emissions": 0.0020457612241384683
  }
}