{
  "process_id": 1512581,
  "local_process_index": 0,
  "energy_results": {
    "cpu_power": 112.5,
    "gpu_power": 134.7665998769947,
    "ram_power": 2.8047423362731934,
    "cpu_energy": 0.00018669247768411876,
    "gpu_energy": 0.00023562741072424842,
    "ram_energy": 2.853309627718286e-06,
    "total_energy_kwh": 0.0004251731980360855,
    "total_energy_joules": 1530.6235129299077,
    "final_emissions": 0.00016196972979184678
  }
}