{
  "experiment_id": "0369",
  "local_process_results": {
    "cpu_power": {
      "process_1": 112.5,
      "process_0": 112.5
    },
    "gpu_power": {
      "process_1": 157.01430916922547,
      "process_0": 167.60269292851245
    },
    "ram_power": {
      "process_1": 0.7048859596252441,
      "process_0": 0.6728668212890625
    },
    "cpu_energy": {
      "process_1": 0.002631077556438867,
      "process_0": 0.0028780873153459634
    },
    "gpu_energy": {
      "process_1": 0.0038059794336702257,
      "process_0": 0.004178067786896111
    },
    "ram_energy": {
      "process_1": 9.966703278926837e-06,
      "process_0": 1.0552034524295476e-05
    },
    "total_energy_kwh": {
      "process_1": 0.006447023693388024,
      "process_0": 0.007066707136766373
    },
    "total_energy_joules": {
      "process_1": 23209.285296196886,
      "process_0": 25440.145692358943
    }
  },
  "global_experiment_results": {
    "cpu_power_avg": 112.5,
    "gpu_power_avg": 162.30850104886895,
    "ram_power_avg": 0.6888763904571533,
    "cpu_energy_total": 0.0055091648717848305,
    "gpu_energy_total": 0.007984047220566337,
    "ram_energy_total": 2.0518737803222315e-05,
    "total_energy_kwh": 0.013513730830154396,
    "total_energy_joules": 48649.43098855583
  },
  "global_derived_quantities": {
    "tokens_per_joule": 0.3367768063691049,
    "joules_per_token": 2.969325621860097,
    "flops_per_joule": 348410467.4757505,
    "joules_per_flop": 2.870177831467134e-09
  },
  "per-process_emissions": [
    0.0024559936759961675,
    0.00269206208375115
  ]
}