{
  "process_id": 2501927,
  "local_process_index": 1,
  "energy_results": {
    "cpu_power": 112.5,
    "gpu_power": 273.96556854837496,
    "ram_power": 0.7080059051513672,
    "cpu_energy": 0.0015031756418402438,
    "gpu_energy": 0.003706418520687871,
    "ram_energy": 6.521249882188541e-06,
    "total_energy_kwh": 0.0052161154124103016,
    "total_energy_joules": 18778.015484677086,
    "final_emissions": 0.0019870791663577046
  }
}