{
  "process_id": 2501926,
  "local_process_index": 0,
  "energy_results": {
    "cpu_power": 112.5,
    "gpu_power": 206.39051649308848,
    "ram_power": 0.6723117828369141,
    "cpu_energy": 0.0014600938060602856,
    "gpu_energy": 0.0036091895540164565,
    "ram_energy": 6.24647511541839e-06,
    "total_energy_kwh": 0.00507552983519216,
    "total_energy_joules": 18271.907406691775,
    "final_emissions": 0.0019335230907164534
  }
}