{
  "process_id": 2501928,
  "local_process_index": 2,
  "energy_results": {
    "cpu_power": 112.5,
    "gpu_power": 0.0,
    "ram_power": 0.7055268287658691,
    "cpu_energy": 0.0014568179090265407,
    "gpu_energy": 0.003607591497182261,
    "ram_energy": 6.733308992385221e-06,
    "total_energy_kwh": 0.005071142715201186,
    "total_energy_joules": 18256.113774724272,
    "final_emissions": 0.001931851817355892
  }
}