{
  "experiment_id": "0398",
  "local_process_results": {
    "cpu_power": {
      "process_0": 112.5,
      "process_1": 112.5,
      "process_2": 112.5,
      "process_3": 112.5
    },
    "gpu_power": {
      "process_0": 206.39051649308848,
      "process_1": 273.96556854837496,
      "process_2": 0.0,
      "process_3": 380.6076581810228
    },
    "ram_power": {
      "process_0": 0.6723117828369141,
      "process_1": 0.7080059051513672,
      "process_2": 0.7055268287658691,
      "process_3": 0.7052206993103027
    },
    "cpu_energy": {
      "process_0": 0.0014600938060602856,
      "process_1": 0.0015031756418402438,
      "process_2": 0.0014568179090265407,
      "process_3": 0.0014576548447166712
    },
    "gpu_energy": {
      "process_0": 0.0036091895540164565,
      "process_1": 0.003706418520687871,
      "process_2": 0.003607591497182261,
      "process_3": 0.003606642051977582
    },
    "ram_energy": {
      "process_0": 6.24647511541839e-06,
      "process_1": 6.521249882188541e-06,
      "process_2": 6.733308992385221e-06,
      "process_3": 6.472202159802746e-06
    },
    "total_energy_kwh": {
      "process_0": 0.00507552983519216,
      "process_1": 0.0052161154124103016,
      "process_2": 0.005071142715201186,
      "process_3": 0.005070769098854055
    },
    "total_energy_joules": {
      "process_0": 18271.907406691775,
      "process_1": 18778.015484677086,
      "process_2": 18256.113774724272,
      "process_3": 18254.7687558746
    }
  },
  "global_experiment_results": {
    "cpu_power_avg": 112.5,
    "gpu_power_avg": 215.24093580562158,
    "ram_power_avg": 0.6977663040161133,
    "cpu_energy_total": 0.005877742201643742,
    "gpu_energy_total": 0.01452984162386417,
    "ram_energy_total": 2.59732361497949e-05,
    "total_energy_kwh": 0.020433557061657705,
    "total_energy_joules": 73560.80542196773
  },
  "global_derived_quantities": {
    "tokens_per_joule": 0.22272730574408836,
    "joules_per_token": 4.4897952528056475,
    "flops_per_joule": 230421226.3028073,
    "joules_per_flop": 4.3398779532830595e-09
  },
  "per-process_emissions": [
    0.0019335230907164534,
    0.0019870791663577046,
    0.001931851817355892,
    0.0019317094882084524
  ]
}