{
  "experiment_id": "0151",
  "local_process_results": {
    "cpu_power": {
      "process_3": 112.5,
      "process_0": 112.5,
      "process_2": 112.5,
      "process_1": 112.5
    },
    "gpu_power": {
      "process_3": 323.1360951803033,
      "process_0": 1296.061967250814,
      "process_2": 47.808284286348645,
      "process_1": 1646.5127989900955
    },
    "ram_power": {
      "process_3": 0.6634654998779297,
      "process_0": 0.7039518356323242,
      "process_2": 0.6689958572387695,
      "process_1": 0.66302490234375
    },
    "cpu_energy": {
      "process_3": 0.0007642631705936082,
      "process_0": 0.0006390137906564065,
      "process_2": 0.0007234821808127094,
      "process_1": 0.0006689789390934492
    },
    "gpu_energy": {
      "process_3": 0.005069088499711966,
      "process_0": 0.0047642124224780424,
      "process_2": 0.004760970753217908,
      "process_1": 0.004736418511353979
    },
    "ram_energy": {
      "process_3": 4.522659717947312e-06,
      "process_0": 4.058938041944021e-06,
      "process_2": 4.004692439079775e-06,
      "process_1": 4.031431481231386e-06
    },
    "total_energy_kwh": {
      "process_3": 0.005837874330023522,
      "process_0": 0.005407285151176392,
      "process_2": 0.005488457626469697,
      "process_1": 0.005409428881928663
    },
    "total_energy_joules": {
      "process_3": 21016.34758808468,
      "process_0": 19466.22654423501,
      "process_2": 19758.44745529091,
      "process_1": 19473.943974943188
    }
  },
  "global_experiment_results": {
    "cpu_power_avg": 112.5,
    "gpu_power_avg": 828.3797864268904,
    "ram_power_avg": 0.6748595237731934,
    "cpu_energy_total": 0.0027957380811561737,
    "gpu_energy_total": 0.019330690186761895,
    "ram_energy_total": 1.6617721680202496e-05,
    "total_energy_kwh": 0.022143045989598275,
    "total_energy_joules": 79714.96556255379
  },
  "global_derived_quantities": {
    "tokens_per_joule": 0.20553229728416778,
    "joules_per_token": 4.865415378573839,
    "flops_per_joule": 212632231.2696861,
    "joules_per_flop": 4.702955869054857e-09
  },
  "per-process_emissions": [
    0.0022239382260224607,
    0.0020599052783406464,
    0.002090827932803631,
    0.0020607219325707244
  ]
}