{
  "process_id": 145627,
  "local_process_index": 3,
  "energy_results": {
    "cpu_power": 112.5,
    "gpu_power": 323.1360951803033,
    "ram_power": 0.6634654998779297,
    "cpu_energy": 0.0007642631705936082,
    "gpu_energy": 0.005069088499711966,
    "ram_energy": 4.522659717947312e-06,
    "total_energy_kwh": 0.005837874330023522,
    "total_energy_joules": 21016.34758808468,
    "final_emissions": 0.0022239382260224607
  }
}