{
  "process_id": 1504490,
  "local_process_index": 1,
  "energy_results": {
    "cpu_power": 112.5,
    "gpu_power": 90.53364424232736,
    "ram_power": 2.3177332878112793,
    "cpu_energy": 0.0001530517604696797,
    "gpu_energy": 0.00013402066277068414,
    "ram_energy": 2.4222163727625676e-06,
    "total_energy_kwh": 0.0002894946396131264,
    "total_energy_joules": 1042.1807026072552,
    "final_emissions": 0.0001102829829606205
  }
}