{
  "process_id": 140815,
  "local_process_index": 2,
  "energy_results": {
    "cpu_power": 112.5,
    "gpu_power": 806.913316888455,
    "ram_power": 0.6673135757446289,
    "cpu_energy": 0.0006771589169376853,
    "gpu_energy": 0.004701635150194117,
    "ram_energy": 3.705135030405404e-06,
    "total_energy_kwh": 0.005382499202162207,
    "total_energy_joules": 19376.997127783943,
    "final_emissions": 0.002050463071063693
  }
}