{
  "process_id": 140814,
  "local_process_index": 1,
  "energy_results": {
    "cpu_power": 112.5,
    "gpu_power": 1262.4580644440275,
    "ram_power": 0.6635198593139648,
    "cpu_energy": 0.0006758987798127125,
    "gpu_energy": 0.004713977104512018,
    "ram_energy": 4.040728900536282e-06,
    "total_energy_kwh": 0.005393916613225269,
    "total_energy_joules": 19418.099807610968,
    "final_emissions": 0.002054812533808166
  }
}