{
  "experiment_id": "0081",
  "local_process_results": {
    "cpu_power": {
      "process_0": 112.5
    },
    "gpu_power": {
      "process_0": 52.7940358583052
    },
    "ram_power": {
      "process_0": 0.9469542503356935
    },
    "cpu_energy": {
      "process_0": 0.0021441061350319607
    },
    "gpu_energy": {
      "process_0": 0.0009656671614219903
    },
    "ram_energy": {
      "process_0": 1.5206017253776847e-05
    },
    "total_energy_kwh": {
      "process_0": 0.0031249793137077286
    },
    "total_energy_joules": {
      "process_0": 11249.925529347824
    }
  },
  "global_experiment_results": {
    "cpu_power_avg": 112.5,
    "gpu_power_avg": 52.7940358583052,
    "ram_power_avg": 0.9469542503356935,
    "cpu_energy_total": 0.0021441061350319607,
    "gpu_energy_total": 0.0009656671614219903,
    "ram_energy_total": 1.5206017253776847e-05,
    "total_energy_kwh": 0.0031249793137077286,
    "total_energy_joules": 11249.925529347824
  },
  "global_derived_quantities": {
    "tokens_per_joule": 1.456365196130308,
    "joules_per_token": 0.6866409624846084,
    "flops_per_joule": 91960086.78467885,
    "joules_per_flop": 1.0874282908643433e-08
  },
  "per-process_emissions": [
    0.0011904608695569592
  ]
}