{
  "experiment_id": "0380",
  "local_process_results": {
    "cpu_power": {
      "process_1": 112.5,
      "process_2": 112.5,
      "process_0": 112.5,
      "process_3": 112.5
    },
    "gpu_power": {
      "process_1": 254.84657895183,
      "process_2": 252.04504086558956,
      "process_0": 275.6523111985208,
      "process_3": 249.18023399017963
    },
    "ram_power": {
      "process_1": 0.7071418762207031,
      "process_2": 0.7046499252319336,
      "process_0": 0.6824355125427246,
      "process_3": 0.7147822380065918
    },
    "cpu_energy": {
      "process_1": 0.0015592543086295342,
      "process_2": 0.0015253338289367094,
      "process_0": 0.0014668728793740234,
      "process_3": 0.0015408725408151442
    },
    "gpu_energy": {
      "process_1": 0.0037218699219383478,
      "process_2": 0.0035772361951207365,
      "process_0": 0.003529684212634665,
      "process_3": 0.0036844704475742507
    },
    "ram_energy": {
      "process_1": 6.911445956287618e-06,
      "process_2": 6.719070264073556e-06,
      "process_0": 6.266690474105679e-06,
      "process_3": 7.0997597061525095e-06
    },
    "total_energy_kwh": {
      "process_1": 0.00528803567652417,
      "process_2": 0.00510928909432152,
      "process_0": 0.005002823782482793,
      "process_3": 0.005232442748095547
    },
    "total_energy_joules": {
      "process_1": 19036.92843548701,
      "process_2": 18393.44073955747,
      "process_0": 18010.165616938055,
      "process_3": 18836.793893143968
    }
  },
  "global_experiment_results": {
    "cpu_power_avg": 112.5,
    "gpu_power_avg": 257.93104125153,
    "ram_power_avg": 0.7022523880004883,
    "cpu_energy_total": 0.0060923335577554106,
    "gpu_energy_total": 0.014513260777268,
    "ram_energy_total": 2.6996966400619363e-05,
    "total_energy_kwh": 0.02063259130142403,
    "total_energy_joules": 74277.32868512651
  },
  "global_derived_quantities": {
    "tokens_per_joule": 0.220578745763117,
    "joules_per_token": 4.533528362129304,
    "flops_per_joule": 228198446.1908376,
    "joules_per_flop": 4.38215078451376e-09
  },
  "per-process_emissions": [
    0.0020144771909718826,
    0.001946383680481783,
    0.0019058257199368201,
    0.0019932990648869986
  ]
}