{
  "process_id": 1470931,
  "local_process_index": 1,
  "energy_results": {
    "cpu_power": 112.5,
    "gpu_power": 95.89706753433497,
    "ram_power": 2.315636157989502,
    "cpu_energy": 0.00016636276690405792,
    "gpu_energy": 0.00014454789341566965,
    "ram_energy": 2.686182596200993e-06,
    "total_energy_kwh": 0.0003135968429159286,
    "total_energy_joules": 1128.948634497343,
    "final_emissions": 0.000119464717308823
  }
}