{
  "process_id": 166701,
  "local_process_index": 3,
  "energy_results": {
    "cpu_power": 112.5,
    "gpu_power": 0.0,
    "ram_power": 0.6646685600280762,
    "cpu_energy": 0.0007189792709374957,
    "gpu_energy": 0.005057380990345972,
    "ram_energy": 4.366270677469484e-06,
    "total_energy_kwh": 0.005780726531960938,
    "total_energy_joules": 20810.615515059377,
    "final_emissions": 0.002202167772350519
  }
}