{
  "process_id": 83157,
  "local_process_index": 1,
  "energy_results": {
    "cpu_power": 112.5,
    "gpu_power": 528.6226220179184,
    "ram_power": 0.6504592895507812,
    "cpu_energy": 0.0006772934900938026,
    "gpu_energy": 0.004993452050313957,
    "ram_energy": 3.5171621778156316e-06,
    "total_energy_kwh": 0.005674262702585576,
    "total_energy_joules": 20427.345729308072,
    "final_emissions": 0.0021616103765499752
  }
}