{
  "experiment_id": "0110",
  "process_results": {
    "cpu_power": {
      "0": 112.5
    },
    "gpu_power": {
      "0": 174.9421075356546
    },
    "ram_power": {
      "0": 0.6404027938842773
    },
    "cpu_energy": {
      "0": 0.00014685456340521343
    },
    "gpu_energy": {
      "0": 0.0002630168770805241
    },
    "ram_energy": {
      "0": 6.644229284432054e-07
    },
    "total_energy_kwh": {
      "0": 0.0004105358634141807
    },
    "total_energy_joules": {
      "0": 1477.9291082910506
    }
  },
  "experiment_avg": {
    "cpu_power": 112.5,
    "gpu_power": 174.9421075356546,
    "ram_power": 0.6404027938842773,
    "cpu_energy": 0.00014685456340521343,
    "gpu_energy": 0.0002630168770805241,
    "ram_energy": 6.644229284432054e-07,
    "total_energy_kwh": 0.0004105358634141807,
    "total_energy_joules": 1477.9291082910506
  },
  "experiment_derived": {
    "tokens_per_joule": 0.16915561010167693,
    "joules_per_token": 5.9117164331642025,
    "flops_per_joule": 0.0
  },
  "experiment_emissions": [
    0.00015639363716763214
  ]
}