{
  "experiment_id": "0224",
  "local_process_results": {
    "cpu_power": {
      "process_2": 112.5,
      "process_3": 112.5,
      "process_1": 112.5,
      "process_0": 112.5
    },
    "gpu_power": {
      "process_2": 64.72361360286786,
      "process_3": 66.87737014124544,
      "process_1": 3296.80618736416,
      "process_0": 65.82146133142193
    },
    "ram_power": {
      "process_2": 0.8782467842102051,
      "process_3": 0.8707194328308105,
      "process_1": 0.8544831275939941,
      "process_0": 1.0826983451843262
    },
    "cpu_energy": {
      "process_2": 0.000237196743468985,
      "process_3": 0.0002347435877499038,
      "process_1": 0.00020123289228104115,
      "process_0": 0.00023654785606242967
    },
    "gpu_energy": {
      "process_2": 0.0011499214754918663,
      "process_3": 0.0011512289765378547,
      "process_1": 0.0011321989613138905,
      "process_0": 0.0011512289765378547
    },
    "ram_energy": {
      "process_2": 1.6198905658494768e-06,
      "process_3": 1.5783251997829352e-06,
      "process_1": 1.536037980769608e-06,
      "process_0": 1.9763945208285857e-06
    },
    "total_energy_kwh": {
      "process_2": 0.0013887381095267007,
      "process_3": 0.0013875508894875413,
      "process_1": 0.0013349678915757013,
      "process_0": 0.001389753227121113
    },
    "total_energy_joules": {
      "process_2": 4999.457194296123,
      "process_3": 4995.183202155149,
      "process_1": 4805.884409672525,
      "process_0": 5003.1116176360065
    }
  },
  "global_experiment_results": {
    "cpu_power_avg": 112.5,
    "gpu_power_avg": 873.5571581099239,
    "ram_power_avg": 0.921536922454834,
    "cpu_energy_total": 0.0009097210795623596,
    "gpu_energy_total": 0.004584578389881466,
    "ram_energy_total": 6.710648267230605e-06,
    "total_energy_kwh": 0.005501010117711057,
    "total_energy_joules": 19803.636423759803
  },
  "global_derived_quantities": {
    "tokens_per_joule": 0.8273228032172402,
    "joules_per_token": 1.2087180434423708,
    "flops_per_joule": 855901948.0288953,
    "joules_per_flop": 1.1683581306281126e-09
  },
  "per-process_emissions": [
    0.0005290397828241967,
    0.0005285875113502789,
    0.0005085560182957634,
    0.000529426491871788
  ]
}