{
  "process_id": 2475689,
  "local_process_index": 3,
  "energy_results": {
    "cpu_power": 112.5,
    "gpu_power": 301.0511768206997,
    "ram_power": 0.7231163978576661,
    "cpu_energy": 0.001550886678154711,
    "gpu_energy": 0.0038098316589740833,
    "ram_energy": 7.0666059160621215e-06,
    "total_energy_kwh": 0.005367784943044856,
    "total_energy_joules": 19324.025794961482,
    "final_emissions": 0.002044857674052938
  }
}