{
  "experiment_id": "0381",
  "local_process_results": {
    "cpu_power": {
      "process_2": 112.5,
      "process_3": 112.5,
      "process_1": 112.5,
      "process_0": 112.5
    },
    "gpu_power": {
      "process_2": 0.0,
      "process_3": 301.0511768206997,
      "process_1": 290.44176257626077,
      "process_0": 281.32909525513946
    },
    "ram_power": {
      "process_2": 0.7220821380615234,
      "process_3": 0.7231163978576661,
      "process_1": 0.7205958366394043,
      "process_0": 0.6932601928710938
    },
    "cpu_energy": {
      "process_2": 0.0014446845268139441,
      "process_3": 0.001550886678154711,
      "process_1": 0.0014649672409677808,
      "process_0": 0.0015090534964410836
    },
    "gpu_energy": {
      "process_2": 0.0035117778094198027,
      "process_3": 0.0038098316589740833,
      "process_1": 0.003618026227750981,
      "process_0": 0.0037214101993474635
    },
    "ram_energy": {
      "process_2": 6.610504672777376e-06,
      "process_3": 7.0666059160621215e-06,
      "process_1": 6.398673054956385e-06,
      "process_0": 6.515659759385321e-06
    },
    "total_energy_kwh": {
      "process_2": 0.004963072840906523,
      "process_3": 0.005367784943044856,
      "process_1": 0.0050893921417737185,
      "process_0": 0.0052369793555479315
    },
    "total_energy_joules": {
      "process_2": 17867.062227263483,
      "process_3": 19324.025794961482,
      "process_1": 18321.811710385387,
      "process_0": 18853.125679972552
    }
  },
  "global_experiment_results": {
    "cpu_power_avg": 112.5,
    "gpu_power_avg": 218.205508663025,
    "ram_power_avg": 0.7147636413574219,
    "cpu_energy_total": 0.0059695919423775196,
    "gpu_energy_total": 0.01466104589549233,
    "ram_energy_total": 2.6591443403181207e-05,
    "total_energy_kwh": 0.02065722928127303,
    "total_energy_joules": 74366.02541258291
  },
  "global_derived_quantities": {
    "tokens_per_joule": 0.2203156603987039,
    "joules_per_token": 4.5389419807484686,
    "flops_per_joule": 227926272.77192125,
    "joules_per_flop": 4.387383638746504e-09
  },
  "per-process_emissions": [
    0.00189068259874334,
    0.002044857674052938,
    0.0019388039364086982,
    0.0019950272854959844
  ]
}