{
  "process_id": 60749,
  "local_process_index": 3,
  "energy_results": {
    "cpu_power": 112.5,
    "gpu_power": 565.6576801301723,
    "ram_power": 0.651914119720459,
    "cpu_energy": 0.006966984916218281,
    "gpu_energy": 0.03948306436420401,
    "ram_energy": 3.572022008819491e-05,
    "total_energy_kwh": 0.04648576950051047,
    "total_energy_joules": 167348.7702018377,
    "final_emissions": 0.017708753891219463
  }
}