{
  "experiment_id": "0457",
  "local_process_results": {
    "cpu_power": {
      "process_3": 112.5,
      "process_0": 112.5,
      "process_1": 112.5,
      "process_2": 112.5
    },
    "gpu_power": {
      "process_3": 78.3426634470924,
      "process_0": 70.66290289749874,
      "process_1": 80.73701854650145,
      "process_2": 78.01577380863054
    },
    "ram_power": {
      "process_3": 0.7226300239562988,
      "process_0": 0.6915650367736816,
      "process_1": 0.7239489555358887,
      "process_2": 0.7190937995910645
    },
    "cpu_energy": {
      "process_3": 0.0009051493529641447,
      "process_0": 0.0009075158269024541,
      "process_1": 0.0009238190551877779,
      "process_2": 0.000926668992593477
    },
    "gpu_energy": {
      "process_3": 0.003935055370264173,
      "process_0": 0.003935055370264173,
      "process_1": 0.003936659260435071,
      "process_2": 0.003939579818327488
    },
    "ram_energy": {
      "process_3": 6.142912100289851e-06,
      "process_0": 5.865945980055019e-06,
      "process_1": 6.2713508396135465e-06,
      "process_2": 6.231549436596727e-06
    },
    "total_energy_kwh": {
      "process_3": 0.004846347635328607,
      "process_0": 0.004848437143146684,
      "process_1": 0.004866749666462464,
      "process_2": 0.004872480360357562
    },
    "total_energy_joules": {
      "process_3": 17446.851487182987,
      "process_0": 17454.373715328064,
      "process_1": 17520.29879926487,
      "process_2": 17540.92929728722
    }
  },
  "global_experiment_results": {
    "cpu_power_avg": 112.5,
    "gpu_power_avg": 76.93958967493079,
    "ram_power_avg": 0.7143094539642334,
    "cpu_energy_total": 0.003663153227647854,
    "gpu_energy_total": 0.015746349819290906,
    "ram_energy_total": 2.4511758356555144e-05,
    "total_energy_kwh": 0.01943401480529532,
    "total_energy_joules": 69962.45329906314
  },
  "global_derived_quantities": {
    "tokens_per_joule": 0.23418275414048975,
    "joules_per_token": 4.270169268741647,
    "flops_per_joule": 242272393.17491135,
    "joules_per_flop": 4.127585429339605e-09
  },
  "per-process_emissions": [
    0.001846216131678433,
    0.0018470121296817294,
    0.0018539882854388759,
    0.0018561713932782132
  ]
}