{
  "process_id": 2161782,
  "local_process_index": 3,
  "energy_results": {
    "cpu_power": 112.5,
    "gpu_power": 78.3426634470924,
    "ram_power": 0.7226300239562988,
    "cpu_energy": 0.0009051493529641447,
    "gpu_energy": 0.003935055370264173,
    "ram_energy": 6.142912100289851e-06,
    "total_energy_kwh": 0.004846347635328607,
    "total_energy_joules": 17446.851487182987,
    "final_emissions": 0.001846216131678433
  }
}