{
  "process_id": 2489984,
  "local_process_index": 3,
  "energy_results": {
    "cpu_power": 112.5,
    "gpu_power": 0.0,
    "ram_power": 0.7058901786804199,
    "cpu_energy": 0.00154912462543507,
    "gpu_energy": 0.0036429654143705914,
    "ram_energy": 6.683587934144257e-06,
    "total_energy_kwh": 0.005198773627739807,
    "total_energy_joules": 18715.585059863304,
    "final_emissions": 0.0019804728134874793
  }
}