{
  "process_id": 2489983,
  "local_process_index": 2,
  "energy_results": {
    "cpu_power": 112.5,
    "gpu_power": 253.37467184756585,
    "ram_power": 0.7100472450256348,
    "cpu_energy": 0.0015612953688441849,
    "gpu_energy": 0.00373860937977355,
    "ram_energy": 6.8403250929594295e-06,
    "total_energy_kwh": 0.005306745073710693,
    "total_energy_joules": 19104.282265358495,
    "final_emissions": 0.0020216045358300884
  }
}