{
  "process_id": 405749,
  "local_process_index": 3,
  "energy_results": {
    "cpu_power": 112.5,
    "gpu_power": 368.749821081881,
    "ram_power": 0.9745745658874513,
    "cpu_energy": 0.0011505893765308885,
    "gpu_energy": 0.004154474712466105,
    "ram_energy": 7.852320432116734e-06,
    "total_energy_kwh": 0.0053129164094291095,
    "total_energy_joules": 19126.499073944793,
    "final_emissions": 0.0020239555061720193
  }
}