{
  "experiment_id": "0306",
  "local_process_results": {
    "cpu_power": {
      "process_0": 112.5,
      "process_1": 112.5,
      "process_3": 112.5,
      "process_2": 112.5
    },
    "gpu_power": {
      "process_0": 411.29174579572503,
      "process_1": 387.1080956286788,
      "process_3": 368.749821081881,
      "process_2": 372.68417664042113
    },
    "ram_power": {
      "process_0": 0.9260330200195314,
      "process_1": 0.9680972099304199,
      "process_3": 0.9745745658874513,
      "process_2": 0.9589490890502931
    },
    "cpu_energy": {
      "process_0": 0.0011361622156250638,
      "process_1": 0.0011315450821249445,
      "process_3": 0.0011505893765308885,
      "process_2": 0.0011530512320620122
    },
    "gpu_energy": {
      "process_0": 0.00411967885129616,
      "process_1": 0.004086146602248042,
      "process_3": 0.004154474712466105,
      "process_2": 0.004162983330383896
    },
    "ram_energy": {
      "process_0": 7.37563822613839e-06,
      "process_1": 7.721923976944302e-06,
      "process_3": 7.852320432116734e-06,
      "process_2": 7.777821388871636e-06
    },
    "total_energy_kwh": {
      "process_0": 0.005263216705147363,
      "process_1": 0.005225413608349931,
      "process_3": 0.0053129164094291095,
      "process_2": 0.005323812383834778
    },
    "total_energy_joules": {
      "process_0": 18947.580138530506,
      "process_1": 18811.48899005975,
      "process_3": 19126.499073944793,
      "process_2": 19165.7245818052
    }
  },
  "global_experiment_results": {
    "cpu_power_avg": 112.5,
    "gpu_power_avg": 384.9584597866765,
    "ram_power_avg": 0.9569134712219238,
    "cpu_energy_total": 0.0045713479063429095,
    "gpu_energy_total": 0.016523283496394203,
    "ram_energy_total": 3.072770402407106e-05,
    "total_energy_kwh": 0.02112535910676118,
    "total_energy_joules": 76051.29278434026
  },
  "global_derived_quantities": {
    "tokens_per_joule": 0.21543355017593643,
    "joules_per_token": 4.641802538106705,
    "flops_per_joule": 222875514.3087084,
    "joules_per_flop": 4.48680961253951e-09
  },
  "per-process_emissions": [
    0.002005022403825888,
    0.0019906213141009065,
    0.0020239555061720193,
    0.002028106327621859
  ]
}