{
  "process_id": 207920,
  "local_process_index": 3,
  "energy_results": {
    "cpu_power": 112.5,
    "gpu_power": 403.85703822312837,
    "ram_power": 0.6530499458312988,
    "cpu_energy": 0.0007672065678124226,
    "gpu_energy": 0.005051975708244005,
    "ram_energy": 4.4657068708563325e-06,
    "total_energy_kwh": 0.005823647982927285,
    "total_energy_joules": 20965.132738538225,
    "final_emissions": 0.0022185186990961495
  }
}