{
  "process_id": 207919,
  "local_process_index": 2,
  "energy_results": {
    "cpu_power": 112.5,
    "gpu_power": 1469.0011991716526,
    "ram_power": 0.6500658988952637,
    "cpu_energy": 0.0006855596264375664,
    "gpu_energy": 0.004774423263980032,
    "ram_energy": 4.012153195996888e-06,
    "total_energy_kwh": 0.005463995043613597,
    "total_energy_joules": 19670.38215700895,
    "final_emissions": 0.0020815089118646
  }
}