{
  "process_id": 422091,
  "local_process_index": 1,
  "energy_results": {
    "cpu_power": 112.5,
    "gpu_power": 0.0,
    "ram_power": 0.9787602424621582,
    "cpu_energy": 0.0011454743207189042,
    "gpu_energy": 0.004144733038005999,
    "ram_energy": 8.062530849183237e-06,
    "total_energy_kwh": 0.005298269889574087,
    "total_energy_joules": 19073.771602466713,
    "final_emissions": 0.0020183759144332485
  }
}