{
  "process_id": 422092,
  "local_process_index": 2,
  "energy_results": {
    "cpu_power": 112.5,
    "gpu_power": 628.773780409627,
    "ram_power": 0.9751825332641602,
    "cpu_energy": 0.0011487436302810464,
    "gpu_energy": 0.00414881720793997,
    "ram_energy": 8.092928218485627e-06,
    "total_energy_kwh": 0.005305653766439502,
    "total_energy_joules": 19100.353559182207,
    "final_emissions": 0.0020211888023251284
  }
}