{
  "process_id": 2176096,
  "local_process_index": 0,
  "energy_results": {
    "cpu_power": 112.5,
    "gpu_power": 83.6423140606693,
    "ram_power": 0.6735877990722656,
    "cpu_energy": 0.0009569471642844293,
    "gpu_energy": 0.003976609847950563,
    "ram_energy": 5.661122403484264e-06,
    "total_energy_kwh": 0.004939218134638476,
    "total_energy_joules": 17781.185284698513,
    "final_emissions": 0.0018815951483905275
  }
}