{
  "process_id": 2176097,
  "local_process_index": 1,
  "energy_results": {
    "cpu_power": 112.5,
    "gpu_power": 61.7211826610488,
    "ram_power": 0.7049603462219238,
    "cpu_energy": 0.0009519811325371848,
    "gpu_energy": 0.003962953170357331,
    "ram_energy": 5.898786035729458e-06,
    "total_energy_kwh": 0.004920833088930245,
    "total_energy_joules": 17714.99912014888,
    "final_emissions": 0.0018745913652279767
  }
}