{
  "process_id": 2176099,
  "local_process_index": 3,
  "energy_results": {
    "cpu_power": 112.5,
    "gpu_power": 74.65477759195964,
    "ram_power": 0.7081475257873535,
    "cpu_energy": 0.0009860566309635031,
    "gpu_energy": 0.003977769848879653,
    "ram_energy": 4.736594500022273e-06,
    "total_energy_kwh": 0.004968563074343178,
    "total_energy_joules": 17886.82706763544,
    "final_emissions": 0.0018927741031710336
  }
}