{
  "process_id": 86783,
  "local_process_index": 2,
  "energy_results": {
    "cpu_power": 112.5,
    "gpu_power": 494.1064886545817,
    "ram_power": 0.8570151329040527,
    "cpu_energy": 0.0008377072849063437,
    "gpu_energy": 0.00442791937566589,
    "ram_energy": 5.55348169581517e-06,
    "total_energy_kwh": 0.0052711801422680475,
    "total_energy_joules": 18976.24851216497,
    "final_emissions": 0.002008056075197013
  }
}