{
  "process_id": 86781,
  "local_process_index": 0,
  "energy_results": {
    "cpu_power": 112.5,
    "gpu_power": 590.6071427931262,
    "ram_power": 1.0832476615905762,
    "cpu_energy": 0.0007271904629063783,
    "gpu_energy": 0.0038799142150399146,
    "ram_energy": 5.993833526246146e-06,
    "total_energy_kwh": 0.004613098511472539,
    "total_energy_joules": 16607.154641301142,
    "final_emissions": 0.001757359877945464
  }
}