{
  "process_id": 2152447,
  "local_process_index": 2,
  "energy_results": {
    "cpu_power": 112.5,
    "gpu_power": 615.8340550283847,
    "ram_power": 0.7025055885314941,
    "cpu_energy": 0.0003467913317472267,
    "gpu_energy": 0.001296368537093251,
    "ram_energy": 1.8564581527020024e-06,
    "total_energy_kwh": 0.0016450163269931795,
    "total_energy_joules": 5922.058777175446,
    "final_emissions": 0.0006266689697680517
  }
}