{
  "process_id": 2152446,
  "local_process_index": 1,
  "energy_results": {
    "cpu_power": 112.5,
    "gpu_power": 612.5787005260511,
    "ram_power": 0.6995015144348145,
    "cpu_energy": 0.0003474019765653793,
    "gpu_energy": 0.0012987552056697993,
    "ram_energy": 1.838734894932872e-06,
    "total_energy_kwh": 0.0016479959171301116,
    "total_energy_joules": 5932.785301668402,
    "final_emissions": 0.000627804044630716
  }
}