{
  "process_id": 2152448,
  "local_process_index": 3,
  "energy_results": {
    "cpu_power": 112.5,
    "gpu_power": 635.2336633021536,
    "ram_power": 0.7054896354675293,
    "cpu_energy": 0.00034700104522198674,
    "gpu_energy": 0.001296368537093251,
    "ram_energy": 1.8571214222016635e-06,
    "total_energy_kwh": 0.0016452267037374397,
    "total_energy_joules": 5922.816133454783,
    "final_emissions": 0.0006267491127887777
  }
}