{
  "experiment_id": "0251",
  "local_process_results": {
    "cpu_power": {
      "process_2": 112.5,
      "process_1": 112.5,
      "process_0": 112.5,
      "process_3": 112.5
    },
    "gpu_power": {
      "process_2": 438.4806772144199,
      "process_1": 441.178394254695,
      "process_0": 235.68902801390252,
      "process_3": 450.9387839216223
    },
    "ram_power": {
      "process_2": 0.9704432487487794,
      "process_1": 0.9832849502563477,
      "process_0": 0.9235095977783203,
      "process_3": 0.9783282279968262
    },
    "cpu_energy": {
      "process_2": 0.0011401350003444578,
      "process_1": 0.0011411982631560705,
      "process_0": 0.0011482489016566434,
      "process_3": 0.0011395431790625706
    },
    "gpu_energy": {
      "process_2": 0.004115366903401918,
      "process_1": 0.004117752738643843,
      "process_0": 0.00414034997894408,
      "process_3": 0.004113254679489919
    },
    "ram_energy": {
      "process_2": 7.787843336980026e-06,
      "process_1": 7.887786217380212e-06,
      "process_0": 7.3683023072900785e-06,
      "process_3": 7.829907655186917e-06
    },
    "total_energy_kwh": {
      "process_2": 0.005263289747083355,
      "process_1": 0.005266838788017295,
      "process_0": 0.005295967182908015,
      "process_3": 0.005260627766207677
    },
    "total_energy_joules": {
      "process_2": 18947.84308950008,
      "process_1": 18960.619636862262,
      "process_0": 19065.48185846885,
      "process_3": 18938.259958347637
    }
  },
  "global_experiment_results": {
    "cpu_power_avg": 112.5,
    "gpu_power_avg": 391.57172085115997,
    "ram_power_avg": 0.9638915061950684,
    "cpu_energy_total": 0.0045691253442197415,
    "gpu_energy_total": 0.01648672430047976,
    "ram_energy_total": 3.087383951683723e-05,
    "total_energy_kwh": 0.021086723484216342,
    "total_energy_joules": 75912.20454317883
  },
  "global_derived_quantities": {
    "tokens_per_joule": 0.21582827291862916,
    "joules_per_token": 4.63331326557488,
    "flops_per_joule": 223283872.4043492,
    "joules_per_flop": 4.478603802558028e-09
  },
  "per-process_emissions": [
    0.0020050502291514044,
    0.0020064022362951887,
    0.0020174986983288084,
    0.0020040361475368146
  ]
}