{
  "process_id": 333994,
  "local_process_index": 2,
  "energy_results": {
    "cpu_power": 112.5,
    "gpu_power": 438.4806772144199,
    "ram_power": 0.9704432487487794,
    "cpu_energy": 0.0011401350003444578,
    "gpu_energy": 0.004115366903401918,
    "ram_energy": 7.787843336980026e-06,
    "total_energy_kwh": 0.005263289747083355,
    "total_energy_joules": 18947.84308950008,
    "final_emissions": 0.0020050502291514044
  }
}