{
  "process_id": 333992,
  "local_process_index": 0,
  "energy_results": {
    "cpu_power": 112.5,
    "gpu_power": 235.68902801390252,
    "ram_power": 0.9235095977783203,
    "cpu_energy": 0.0011482489016566434,
    "gpu_energy": 0.00414034997894408,
    "ram_energy": 7.3683023072900785e-06,
    "total_energy_kwh": 0.005295967182908015,
    "total_energy_joules": 19065.48185846885,
    "final_emissions": 0.0020174986983288084
  }
}