{
  "process_id": 333995,
  "local_process_index": 3,
  "energy_results": {
    "cpu_power": 112.5,
    "gpu_power": 450.9387839216223,
    "ram_power": 0.9783282279968262,
    "cpu_energy": 0.0011395431790625706,
    "gpu_energy": 0.004113254679489919,
    "ram_energy": 7.829907655186917e-06,
    "total_energy_kwh": 0.005260627766207677,
    "total_energy_joules": 18938.259958347637,
    "final_emissions": 0.0020040361475368146
  }
}