{
  "experiment_id": "0242",
  "local_process_results": {
    "cpu_power": {
      "process_1": 112.5,
      "process_0": 112.5,
      "process_3": 112.5,
      "process_2": 112.5
    },
    "gpu_power": {
      "process_1": 463.41994880970526,
      "process_0": 501.80821228311925,
      "process_3": 474.98015963849303,
      "process_2": 527.8386395941458
    },
    "ram_power": {
      "process_1": 0.9729437828063965,
      "process_0": 0.9154229164123535,
      "process_3": 0.974513053894043,
      "process_2": 0.975926399230957
    },
    "cpu_energy": {
      "process_1": 0.0005806355703123246,
      "process_0": 0.0005804304951250288,
      "process_3": 0.0005817682401873299,
      "process_2": 0.0005709742602496136
    },
    "gpu_energy": {
      "process_1": 0.00245736057699808,
      "process_0": 0.0024564350207020302,
      "process_3": 0.0024564350207020302,
      "process_2": 0.0024147722095939628
    },
    "ram_energy": {
      "process_1": 3.953362798568154e-06,
      "process_0": 3.7277206019966782e-06,
      "process_3": 3.967022443815447e-06,
      "process_2": 3.919400966968795e-06
    },
    "total_energy_kwh": {
      "process_1": 0.0030419495101089724,
      "process_0": 0.0030405932364290554,
      "process_3": 0.0030421702833331754,
      "process_2": 0.0029896658708105446
    },
    "total_energy_joules": {
      "process_1": 10951.018236392301,
      "process_0": 10946.1356511446,
      "process_3": 10951.813019999432,
      "process_2": 10762.79713491796
    }
  },
  "global_experiment_results": {
    "cpu_power_avg": 112.5,
    "gpu_power_avg": 492.0117400813658,
    "ram_power_avg": 0.9597015380859375,
    "cpu_energy_total": 0.002313808565874297,
    "gpu_energy_total": 0.009785002827996103,
    "ram_energy_total": 1.5567506811349075e-05,
    "total_energy_kwh": 0.012114378900681746,
    "total_energy_joules": 43611.76404245429
  },
  "global_derived_quantities": {
    "tokens_per_joule": 0.3756784518977686,
    "joules_per_token": 2.6618508326693293,
    "flops_per_joule": 388655936.42696697,
    "joules_per_flop": 2.57296983340408e-09
  },
  "per-process_emissions": [
    0.001158830665876013,
    0.0011583139934176487,
    0.0011589147694357732,
    0.001138913213485277
  ]
}