{
  "process_id": 322470,
  "local_process_index": 1,
  "energy_results": {
    "cpu_power": 112.5,
    "gpu_power": 463.41994880970526,
    "ram_power": 0.9729437828063965,
    "cpu_energy": 0.0005806355703123246,
    "gpu_energy": 0.00245736057699808,
    "ram_energy": 3.953362798568154e-06,
    "total_energy_kwh": 0.0030419495101089724,
    "total_energy_joules": 10951.018236392301,
    "final_emissions": 0.001158830665876013
  }
}