{
  "process_id": 2515773,
  "local_process_index": 2,
  "energy_results": {
    "cpu_power": 112.5,
    "gpu_power": 268.6408895099496,
    "ram_power": 0.704413890838623,
    "cpu_energy": 0.0015581393710026533,
    "gpu_energy": 0.00367209432656046,
    "ram_energy": 6.868761400335207e-06,
    "total_energy_kwh": 0.005237102458963448,
    "total_energy_joules": 18853.568852268414,
    "final_emissions": 0.0019950741817421256
  }
}