{
  "process_id": 2441540,
  "local_process_index": 2,
  "energy_results": {
    "cpu_power": 112.5,
    "gpu_power": 240.9088304912285,
    "ram_power": 0.7207374572753906,
    "cpu_energy": 0.0034038842388149524,
    "gpu_energy": 0.005905306946464517,
    "ram_energy": 1.3283133493254321e-05,
    "total_energy_kwh": 0.009322474318772733,
    "total_energy_joules": 33560.90754758184,
    "final_emissions": 0.003551396591736473
  }
}