{
  "process_id": 2470088,
  "local_process_index": 0,
  "energy_results": {
    "cpu_power": 112.5,
    "gpu_power": 271.36413222102203,
    "ram_power": 0.6733002662658691,
    "cpu_energy": 0.0016151302295338613,
    "gpu_energy": 0.0038763400455124053,
    "ram_energy": 6.859629648548667e-06,
    "total_energy_kwh": 0.005498329904694812,
    "total_energy_joules": 19793.98765690132,
    "final_emissions": 0.0020945887771934885
  }
}