{
  "experiment_id": "0181",
  "local_process_results": {
    "cpu_power": {
      "process_1": 112.5,
      "process_2": 112.5,
      "process_0": 112.5,
      "process_3": 112.5
    },
    "gpu_power": {
      "process_1": 2148.7947206477143,
      "process_2": 1534.0528339894383,
      "process_0": 2089.517057840385,
      "process_3": 432.4646720446261
    },
    "ram_power": {
      "process_1": 0.6451935768127441,
      "process_2": 0.6534719467163086,
      "process_0": 0.7013411521911621,
      "process_3": 0.6523919105529785
    },
    "cpu_energy": {
      "process_1": 0.0006712505279375024,
      "process_2": 0.0006165172511249465,
      "process_0": 0.0006750388638749315,
      "process_3": 0.0007632065808437574
    },
    "gpu_energy": {
      "process_1": 0.004752845746718193,
      "process_2": 0.004752845746718193,
      "process_0": 0.004759175196226151,
      "process_3": 0.005064769329589935
    },
    "ram_energy": {
      "process_1": 3.6207624645055892e-06,
      "process_2": 3.6802073059391165e-06,
      "process_0": 3.9514673800794416e-06,
      "process_3": 4.144915106779874e-06
    },
    "total_energy_kwh": {
      "process_1": 0.0054277170371202004,
      "process_2": 0.005373043205149079,
      "process_0": 0.005438165527481161,
      "process_3": 0.0058321208255404725
    },
    "total_energy_joules": {
      "process_1": 19539.78133363272,
      "process_2": 19342.955538536684,
      "process_0": 19577.39589893218,
      "process_3": 20995.6349719457
    }
  },
  "global_experiment_results": {
    "cpu_power_avg": 112.5,
    "gpu_power_avg": 1551.207321130541,
    "ram_power_avg": 0.6630996465682983,
    "cpu_energy_total": 0.002726013223781138,
    "gpu_energy_total": 0.019329636019252472,
    "ram_energy_total": 1.539735225730402e-05,
    "total_energy_kwh": 0.022071046595290914,
    "total_energy_joules": 79455.7677430473
  },
  "global_derived_quantities": {
    "tokens_per_joule": 0.20620277753761515,
    "joules_per_token": 4.849595199160602,
    "flops_per_joule": 213325872.67883006,
    "joules_per_flop": 4.687663936129945e-09
  },
  "per-process_emissions": [
    0.0020676888052909405,
    0.0020468608090015417,
    0.0020716691576939486,
    0.002221746428489643
  ]
}