{
  "process_id": 191687,
  "local_process_index": 2,
  "energy_results": {
    "cpu_power": 112.5,
    "gpu_power": 1534.0528339894383,
    "ram_power": 0.6534719467163086,
    "cpu_energy": 0.0006165172511249465,
    "gpu_energy": 0.004752845746718193,
    "ram_energy": 3.6802073059391165e-06,
    "total_energy_kwh": 0.005373043205149079,
    "total_energy_joules": 19342.955538536684,
    "final_emissions": 0.0020468608090015417
  }
}