{
  "process_id": 191686,
  "local_process_index": 1,
  "energy_results": {
    "cpu_power": 112.5,
    "gpu_power": 2148.7947206477143,
    "ram_power": 0.6451935768127441,
    "cpu_energy": 0.0006712505279375024,
    "gpu_energy": 0.004752845746718193,
    "ram_energy": 3.6207624645055892e-06,
    "total_energy_kwh": 0.0054277170371202004,
    "total_energy_joules": 19539.78133363272,
    "final_emissions": 0.0020676888052909405
  }
}