{
  "process_id": 111224,
  "local_process_index": 3,
  "energy_results": {
    "cpu_power": 112.5,
    "gpu_power": 840.6428238881521,
    "ram_power": 0.6599321365356445,
    "cpu_energy": 0.0008463404789061997,
    "gpu_energy": 0.005747851264943926,
    "ram_energy": 4.628044154846935e-06,
    "total_energy_kwh": 0.006598819788004972,
    "total_energy_joules": 23755.751236817898,
    "final_emissions": 0.002513820398240494
  }
}