{
  "process_id": 198115,
  "local_process_index": 0,
  "energy_results": {
    "cpu_power": 112.5,
    "gpu_power": 580.6578424781501,
    "ram_power": 0.6954431533813477,
    "cpu_energy": 0.0006873930034063277,
    "gpu_energy": 0.0046643720648280595,
    "ram_energy": 3.990647455654038e-06,
    "total_energy_kwh": 0.005355755715690039,
    "total_energy_joules": 19280.72057648414,
    "final_emissions": 0.0020402751398921203
  }
}