{
  "process_id": 2179478,
  "local_process_index": 0,
  "energy_results": {
    "cpu_power": 112.5,
    "gpu_power": 478.02699099025034,
    "ram_power": 0.6920599937438965,
    "cpu_energy": 0.0006524254510950414,
    "gpu_energy": 0.003906322013945918,
    "ram_energy": 4.8145036536310165e-06,
    "total_energy_kwh": 0.0045635619686945905,
    "total_energy_joules": 16428.823087300527,
    "final_emissions": 0.0017384889319742042
  }
}