{
  "process_id": 2179479,
  "local_process_index": 1,
  "energy_results": {
    "cpu_power": 112.5,
    "gpu_power": 448.9022741597065,
    "ram_power": 0.718996524810791,
    "cpu_energy": 0.000653064845027984,
    "gpu_energy": 0.003880809493532311,
    "ram_energy": 4.9897768192202836e-06,
    "total_energy_kwh": 0.004538864115379515,
    "total_energy_joules": 16339.910815366255,
    "final_emissions": 0.0017290802847538262
  }
}