{
  "process_id": 94959,
  "local_process_index": 3,
  "energy_results": {
    "cpu_power": 112.5,
    "gpu_power": 136.9446755587152,
    "ram_power": 0.6527080535888672,
    "cpu_energy": 0.0007779958651875065,
    "gpu_energy": 0.005729860972773948,
    "ram_energy": 4.52793140446593e-06,
    "total_energy_kwh": 0.0065123847693659195,
    "total_energy_joules": 23444.58516971731,
    "final_emissions": 0.002480892977889947
  }
}