{
  "experiment_id": "0125",
  "local_process_results": {
    "cpu_power": {
      "process_1": 112.5,
      "process_0": 112.5,
      "process_2": 112.5,
      "process_3": 112.5
    },
    "gpu_power": {
      "process_1": 9.292454238687876,
      "process_0": 2132.583274972605,
      "process_2": 5.057340908576486,
      "process_3": 136.9446755587152
    },
    "ram_power": {
      "process_1": 0.6507124900817871,
      "process_0": 0.7010250091552734,
      "process_2": 0.6518039703369141,
      "process_3": 0.6527080535888672
    },
    "cpu_energy": {
      "process_1": 0.0009646041164687063,
      "process_0": 0.0006719615624375022,
      "process_2": 0.0008896667306563017,
      "process_3": 0.0007779958651875065
    },
    "gpu_energy": {
      "process_1": 0.006655854213568013,
      "process_0": 0.005265880601589945,
      "process_2": 0.006106161829369905,
      "process_3": 0.005729860972773948
    },
    "ram_energy": {
      "process_1": 5.495618779944095e-06,
      "process_0": 4.242785923156107e-06,
      "process_2": 5.170335896526262e-06,
      "process_3": 4.52793140446593e-06
    },
    "total_energy_kwh": {
      "process_1": 0.0076259539488166645,
      "process_0": 0.005942084949950603,
      "process_2": 0.0070009988959227306,
      "process_3": 0.0065123847693659195
    },
    "total_energy_joules": {
      "process_1": 27453.43421573999,
      "process_0": 21391.50581982217,
      "process_2": 25203.59602532183,
      "process_3": 23444.58516971731
    }
  },
  "global_experiment_results": {
    "cpu_power_avg": 112.5,
    "gpu_power_avg": 570.9694364196461,
    "ram_power_avg": 0.6640623807907104,
    "cpu_energy_total": 0.0033042282747500168,
    "gpu_energy_total": 0.02375775761730181,
    "ram_energy_total": 1.9436672004092392e-05,
    "total_energy_kwh": 0.027081422564055914,
    "total_energy_joules": 97493.12123060129
  },
  "global_derived_quantities": {
    "tokens_per_joule": 0.16805288202074062,
    "joules_per_token": 5.950507887609942,
    "flops_per_joule": 173858122.28803396,
    "joules_per_flop": 5.751816405466991e-09
  },
  "per-process_emissions": [
    0.0029051071568017084,
    0.0022636372616836823,
    0.002667030529401764,
    0.002480892977889947
  ]
}