{
  "process_id": 391948,
  "local_process_index": 3,
  "energy_results": {
    "cpu_power": 112.5,
    "gpu_power": 1092.5381481756428,
    "ram_power": 0.9748821258544922,
    "cpu_energy": 0.001114388519781301,
    "gpu_energy": 0.0039605195573019225,
    "ram_energy": 7.822469271114613e-06,
    "total_energy_kwh": 0.005082730546354339,
    "total_energy_joules": 18297.82996687562,
    "final_emissions": 0.0019362662016336855
  }
}