{
  "process_id": 2140071,
  "local_process_index": 3,
  "energy_results": {
    "cpu_power": 112.5,
    "gpu_power": 901.5967430474234,
    "ram_power": 0.6737194061279297,
    "cpu_energy": 0.00013726267506353906,
    "gpu_energy": 0.00111331727954056,
    "ram_energy": 1.0362656745226373e-06,
    "total_energy_kwh": 0.0012516162202786214,
    "total_energy_joules": 4505.818393003037,
    "final_emissions": 0.00047680319911514086
  }
}