{
  "process_id": 2140068,
  "local_process_index": 0,
  "energy_results": {
    "cpu_power": 112.5,
    "gpu_power": 1746.672977597047,
    "ram_power": 0.6718111038208008,
    "cpu_energy": 0.0001431818021555955,
    "gpu_energy": 0.0011589778716247778,
    "ram_energy": 1.0395484188547416e-06,
    "total_energy_kwh": 0.0013031992221992279,
    "total_energy_joules": 4691.517199917221,
    "final_emissions": 0.0004964537436967959
  }
}