{
  "process_id": 2140069,
  "local_process_index": 1,
  "energy_results": {
    "cpu_power": 112.5,
    "gpu_power": 868.8401850842397,
    "ram_power": 0.6791524887084961,
    "cpu_energy": 0.00013748372612462845,
    "gpu_energy": 0.00111331727954056,
    "ram_energy": 1.031968198808262e-06,
    "total_energy_kwh": 0.0012518329738639966,
    "total_energy_joules": 4506.598705910388,
    "final_emissions": 0.00047688577139348953
  }
}