{
  "process_id": 114215,
  "local_process_index": 1,
  "energy_results": {
    "cpu_power": 112.5,
    "gpu_power": 1252.8297111531988,
    "ram_power": 0.6089358329772949,
    "cpu_energy": 0.0006324847938750508,
    "gpu_energy": 0.0049559956314600695,
    "ram_energy": 3.4796422092951e-06,
    "total_energy_kwh": 0.005591960067544417,
    "total_energy_joules": 20131.056243159903,
    "final_emissions": 0.0021302571877310455
  }
}