{
  "experiment_id": "0132",
  "local_process_results": {
    "cpu_power": {
      "process_1": 112.5,
      "process_3": 112.5,
      "process_2": 112.5,
      "process_0": 112.5
    },
    "gpu_power": {
      "process_1": 1252.8297111531988,
      "process_3": 57.2544055462669,
      "process_2": 418.0610628743318,
      "process_0": 1061.801104402552
    },
    "ram_power": {
      "process_1": 0.6089358329772949,
      "process_3": 0.6336665153503418,
      "process_2": 0.6282620429992676,
      "process_0": 0.6972870826721191
    },
    "cpu_energy": {
      "process_1": 0.0006324847938750508,
      "process_3": 0.0007959783547813118,
      "process_2": 0.0008362435093748103,
      "process_0": 0.0007216129968751375
    },
    "gpu_energy": {
      "process_1": 0.0049559956314600695,
      "process_3": 0.005311692304906079,
      "process_2": 0.005387974588154154,
      "process_0": 0.004824784137602067
    },
    "ram_energy": {
      "process_1": 3.4796422092951e-06,
      "process_3": 4.162911128687534e-06,
      "process_2": 3.977976446570834e-06,
      "process_0": 3.800220920839246e-06
    },
    "total_energy_kwh": {
      "process_1": 0.005591960067544417,
      "process_3": 0.006111833570816081,
      "process_2": 0.006228196073975538,
      "process_0": 0.005550197355398042
    },
    "total_energy_joules": {
      "process_1": 20131.056243159903,
      "process_3": 22002.60085493789,
      "process_2": 22421.505866311934,
      "process_0": 19980.710479432953
    }
  },
  "global_experiment_results": {
    "cpu_power_avg": 112.5,
    "gpu_power_avg": 697.4865709940874,
    "ram_power_avg": 0.6420378684997559,
    "cpu_energy_total": 0.0029863196549063105,
    "gpu_energy_total": 0.02048044666212237,
    "ram_energy_total": 1.5420750705392714e-05,
    "total_energy_kwh": 0.023482187067734077,
    "total_energy_joules": 84535.87344384268
  },
  "global_derived_quantities": {
    "tokens_per_joule": 0.19381121093974285,
    "joules_per_token": 5.159660244375163,
    "flops_per_joule": 200506250.21828035,
    "joules_per_flop": 4.987375699816609e-09
  },
  "per-process_emissions": [
    0.0021302571877310455,
    0.002328302998802386,
    0.002372631294380981,
    0.0021143476825388843
  ]
}