{
  "experiment_id": "0303",
  "local_process_results": {
    "cpu_power": {
      "process_3": 112.5,
      "process_1": 112.5,
      "process_2": 112.5,
      "process_0": 112.5
    },
    "gpu_power": {
      "process_3": 438.03804865911286,
      "process_1": 441.4947199911335,
      "process_2": 429.67052937505724,
      "process_0": 380.7620667851534
    },
    "ram_power": {
      "process_3": 0.9588503837585449,
      "process_1": 0.9750080108642578,
      "process_2": 0.9753842353820801,
      "process_0": 0.9237427711486816
    },
    "cpu_energy": {
      "process_3": 0.0011268567554058107,
      "process_1": 0.0011303659404370595,
      "process_2": 0.0011300531373433387,
      "process_0": 0.001141364287093893
    },
    "gpu_energy": {
      "process_3": 0.004102539393140203,
      "process_1": 0.004110483288383926,
      "process_2": 0.004124589688558,
      "process_0": 0.004140963034990008
    },
    "ram_energy": {
      "process_3": 7.594406198218584e-06,
      "process_1": 7.818276048345094e-06,
      "process_2": 7.793794807502773e-06,
      "process_0": 7.434084268082258e-06
    },
    "total_energy_kwh": {
      "process_3": 0.0052369905547442345,
      "process_1": 0.005248667504869331,
      "process_2": 0.0052624366207088425,
      "process_0": 0.005289761406351982
    },
    "total_energy_joules": {
      "process_3": 18853.165997079243,
      "process_1": 18895.20301752959,
      "process_2": 18944.771834551833,
      "process_0": 19043.141062867136
    }
  },
  "global_experiment_results": {
    "cpu_power_avg": 112.5,
    "gpu_power_avg": 422.49134120261425,
    "ram_power_avg": 0.9582463502883911,
    "cpu_energy_total": 0.004528640120280101,
    "gpu_energy_total": 0.016478575405072138,
    "ram_energy_total": 3.0640561322148706e-05,
    "total_energy_kwh": 0.02103785608667439,
    "total_energy_joules": 75736.2819120278
  },
  "global_derived_quantities": {
    "tokens_per_joule": 0.21632960565757625,
    "joules_per_token": 4.6225758002946655,
    "flops_per_joule": 223802523.2456011,
    "joules_per_flop": 4.468224868504271e-09
  },
  "per-process_emissions": [
    0.001995031551829816,
    0.0019994798859799714,
    0.0020047252306590337,
    0.0020151346077497876
  ]
}