{
  "process_id": 401288,
  "local_process_index": 3,
  "energy_results": {
    "cpu_power": 112.5,
    "gpu_power": 438.03804865911286,
    "ram_power": 0.9588503837585449,
    "cpu_energy": 0.0011268567554058107,
    "gpu_energy": 0.004102539393140203,
    "ram_energy": 7.594406198218584e-06,
    "total_energy_kwh": 0.0052369905547442345,
    "total_energy_joules": 18853.165997079243,
    "final_emissions": 0.001995031551829816
  }
}