{
  "process_id": 401285,
  "local_process_index": 0,
  "energy_results": {
    "cpu_power": 112.5,
    "gpu_power": 380.7620667851534,
    "ram_power": 0.9237427711486816,
    "cpu_energy": 0.001141364287093893,
    "gpu_energy": 0.004140963034990008,
    "ram_energy": 7.434084268082258e-06,
    "total_energy_kwh": 0.005289761406351982,
    "total_energy_joules": 19043.141062867136,
    "final_emissions": 0.0020151346077497876
  }
}