{
  "process_id": 2491701,
  "local_process_index": 3,
  "energy_results": {
    "cpu_power": 112.5,
    "gpu_power": 0.0,
    "ram_power": 0.7200508117675781,
    "cpu_energy": 0.0015498161987507046,
    "gpu_energy": 0.003623122342939711,
    "ram_energy": 7.082325237347744e-06,
    "total_energy_kwh": 0.005180020866927764,
    "total_energy_joules": 18648.075120939953,
    "final_emissions": 0.001973328949256132
  }
}