{
  "process_id": 2491699,
  "local_process_index": 1,
  "energy_results": {
    "cpu_power": 112.5,
    "gpu_power": 275.40908392116205,
    "ram_power": 0.7208619117736816,
    "cpu_energy": 0.0014597947111287797,
    "gpu_energy": 0.003419223013154893,
    "ram_energy": 6.719651392436748e-06,
    "total_energy_kwh": 0.004885737375676109,
    "total_energy_joules": 17588.654552433993,
    "final_emissions": 0.0018612216532638138
  }
}