{
  "experiment_id": "0051",
  "local_process_results": {
    "cpu_power": {
      "process_0": 112.5
    },
    "gpu_power": {
      "process_0": 118.54351054760643
    },
    "ram_power": {
      "process_0": 1.0811519622802734
    },
    "cpu_energy": {
      "process_0": 0.0018045119103125493
    },
    "gpu_energy": {
      "process_0": 0.002001616601292
    },
    "ram_energy": {
      "process_0": 1.5268824470745704e-05
    },
    "total_energy_kwh": {
      "process_0": 0.003821397336075295
    },
    "total_energy_joules": {
      "process_0": 13757.030409871062
    }
  },
  "global_experiment_results": {
    "cpu_power_avg": 112.5,
    "gpu_power_avg": 118.54351054760643,
    "ram_power_avg": 1.0811519622802734,
    "cpu_energy_total": 0.0018045119103125493,
    "gpu_energy_total": 0.002001616601292,
    "ram_energy_total": 1.5268824470745704e-05,
    "total_energy_kwh": 0.003821397336075295,
    "total_energy_joules": 13757.030409871062
  },
  "global_derived_quantities": {
    "tokens_per_joule": 1.1909546982060906,
    "joules_per_token": 0.8396625006024817,
    "flops_per_joule": 1232095189.743123,
    "joules_per_flop": 8.116256019216242e-10
  },
  "per-process_emissions": [
    0.0014557613151778837
  ]
}