{
  "process_id": 10251,
  "local_process_index": 3,
  "energy_results": {
    "cpu_power": 112.5,
    "gpu_power": 0.0,
    "ram_power": 0.8699040412902833,
    "cpu_energy": 0.00025411739096875866,
    "gpu_energy": 0.001438450039648001,
    "ram_energy": 1.6799436705000766e-06,
    "total_energy_kwh": 0.00169424737428726,
    "total_energy_joules": 6099.290547434136,
    "final_emissions": 0.0006454235372347316
  }
}