{
  "experiment_id": "0311",
  "local_process_results": {
    "cpu_power": {
      "process_0": 112.5,
      "process_3": 112.5,
      "process_2": 112.5,
      "process_1": 112.5
    },
    "gpu_power": {
      "process_0": 426.0523418012017,
      "process_3": 441.41001992045943,
      "process_2": 398.2740537791687,
      "process_1": 382.4901620029904
    },
    "ram_power": {
      "process_0": 0.891782283782959,
      "process_3": 0.9619402885437012,
      "process_2": 0.959099292755127,
      "process_1": 0.9786386489868165
    },
    "cpu_energy": {
      "process_0": 0.0011260705640937657,
      "process_3": 0.0011334558067500212,
      "process_2": 0.001138230240530902,
      "process_1": 0.0011419885041873386
    },
    "gpu_energy": {
      "process_0": 0.004124934966612093,
      "process_3": 0.004144084981931917,
      "process_2": 0.004165580276905945,
      "process_1": 0.004170276113995897
    },
    "ram_energy": {
      "process_0": 7.056061646868521e-06,
      "process_3": 7.693919699286686e-06,
      "process_2": 7.702355208278876e-06,
      "process_1": 7.922240791792477e-06
    },
    "total_energy_kwh": {
      "process_0": 0.0052580615923527255,
      "process_3": 0.005285234708381226,
      "process_2": 0.005311512872645126,
      "process_1": 0.005320186858975028
    },
    "total_energy_joules": {
      "process_0": 18929.021732469813,
      "process_3": 19026.844950172414,
      "process_2": 19121.446341522456,
      "process_1": 19152.672692310098
    }
  },
  "global_experiment_results": {
    "cpu_power_avg": 112.5,
    "gpu_power_avg": 412.0566443759551,
    "ram_power_avg": 0.9478651285171509,
    "cpu_energy_total": 0.004539745115562027,
    "gpu_energy_total": 0.01660487633944585,
    "ram_energy_total": 3.037457734622656e-05,
    "total_energy_kwh": 0.021174996032354107,
    "total_energy_joules": 76229.98571647478
  },
  "global_derived_quantities": {
    "tokens_per_joule": 0.2149285461096328,
    "joules_per_token": 4.6527090891403065,
    "flops_per_joule": 222353065.31729788,
    "joules_per_flop": 4.497351986459012e-09
  },
  "per-process_emissions": [
    0.002003058563606771,
    0.002013410162157828,
    0.0020234208288341608,
    0.002026725183926537
  ]
}