{
  "process_id": 412631,
  "local_process_index": 3,
  "energy_results": {
    "cpu_power": 112.5,
    "gpu_power": 441.41001992045943,
    "ram_power": 0.9619402885437012,
    "cpu_energy": 0.0011334558067500212,
    "gpu_energy": 0.004144084981931917,
    "ram_energy": 7.693919699286686e-06,
    "total_energy_kwh": 0.005285234708381226,
    "total_energy_joules": 19026.844950172414,
    "final_emissions": 0.002013410162157828
  }
}