{
  "process_id": 2525137,
  "local_process_index": 2,
  "energy_results": {
    "cpu_power": 112.5,
    "gpu_power": 261.5074916305575,
    "ram_power": 0.7044539451599121,
    "cpu_energy": 0.0014380086663404656,
    "gpu_energy": 0.0035866050915034364,
    "ram_energy": 6.350319854798585e-06,
    "total_energy_kwh": 0.0050309640776987005,
    "total_energy_joules": 18111.470679715323,
    "final_emissions": 0.00191654576539932
  }
}