{
  "experiment_id": "0413",
  "local_process_results": {
    "cpu_power": {
      "process_0": 112.5,
      "process_3": 112.5,
      "process_2": 112.5,
      "process_1": 112.5
    },
    "gpu_power": {
      "process_0": 226.9098664570262,
      "process_3": 256.5672690556606,
      "process_2": 261.5074916305575,
      "process_1": 289.8319260637459
    },
    "ram_power": {
      "process_0": 0.6745734214782715,
      "process_3": 0.7066226005554199,
      "process_2": 0.7044539451599121,
      "process_1": 0.7057957649230957
    },
    "cpu_energy": {
      "process_0": 0.001580947968689543,
      "process_3": 0.001445787987596304,
      "process_2": 0.0014380086663404656,
      "process_1": 0.0013978302529030781
    },
    "gpu_energy": {
      "process_0": 0.003895968116773174,
      "process_3": 0.0036053323287084105,
      "process_2": 0.0035866050915034364,
      "process_1": 0.003508381695592977
    },
    "ram_energy": {
      "process_0": 6.800400201082243e-06,
      "process_3": 6.402335872593611e-06,
      "process_2": 6.350319854798585e-06,
      "process_1": 6.628474701094395e-06
    },
    "total_energy_kwh": {
      "process_0": 0.0054837164856637996,
      "process_3": 0.005057522652177308,
      "process_2": 0.0050309640776987005,
      "process_1": 0.004912840423197146
    },
    "total_energy_joules": {
      "process_0": 19741.379348389677,
      "process_3": 18207.08154783831,
      "process_2": 18111.470679715323,
      "process_1": 17686.225523509725
    }
  },
  "global_experiment_results": {
    "cpu_power_avg": 112.5,
    "gpu_power_avg": 258.70413830174755,
    "ram_power_avg": 0.6978614330291748,
    "cpu_energy_total": 0.005862574875529391,
    "gpu_energy_total": 0.014596287232577998,
    "ram_energy_total": 2.6181530629568834e-05,
    "total_energy_kwh": 0.020485043638736954,
    "total_energy_joules": 73746.15709945303
  },
  "global_derived_quantities": {
    "tokens_per_joule": 0.22216750871377294,
    "joules_per_token": 4.501108221402163,
    "flops_per_joule": 229842091.57222262,
    "joules_per_flop": 4.350813174208228e-09
  },
  "per-process_emissions": [
    0.0020890217952136245,
    0.0019266632543469455,
    0.00191654576539932,
    0.0018715465592169527
  ]
}