{
  "process_id": 178984,
  "local_process_index": 1,
  "energy_results": {
    "cpu_power": 112.5,
    "gpu_power": 31000.47471049894,
    "ram_power": 0.6312532424926758,
    "cpu_energy": 0.0007188536351876566,
    "gpu_energy": 0.004635366208290137,
    "ram_energy": 3.7484448496758255e-06,
    "total_energy_kwh": 0.005357968288327469,
    "total_energy_joules": 19288.685837978886,
    "final_emissions": 0.0020411180194383496
  }
}