{
  "process_id": 214331,
  "local_process_index": 1,
  "energy_results": {
    "cpu_power": 112.5,
    "gpu_power": 2603.764888665296,
    "ram_power": 0.6515307426452637,
    "cpu_energy": 0.0006542080766564595,
    "gpu_energy": 0.004741068792852077,
    "ram_energy": 3.8843170658409536e-06,
    "total_energy_kwh": 0.005399161186574375,
    "total_energy_joules": 19436.98027166775,
    "final_emissions": 0.0020568104540255082
  }
}