{
  "process_id": 214332,
  "local_process_index": 2,
  "energy_results": {
    "cpu_power": 112.5,
    "gpu_power": 1863.4872965379673,
    "ram_power": 0.6566162109375,
    "cpu_energy": 0.0006559117707500945,
    "gpu_energy": 0.004759140751753987,
    "ram_energy": 3.9376790792794205e-06,
    "total_energy_kwh": 0.005418990201583361,
    "total_energy_joules": 19508.3647257001,
    "final_emissions": 0.0020643643172931817
  }
}