{
  "process_id": 83156,
  "local_process_index": 0,
  "energy_results": {
    "cpu_power": 112.5,
    "gpu_power": 898.9078684533573,
    "ram_power": 0.7007288932800293,
    "cpu_energy": 0.00041443596074992677,
    "gpu_energy": 0.0033637010242920373,
    "ram_energy": 2.2066525583964047e-06,
    "total_energy_kwh": 0.0037803436376003616,
    "total_energy_joules": 13609.237095361303,
    "final_emissions": 0.0014401219087438579
  }
}