{
  "process_id": 83159,
  "local_process_index": 3,
  "energy_results": {
    "cpu_power": 112.5,
    "gpu_power": 741.4726063721648,
    "ram_power": 0.648500919342041,
    "cpu_energy": 0.000553033400562299,
    "gpu_energy": 0.004320352622945889,
    "ram_energy": 2.832616519521128e-06,
    "total_energy_kwh": 0.004876218640027707,
    "total_energy_joules": 17554.387104099744,
    "final_emissions": 0.001857595490918555
  }
}