{
  "process_id": 83158,
  "local_process_index": 2,
  "energy_results": {
    "cpu_power": 112.5,
    "gpu_power": 545.2273874351157,
    "ram_power": 0.6480460166931152,
    "cpu_energy": 0.0006316163684999766,
    "gpu_energy": 0.0047746527086080515,
    "ram_energy": 3.198334151074282e-06,
    "total_energy_kwh": 0.005409467411259101,
    "total_energy_joules": 19474.082680532763,
    "final_emissions": 0.0020607366103191547
  }
}