{
  "process_id": 160256,
  "local_process_index": 0,
  "energy_results": {
    "cpu_power": 112.5,
    "gpu_power": 784.9690262484944,
    "ram_power": 0.7082033157348633,
    "cpu_energy": 0.000742558302000134,
    "gpu_energy": 0.0046302742597721935,
    "ram_energy": 4.051952799669096e-06,
    "total_energy_kwh": 0.005376884514571998,
    "total_energy_joules": 19356.784252459194,
    "final_emissions": 0.002048324155826203
  }
}