{
  "process_id": 160259,
  "local_process_index": 3,
  "energy_results": {
    "cpu_power": 112.5,
    "gpu_power": 673.4696573841757,
    "ram_power": 0.6682605743408203,
    "cpu_energy": 0.0006876423253435178,
    "gpu_energy": 0.005027147910604185,
    "ram_energy": 4.144676053536594e-06,
    "total_energy_kwh": 0.0057189349120012395,
    "total_energy_joules": 20588.16568320446,
    "final_emissions": 0.002178628254726872
  }
}