{
  "experiment_id": "0392",
  "local_process_results": {
    "cpu_power": {
      "process_1": 112.5,
      "process_3": 112.5,
      "process_0": 112.5,
      "process_2": 112.5
    },
    "gpu_power": {
      "process_1": 283.9560595191798,
      "process_3": 264.24280418737044,
      "process_0": 296.1920509270065,
      "process_2": 260.1574621080767
    },
    "ram_power": {
      "process_1": 0.7210850715637208,
      "process_3": 0.7212953567504883,
      "process_0": 0.6982684135437012,
      "process_2": 0.7214713096618652
    },
    "cpu_energy": {
      "process_1": 0.0013548507044652065,
      "process_3": 0.001539000300342196,
      "process_0": 0.0013540239380936331,
      "process_2": 0.0015364171915935002
    },
    "gpu_energy": {
      "process_1": 0.003547257004470339,
      "process_3": 0.003964816227406631,
      "process_0": 0.003553251175932637,
      "process_2": 0.003959723167775486
    },
    "ram_energy": {
      "process_1": 6.274572245124532e-06,
      "process_3": 6.849078142595535e-06,
      "process_0": 6.05814618411249e-06,
      "process_2": 6.978276615690665e-06
    },
    "total_energy_kwh": {
      "process_1": 0.004908382281180671,
      "process_3": 0.005510665605891422,
      "process_0": 0.004913333260210381,
      "process_2": 0.005503118635984676
    },
    "total_energy_joules": {
      "process_1": 17670.176212250415,
      "process_3": 19838.39618120912,
      "process_0": 17687.99973675737,
      "process_2": 19811.227089544835
    }
  },
  "global_experiment_results": {
    "cpu_power_avg": 112.5,
    "gpu_power_avg": 276.1370941854084,
    "ram_power_avg": 0.7155300378799438,
    "cpu_energy_total": 0.005784292134494535,
    "gpu_energy_total": 0.015025047575585093,
    "ram_energy_total": 2.616007318752322e-05,
    "total_energy_kwh": 0.02083549978326715,
    "total_energy_joules": 75007.79921976173
  },
  "global_derived_quantities": {
    "tokens_per_joule": 0.2184306188213483,
    "joules_per_token": 4.578112745346785,
    "flops_per_joule": 225976114.07703215,
    "joules_per_flop": 4.425246465027333e-09
  },
  "per-process_emissions": [
    0.0018698482300157767,
    0.0020992880625643373,
    0.0018717343054771446,
    0.002096413044378362
  ]
}