{
  "process_id": 2493330,
  "local_process_index": 2,
  "energy_results": {
    "cpu_power": 112.5,
    "gpu_power": 260.1574621080767,
    "ram_power": 0.7214713096618652,
    "cpu_energy": 0.0015364171915935002,
    "gpu_energy": 0.003959723167775486,
    "ram_energy": 6.978276615690665e-06,
    "total_energy_kwh": 0.005503118635984676,
    "total_energy_joules": 19811.227089544835,
    "final_emissions": 0.002096413044378362
  }
}