{
  "process_id": 394602,
  "local_process_index": 3,
  "energy_results": {
    "cpu_power": 112.5,
    "gpu_power": 393.13631659534985,
    "ram_power": 0.9574184417724609,
    "cpu_energy": 0.0011246913671560607,
    "gpu_energy": 0.00402798461127396,
    "ram_energy": 7.558865903864901e-06,
    "total_energy_kwh": 0.005160234844333889,
    "total_energy_joules": 18576.845439602,
    "final_emissions": 0.001965791463948995
  }
}