{
  "process_id": 394599,
  "local_process_index": 0,
  "energy_results": {
    "cpu_power": 112.5,
    "gpu_power": 376.4052444283301,
    "ram_power": 0.9275722503662109,
    "cpu_energy": 0.0011265324139376391,
    "gpu_energy": 0.0040370893407799535,
    "ram_energy": 7.324347532702139e-06,
    "total_energy_kwh": 0.005170946102250293,
    "total_energy_joules": 18615.405968101055,
    "final_emissions": 0.001969871917652249
  }
}