{
  "process_id": 394600,
  "local_process_index": 1,
  "energy_results": {
    "cpu_power": 112.5,
    "gpu_power": 336.62381119975385,
    "ram_power": 0.9647154808044434,
    "cpu_energy": 0.0011178707360621728,
    "gpu_energy": 0.0040063434828498945,
    "ram_energy": 7.571200171164137e-06,
    "total_energy_kwh": 0.005131785419083231,
    "total_energy_joules": 18474.42750869963,
    "final_emissions": 0.0019549536553997568
  }
}