{
  "experiment_id": "0298",
  "local_process_results": {
    "cpu_power": {
      "process_0": 112.5,
      "process_2": 112.5,
      "process_1": 112.5,
      "process_3": 112.5
    },
    "gpu_power": {
      "process_0": 376.4052444283301,
      "process_2": 396.84101591486467,
      "process_1": 336.62381119975385,
      "process_3": 393.13631659534985
    },
    "ram_power": {
      "process_0": 0.9275722503662109,
      "process_2": 0.9721870422363281,
      "process_1": 0.9647154808044434,
      "process_3": 0.9574184417724609
    },
    "cpu_energy": {
      "process_0": 0.0011265324139376391,
      "process_2": 0.0011273988356878136,
      "process_1": 0.0011178707360621728,
      "process_3": 0.0011246913671560607
    },
    "gpu_energy": {
      "process_0": 0.0040370893407799535,
      "process_2": 0.0040370893407799535,
      "process_1": 0.0040063434828498945,
      "process_3": 0.00402798461127396
    },
    "ram_energy": {
      "process_0": 7.324347532702139e-06,
      "process_2": 7.659196336590407e-06,
      "process_1": 7.571200171164137e-06,
      "process_3": 7.558865903864901e-06
    },
    "total_energy_kwh": {
      "process_0": 0.005170946102250293,
      "process_2": 0.005172147372804357,
      "process_1": 0.005131785419083231,
      "process_3": 0.005160234844333889
    },
    "total_energy_joules": {
      "process_0": 18615.405968101055,
      "process_2": 18619.730542095684,
      "process_1": 18474.42750869963,
      "process_3": 18576.845439602
    }
  },
  "global_experiment_results": {
    "cpu_power_avg": 112.5,
    "gpu_power_avg": 375.7515970345746,
    "ram_power_avg": 0.9554733037948608,
    "cpu_energy_total": 0.004496493352843686,
    "gpu_energy_total": 0.016108506775683762,
    "ram_energy_total": 3.0113609944321583e-05,
    "total_energy_kwh": 0.020635113738471766,
    "total_energy_joules": 74286.40945849837
  },
  "global_derived_quantities": {
    "tokens_per_joule": 0.22055178220927826,
    "joules_per_token": 4.534082608550926,
    "flops_per_joule": 228170551.20454368,
    "joules_per_flop": 4.382686524272579e-09
  },
  "per-process_emissions": [
    0.001969871917652249,
    0.00197032954166982,
    0.0019549536553997568,
    0.001965791463948995
  ]
}