{
  "process_id": 426104,
  "local_process_index": 3,
  "energy_results": {
    "cpu_power": 112.5,
    "gpu_power": 427.50226929396956,
    "ram_power": 0.9663891792297363,
    "cpu_energy": 0.001139285035968555,
    "gpu_energy": 0.004156548880791866,
    "ram_energy": 7.721663301640018e-06,
    "total_energy_kwh": 0.005303555580062061,
    "total_energy_joules": 19092.80008822342,
    "final_emissions": 0.002020389498224642
  }
}