{
  "process_id": 426101,
  "local_process_index": 0,
  "energy_results": {
    "cpu_power": 112.5,
    "gpu_power": 451.4220464335529,
    "ram_power": 0.9254350662231445,
    "cpu_energy": 0.0011343776087185233,
    "gpu_energy": 0.004144614149022174,
    "ram_energy": 7.3636583962315404e-06,
    "total_energy_kwh": 0.00528635541613693,
    "total_energy_joules": 19030.87949809295,
    "final_emissions": 0.0020138370957773636
  }
}