{
  "process_id": 426103,
  "local_process_index": 2,
  "energy_results": {
    "cpu_power": 112.5,
    "gpu_power": 447.85237849352956,
    "ram_power": 0.9627914428710939,
    "cpu_energy": 0.001133920455156158,
    "gpu_energy": 0.004142776925330105,
    "ram_energy": 7.676399715927792e-06,
    "total_energy_kwh": 0.005284373780202192,
    "total_energy_joules": 19023.74560872789,
    "final_emissions": 0.002013082191568025
  }
}