{
  "process_id": 111221,
  "local_process_index": 0,
  "energy_results": {
    "cpu_power": 112.5,
    "gpu_power": 1201.7009860503501,
    "ram_power": 0.700521469116211,
    "cpu_energy": 0.0007525448261876023,
    "gpu_energy": 0.005062816550249982,
    "ram_energy": 4.415437482378411e-06,
    "total_energy_kwh": 0.005819776813919962,
    "total_energy_joules": 20951.196530111865,
    "final_emissions": 0.00221704397726281
  }
}