{
  "experiment_id": "0353",
  "local_process_results": {
    "cpu_power": {
      "process_0": 112.5
    },
    "gpu_power": {
      "process_0": 37.7473035625276
    },
    "ram_power": {
      "process_0": 0.6728911399841309
    },
    "cpu_energy": {
      "process_0": 0.005497700122781226
    },
    "gpu_energy": {
      "process_0": 0.0018915495687938932
    },
    "ram_energy": {
      "process_0": 1.866476199298718e-05
    },
    "total_energy_kwh": {
      "process_0": 0.007407914453568107
    },
    "total_energy_joules": {
      "process_0": 26668.492032845188
    }
  },
  "global_experiment_results": {
    "cpu_power_avg": 112.5,
    "gpu_power_avg": 37.7473035625276,
    "ram_power_avg": 0.6728911399841309,
    "cpu_energy_total": 0.005497700122781226,
    "gpu_energy_total": 0.0018915495687938932,
    "ram_energy_total": 1.866476199298718e-05,
    "total_energy_kwh": 0.007407914453568107,
    "total_energy_joules": 26668.492032845188
  },
  "global_derived_quantities": {
    "tokens_per_joule": 0.5762605542552842,
    "joules_per_token": 1.7353261343600461,
    "flops_per_joule": 759271401.3245889,
    "joules_per_flop": 1.3170521084495577e-09
  },
  "per-process_emissions": [
    0.0028220450110867704
  ]
}