{
  "process_id": 161890,
  "local_process_index": 2,
  "energy_results": {
    "cpu_power": 112.5,
    "gpu_power": 909.304739038698,
    "ram_power": 0.6749668121337891,
    "cpu_energy": 0.0006439559951249977,
    "gpu_energy": 0.004767297424946082,
    "ram_energy": 3.948944295451907e-06,
    "total_energy_kwh": 0.00541520236436653,
    "total_energy_joules": 19494.72851171951,
    "final_emissions": 0.0020629213407054297
  }
}