{
  "experiment_id": "0161",
  "local_process_results": {
    "cpu_power": {
      "process_2": 112.5,
      "process_0": 112.5,
      "process_1": 112.5,
      "process_3": 112.5
    },
    "gpu_power": {
      "process_2": 909.304739038698,
      "process_0": 1038.9668730776411,
      "process_1": 2230.7317139282404,
      "process_3": 320.67228862258133
    },
    "ram_power": {
      "process_2": 0.6749668121337891,
      "process_0": 0.7042551040649414,
      "process_1": 0.6767091751098633,
      "process_3": 0.681427001953125
    },
    "cpu_energy": {
      "process_2": 0.0006439559951249977,
      "process_0": 0.0006891365797497997,
      "process_1": 0.0007161525032187227,
      "process_3": 0.0007677719566560199
    },
    "gpu_energy": {
      "process_2": 0.004767297424946082,
      "process_0": 0.004763151032740109,
      "process_1": 0.004734011009427885,
      "process_3": 0.005074369059492045
    },
    "ram_energy": {
      "process_2": 3.948944295451907e-06,
      "process_0": 3.987635785311717e-06,
      "process_1": 4.041975183027991e-06,
      "process_3": 4.667239889681642e-06
    },
    "total_energy_kwh": {
      "process_2": 0.00541520236436653,
      "process_0": 0.005456275248275219,
      "process_1": 0.0054542054878296345,
      "process_3": 0.005846808256037746
    },
    "total_energy_joules": {
      "process_2": 19494.72851171951,
      "process_0": 19642.590893790788,
      "process_1": 19635.139756186683,
      "process_3": 21048.509721735885
    }
  },
  "global_experiment_results": {
    "cpu_power_avg": 112.5,
    "gpu_power_avg": 1124.9189036667904,
    "ram_power_avg": 0.6843395233154297,
    "cpu_energy_total": 0.0028170170347495403,
    "gpu_energy_total": 0.019338828526606122,
    "ram_energy_total": 1.6645795153473258e-05,
    "total_energy_kwh": 0.022172491356509127,
    "total_energy_joules": 79820.96888343286
  },
  "global_derived_quantities": {
    "tokens_per_joule": 0.2052593476273947,
    "joules_per_token": 4.871885307826712,
    "flops_per_joule": 212349852.80503193,
    "joules_per_flop": 4.7092097629949644e-09
  },
  "per-process_emissions": [
    0.0020629213407054297,
    0.0020785680558304447,
    0.002077779580588699,
    0.0022273416051375792
  ]
}