{
  "process_id": 161891,
  "local_process_index": 3,
  "energy_results": {
    "cpu_power": 112.5,
    "gpu_power": 320.67228862258133,
    "ram_power": 0.681427001953125,
    "cpu_energy": 0.0007677719566560199,
    "gpu_energy": 0.005074369059492045,
    "ram_energy": 4.667239889681642e-06,
    "total_energy_kwh": 0.005846808256037746,
    "total_energy_joules": 21048.509721735885,
    "final_emissions": 0.0022273416051375792
  }
}