{
  "process_id": 100127,
  "local_process_index": 3,
  "energy_results": {
    "cpu_power": 112.5,
    "gpu_power": 1029.1310202175264,
    "ram_power": 0.6505594253540039,
    "cpu_energy": 0.0008471590601564003,
    "gpu_energy": 0.005801293252141987,
    "ram_energy": 4.235508513657156e-06,
    "total_energy_kwh": 0.006652687820812045,
    "total_energy_joules": 23949.676154923363,
    "final_emissions": 0.0025343414253383486
  }
}