{
  "process_id": 157028,
  "local_process_index": 3,
  "energy_results": {
    "cpu_power": 112.5,
    "gpu_power": 506.29923542304266,
    "ram_power": 0.6691689491271973,
    "cpu_energy": 0.0007376409203123446,
    "gpu_energy": 0.005082654899454003,
    "ram_energy": 4.449547713212175e-06,
    "total_energy_kwh": 0.00582474536747956,
    "total_energy_joules": 20969.083322926417,
    "final_emissions": 0.0022189367477413384
  }
}