{
  "process_id": 157027,
  "local_process_index": 2,
  "energy_results": {
    "cpu_power": 112.5,
    "gpu_power": 3150.571003926759,
    "ram_power": 0.6709842681884766,
    "cpu_energy": 0.0006941383765935711,
    "gpu_energy": 0.004632667039464078,
    "ram_energy": 4.256386112434273e-06,
    "total_energy_kwh": 0.005331061802170083,
    "total_energy_joules": 19191.822487812296,
    "final_emissions": 0.002030867993536693
  }
}