{
  "process_id": 131068,
  "local_process_index": 1,
  "energy_results": {
    "cpu_power": 112.5,
    "gpu_power": 24.60414420295019,
    "ram_power": 0.6707267761230469,
    "cpu_energy": 0.0007646459147812836,
    "gpu_energy": 0.004785480217269961,
    "ram_energy": 4.191254633849063e-06,
    "total_energy_kwh": 0.005554317386685093,
    "total_energy_joules": 19995.542592066337,
    "final_emissions": 0.002115917208457686
  }
}