{
  "process_id": 131069,
  "local_process_index": 2,
  "energy_results": {
    "cpu_power": 112.5,
    "gpu_power": 655.2690691798326,
    "ram_power": 0.6671061515808107,
    "cpu_energy": 0.0007416559067811476,
    "gpu_energy": 0.004795913003393881,
    "ram_energy": 4.063569672040781e-06,
    "total_energy_kwh": 0.0055416324798470695,
    "total_energy_joules": 19949.87692744945,
    "final_emissions": 0.002111084893197741
  }
}