{
  "process_id": 427462,
  "local_process_index": 1,
  "energy_results": {
    "cpu_power": 112.5,
    "gpu_power": 355.11502407746883,
    "ram_power": 0.9587817192077637,
    "cpu_energy": 0.0011483953722815842,
    "gpu_energy": 0.004152525266461982,
    "ram_energy": 7.941031061899845e-06,
    "total_energy_kwh": 0.005308861669805468,
    "total_energy_joules": 19111.902011299684,
    "final_emissions": 0.002022410853112393
  }
}