{
  "experiment_id": "0322",
  "local_process_results": {
    "cpu_power": {
      "process_2": 112.5,
      "process_1": 112.5,
      "process_0": 112.5,
      "process_3": 112.5
    },
    "gpu_power": {
      "process_2": 0.0,
      "process_1": 355.11502407746883,
      "process_0": 450.80011333613163,
      "process_3": 319.78165388031056
    },
    "ram_power": {
      "process_2": 0.958432674407959,
      "process_1": 0.9587817192077637,
      "process_0": 0.9331626892089845,
      "process_3": 0.9664864540100099
    },
    "cpu_energy": {
      "process_2": 0.0011469235454375163,
      "process_1": 0.0011483953722815842,
      "process_0": 0.0011315514682185039,
      "process_3": 0.0011596272316561455
    },
    "gpu_energy": {
      "process_2": 0.0041465272061081415,
      "process_1": 0.004152525266461982,
      "process_0": 0.004105904395832027,
      "process_3": 0.0041863927935561485
    },
    "ram_energy": {
      "process_2": 7.931999132639978e-06,
      "process_1": 7.941031061899845e-06,
      "process_0": 7.399765928793849e-06,
      "process_3": 7.848076240771746e-06
    },
    "total_energy_kwh": {
      "process_2": 0.0053013827506782985,
      "process_1": 0.005308861669805468,
      "process_0": 0.005244855629979325,
      "process_3": 0.005353868101453066
    },
    "total_energy_joules": {
      "process_2": 19084.977902441875,
      "process_1": 19111.902011299684,
      "process_0": 18881.48026792557,
      "process_3": 19273.925165231038
    }
  },
  "global_experiment_results": {
    "cpu_power_avg": 112.5,
    "gpu_power_avg": 281.42419782347775,
    "ram_power_avg": 0.9542158842086792,
    "cpu_energy_total": 0.00458649761759375,
    "gpu_energy_total": 0.0165913496619583,
    "ram_energy_total": 3.112087236410542e-05,
    "total_energy_kwh": 0.02120896815191616,
    "total_energy_joules": 76352.28534689816
  },
  "global_derived_quantities": {
    "tokens_per_joule": 0.21458427767500485,
    "joules_per_token": 4.660173666192515,
    "flops_per_joule": 221996904.42979777,
    "joules_per_flop": 4.504567316235847e-09
  },
  "per-process_emissions": [
    0.002019561758870898,
    0.002022410853112393,
    0.001998027752240624,
    0.0020395560532485454
  ]
}