{
  "process_id": 427464,
  "local_process_index": 3,
  "energy_results": {
    "cpu_power": 112.5,
    "gpu_power": 319.78165388031056,
    "ram_power": 0.9664864540100099,
    "cpu_energy": 0.0011596272316561455,
    "gpu_energy": 0.0041863927935561485,
    "ram_energy": 7.848076240771746e-06,
    "total_energy_kwh": 0.005353868101453066,
    "total_energy_joules": 19273.925165231038,
    "final_emissions": 0.0020395560532485454
  }
}