{
  "process_id": 427463,
  "local_process_index": 2,
  "energy_results": {
    "cpu_power": 112.5,
    "gpu_power": 0.0,
    "ram_power": 0.958432674407959,
    "cpu_energy": 0.0011469235454375163,
    "gpu_energy": 0.0041465272061081415,
    "ram_energy": 7.931999132639978e-06,
    "total_energy_kwh": 0.0053013827506782985,
    "total_energy_joules": 19084.977902441875,
    "final_emissions": 0.002019561758870898
  }
}