{
  "process_id": 96649,
  "local_process_index": 0,
  "energy_results": {
    "cpu_power": 112.5,
    "gpu_power": 0.0,
    "ram_power": 0.6938109397888184,
    "cpu_energy": 0.0007601655227499577,
    "gpu_energy": 0.005040186532146024,
    "ram_energy": 4.467374614346211e-06,
    "total_energy_kwh": 0.005804819429510329,
    "total_energy_joules": 20897.349946237187,
    "final_emissions": 0.00221134596167196
  }
}