{
  "process_id": 2531386,
  "local_process_index": 1,
  "energy_results": {
    "cpu_power": 112.5,
    "gpu_power": 316.1832564827257,
    "ram_power": 0.7112689018249513,
    "cpu_energy": 0.0011954264951236839,
    "gpu_energy": 0.0036674573784085673,
    "ram_energy": 5.560906502933405e-06,
    "total_energy_kwh": 0.004868444780035187,
    "total_energy_joules": 17526.401208126674,
    "final_emissions": 0.0018546340389544046
  }
}