{
  "process_id": 2531387,
  "local_process_index": 2,
  "energy_results": {
    "cpu_power": 112.5,
    "gpu_power": 244.37892373332537,
    "ram_power": 0.7061605453491211,
    "cpu_energy": 0.001419366927030751,
    "gpu_energy": 0.004148707485630565,
    "ram_energy": 6.521674294887058e-06,
    "total_energy_kwh": 0.005574596086956204,
    "total_energy_joules": 20068.545913042333,
    "final_emissions": 0.002123642379325966
  }
}