{
  "process_id": 2508434,
  "local_process_index": 2,
  "energy_results": {
    "cpu_power": 112.5,
    "gpu_power": 270.4675759039401,
    "ram_power": 0.6641879081726074,
    "cpu_energy": 0.0014288029606841517,
    "gpu_energy": 0.0034504466492437658,
    "ram_energy": 6.043640886608966e-06,
    "total_energy_kwh": 0.004885293250814529,
    "total_energy_joules": 17587.055702932303,
    "final_emissions": 0.0018610524638977947
  }
}