{
  "process_id": 185374,
  "local_process_index": 2,
  "energy_results": {
    "cpu_power": 112.5,
    "gpu_power": 2546.422016219924,
    "ram_power": 0.6506180763244629,
    "cpu_energy": 0.0006722182127500675,
    "gpu_energy": 0.004769344648806045,
    "ram_energy": 3.968622426232401e-06,
    "total_energy_kwh": 0.0054455314839823455,
    "total_energy_joules": 19603.913342336444,
    "final_emissions": 0.0020744752188230748
  }
}