{
  "experiment_id": "0230",
  "local_process_results": {
    "cpu_power": {
      "process_0": 112.5
    },
    "gpu_power": {
      "process_0": 81.04893533920794
    },
    "ram_power": {
      "process_0": 1.081179141998291
    },
    "cpu_energy": {
      "process_0": 0.0016094864314067083
    },
    "gpu_energy": {
      "process_0": 0.0012835163045900044
    },
    "ram_energy": {
      "process_0": 1.4990509342216345e-05
    },
    "total_energy_kwh": {
      "process_0": 0.00290799324533893
    },
    "total_energy_joules": {
      "process_0": 10468.775683220148
    }
  },
  "global_experiment_results": {
    "cpu_power_avg": 112.5,
    "gpu_power_avg": 81.04893533920794,
    "ram_power_avg": 1.081179141998291,
    "cpu_energy_total": 0.0016094864314067083,
    "gpu_energy_total": 0.0012835163045900044,
    "ram_energy_total": 1.4990509342216345e-05,
    "total_energy_kwh": 0.00290799324533893,
    "total_energy_joules": 10468.775683220148
  },
  "global_derived_quantities": {
    "tokens_per_joule": 1.565034966434619,
    "joules_per_token": 0.6389633595715423,
    "flops_per_joule": 1619097734.6396122,
    "joules_per_flop": 6.176279409238909e-10
  },
  "per-process_emissions": [
    0.0011078000268118654
  ]
}