{
  "process_id": 284776,
  "local_process_index": 0,
  "energy_results": {
    "cpu_power": 112.5,
    "gpu_power": 81.04893533920794,
    "ram_power": 1.081179141998291,
    "cpu_energy": 0.0016094864314067083,
    "gpu_energy": 0.0012835163045900044,
    "ram_energy": 1.4990509342216345e-05,
    "total_energy_kwh": 0.00290799324533893,
    "total_energy_joules": 10468.775683220148,
    "final_emissions": 0.0011078000268118654
  }
}