{
  "experiment_id": "0461",
  "local_process_results": {
    "cpu_power": {
      "process_2": 112.5,
      "process_1": 112.5,
      "process_0": 112.5,
      "process_3": 112.5
    },
    "gpu_power": {
      "process_2": 415.3080968807427,
      "process_1": 0.0,
      "process_0": 469.52056450315615,
      "process_3": 351.52979913108123
    },
    "ram_power": {
      "process_2": 0.7280302047729492,
      "process_1": 0.7240090370178223,
      "process_0": 0.6890087127685548,
      "process_3": 0.7210292816162109
    },
    "cpu_energy": {
      "process_2": 0.0007392948794986296,
      "process_1": 0.0006781019314021249,
      "process_0": 0.000687637390978125,
      "process_3": 0.0007085292273768572
    },
    "gpu_energy": {
      "process_2": 0.003880079492949662,
      "process_1": 0.003848170578534038,
      "process_0": 0.0038697214291083526,
      "process_3": 0.0038715030971996356
    },
    "ram_energy": {
      "process_2": 5.199082848351798e-06,
      "process_1": 5.156357434554002e-06,
      "process_0": 4.90622275707511e-06,
      "process_3": 4.928041868322197e-06
    },
    "total_energy_kwh": {
      "process_2": 0.004624573455296643,
      "process_1": 0.0045314288673707175,
      "process_0": 0.004562265042843554,
      "process_3": 0.004584960366444814
    },
    "total_energy_joules": {
      "process_2": 16648.464439067917,
      "process_1": 16313.143922534582,
      "process_0": 16424.154154236792,
      "process_3": 16505.85731920133
    }
  },
  "global_experiment_results": {
    "cpu_power_avg": 112.5,
    "gpu_power_avg": 309.08961512874504,
    "ram_power_avg": 0.7155193090438843,
    "cpu_energy_total": 0.0028135634292557367,
    "gpu_energy_total": 0.015469474597791688,
    "ram_energy_total": 2.0189704908303108e-05,
    "total_energy_kwh": 0.01830322773195573,
    "total_energy_joules": 65891.61983504062
  },
  "global_derived_quantities": {
    "tokens_per_joule": 0.24865073951766964,
    "joules_per_token": 4.021705312197303,
    "flops_per_joule": 257240162.4908627,
    "joules_per_flop": 3.8874178523173675e-09
  },
  "per-process_emissions": [
    0.0017617312577952562,
    0.0017262478270248748,
    0.001737994868071252,
    0.0017466406515971517
  ]
}