{
  "process_id": 2170932,
  "local_process_index": 1,
  "energy_results": {
    "cpu_power": 112.5,
    "gpu_power": 0.0,
    "ram_power": 0.7240090370178223,
    "cpu_energy": 0.0006781019314021249,
    "gpu_energy": 0.003848170578534038,
    "ram_energy": 5.156357434554002e-06,
    "total_energy_kwh": 0.0045314288673707175,
    "total_energy_joules": 16313.143922534582,
    "final_emissions": 0.0017262478270248748
  }
}