{
  "process_id": 2170934,
  "local_process_index": 3,
  "energy_results": {
    "cpu_power": 112.5,
    "gpu_power": 351.52979913108123,
    "ram_power": 0.7210292816162109,
    "cpu_energy": 0.0007085292273768572,
    "gpu_energy": 0.0038715030971996356,
    "ram_energy": 4.928041868322197e-06,
    "total_energy_kwh": 0.004584960366444814,
    "total_energy_joules": 16505.85731920133,
    "final_emissions": 0.0017466406515971517
  }
}