{
  "process_id": 2506814,
  "local_process_index": 0,
  "energy_results": {
    "cpu_power": 112.5,
    "gpu_power": 264.3151978624959,
    "ram_power": 0.6737794876098633,
    "cpu_energy": 0.0014486427812198596,
    "gpu_energy": 0.003770246071747918,
    "ram_energy": 6.285522030513556e-06,
    "total_energy_kwh": 0.005225174374998291,
    "total_energy_joules": 18810.627749993848,
    "final_emissions": 0.001990530178155599
  }
}