{
  "process_id": 2506816,
  "local_process_index": 2,
  "energy_results": {
    "cpu_power": 112.5,
    "gpu_power": 243.06183666706988,
    "ram_power": 0.709043025970459,
    "cpu_energy": 0.0015184167487514058,
    "gpu_energy": 0.0039194986911508245,
    "ram_energy": 7.018155168064236e-06,
    "total_energy_kwh": 0.005444933595070295,
    "total_energy_joules": 19601.760942253062,
    "final_emissions": 0.002074247453042029
  }
}