{
  "process_id": 2506815,
  "local_process_index": 1,
  "energy_results": {
    "cpu_power": 112.5,
    "gpu_power": 893.5701589204424,
    "ram_power": 0.7183585166931152,
    "cpu_energy": 0.0014207591660633625,
    "gpu_energy": 0.0037074318548313556,
    "ram_energy": 6.631961490390543e-06,
    "total_energy_kwh": 0.005134822982385108,
    "total_energy_joules": 18485.36273658639,
    "final_emissions": 0.001956110815139607
  }
}