{
  "process_id": 2483441,
  "local_process_index": 3,
  "energy_results": {
    "cpu_power": 112.5,
    "gpu_power": 236.05229434699837,
    "ram_power": 0.7239847183227539,
    "cpu_energy": 0.001621657267966839,
    "gpu_energy": 0.003680601277812112,
    "ram_energy": 7.164203514240098e-06,
    "total_energy_kwh": 0.005309422749293192,
    "total_energy_joules": 19113.92189745549,
    "final_emissions": 0.0020226245963432415
  }
}