{
  "process_id": 2460698,
  "local_process_index": 0,
  "energy_results": {
    "cpu_power": 112.5,
    "gpu_power": 170.80214223087614,
    "ram_power": 0.6804084777832031,
    "cpu_energy": 0.001575507727562126,
    "gpu_energy": 0.002325691582773848,
    "ram_energy": 7.111859972663061e-06,
    "total_energy_kwh": 0.003908311170308637,
    "total_energy_joules": 14069.920213111094,
    "final_emissions": 0.0014888711403290753
  }
}