{
  "experiment_id": "0434",
  "local_process_results": {
    "cpu_power": {
      "process_3": 112.5,
      "process_1": 112.5,
      "process_0": 112.5,
      "process_2": 112.5
    },
    "gpu_power": {
      "process_3": 393.1422226318234,
      "process_1": 334.3873909658116,
      "process_0": 0.0,
      "process_2": 460.2072169792021
    },
    "ram_power": {
      "process_3": 0.7071175575256348,
      "process_1": 0.7040891647338867,
      "process_0": 0.6735205650329591,
      "process_2": 0.7047600746154785
    },
    "cpu_energy": {
      "process_3": 0.004699496051160168,
      "process_1": 0.004258521989968359,
      "process_0": 0.004430123276313681,
      "process_2": 0.004232104677011197
    },
    "gpu_energy": {
      "process_3": 0.015953368318239347,
      "process_1": 0.014486168811148392,
      "process_0": 0.01493580028196484,
      "process_2": 0.014384653729936359
    },
    "ram_energy": {
      "process_3": 2.279441298213508e-05,
      "process_1": 2.005918528892067e-05,
      "process_0": 1.981790556937953e-05,
      "process_2": 1.9858288647497006e-05
    },
    "total_energy_kwh": {
      "process_3": 0.02067565878238167,
      "process_1": 0.018764749986405652,
      "process_0": 0.019385741463847875,
      "process_2": 0.018636616695595038
    },
    "total_energy_joules": {
      "process_3": 74432.371616574,
      "process_1": 67553.09995106034,
      "process_0": 69788.66926985235,
      "process_2": 67091.82010414214
    }
  },
  "global_experiment_results": {
    "cpu_power_avg": 112.5,
    "gpu_power_avg": 296.93420764420927,
    "ram_power_avg": 0.6973718404769897,
    "cpu_energy_total": 0.017620245994453405,
    "gpu_energy_total": 0.05975999114128894,
    "ram_energy_total": 8.252979248793229e-05,
    "total_energy_kwh": 0.07746276692823023,
    "total_energy_joules": 278865.96094162884
  },
  "global_derived_quantities": {
    "tokens_per_joule": 0.05146558565820841,
    "joules_per_token": 19.430459931830324,
    "flops_per_joule": 60781785.39940163,
    "joules_per_flop": 1.6452297237222068e-08
  },
  "per-process_emissions": [
    0.007876392213148297,
    0.007148431507321234,
    0.007384998210652848,
    0.00709961913018693
  ]
}