{
  "process_id": 2437162,
  "local_process_index": 0,
  "energy_results": {
    "cpu_power": 112.5,
    "gpu_power": 39.80996132827895,
    "ram_power": 0.685572624206543,
    "cpu_energy": 0.004044605366405448,
    "gpu_energy": 0.0014420658758740323,
    "ram_energy": 1.5572047911509652e-05,
    "total_energy_kwh": 0.005502243290190991,
    "total_energy_joules": 19808.075844687566,
    "final_emissions": 0.002096079581398258
  }
}