{
  "experiment_id": "0112",
  "local_process_results": {
    "cpu_power": {
      "process_0": 112.5,
      "process_2": 112.5,
      "process_1": 112.5,
      "process_3": 112.5
    },
    "gpu_power": {
      "process_0": 840.551155741769,
      "process_2": 590.5232843177822,
      "process_1": 770.7608801305829,
      "process_3": 702.5229945021922
    },
    "ram_power": {
      "process_0": 0.7011022567749023,
      "process_2": 0.6526765823364258,
      "process_1": 0.6519670486450195,
      "process_3": 0.6561455726623535
    },
    "cpu_energy": {
      "process_0": 0.0007281144658749667,
      "process_2": 0.0010278602135622352,
      "process_1": 0.0011160055792499293,
      "process_3": 0.0009472713789687646
    },
    "gpu_energy": {
      "process_0": 0.0052870256185059555,
      "process_2": 0.00714252904735195,
      "process_1": 0.0075448385358660025,
      "process_3": 0.006706771198745992
    },
    "ram_energy": {
      "process_0": 3.8574063639027855e-06,
      "process_2": 5.230916206363691e-06,
      "process_1": 5.69429140474461e-06,
      "process_3": 4.854766540663868e-06
    },
    "total_energy_kwh": {
      "process_0": 0.006018997490744823,
      "process_2": 0.00817562017712055,
      "process_1": 0.008666538406520674,
      "process_3": 0.007658897344255418
    },
    "total_energy_joules": {
      "process_0": 21668.390966681363,
      "process_2": 29432.23263763398,
      "process_1": 31199.538263474427,
      "process_3": 27572.030439319504
    }
  },
  "global_experiment_results": {
    "cpu_power_avg": 112.5,
    "gpu_power_avg": 726.0895786730816,
    "ram_power_avg": 0.6654728651046753,
    "cpu_energy_total": 0.003819251637655896,
    "gpu_energy_total": 0.0266811644004699,
    "ram_energy_total": 1.9637380515674954e-05,
    "total_energy_kwh": 0.030520053418641464,
    "total_energy_joules": 109872.19230710928
  },
  "global_derived_quantities": {
    "tokens_per_joule": 0.14911871380707742,
    "joules_per_token": 6.706066424994462,
    "flops_per_joule": 154269889.74402446,
    "joules_per_flop": 6.482146332374197e-09
  },
  "per-process_emissions": [
    0.0022929370940992407,
    0.003114502506474074,
    0.003301517805964051,
    0.0029176569432941015
  ]
}