{
  "process_id": 407155,
  "local_process_index": 2,
  "energy_results": {
    "cpu_power": 112.5,
    "gpu_power": 431.0388161794864,
    "ram_power": 0.9677939414978027,
    "cpu_energy": 0.0011376030963124323,
    "gpu_energy": 0.00412227579781782,
    "ram_energy": 7.710932369738852e-06,
    "total_energy_kwh": 0.005267589826499991,
    "total_energy_joules": 18963.32337539997,
    "final_emissions": 0.002006688344405172
  }
}