{
  "process_id": 407154,
  "local_process_index": 1,
  "energy_results": {
    "cpu_power": 112.5,
    "gpu_power": 431.4207266804503,
    "ram_power": 0.9687638282775879,
    "cpu_energy": 0.001140352462656324,
    "gpu_energy": 0.004128513025029867,
    "ram_energy": 7.737812169353967e-06,
    "total_energy_kwh": 0.0052766032998555435,
    "total_energy_joules": 18995.77187947996,
    "final_emissions": 0.0020101220270799694
  }
}