{
  "experiment_id": "0307",
  "local_process_results": {
    "cpu_power": {
      "process_1": 112.5,
      "process_0": 112.5,
      "process_3": 112.5,
      "process_2": 112.5
    },
    "gpu_power": {
      "process_1": 431.4207266804503,
      "process_0": 432.7705472408762,
      "process_3": 0.0,
      "process_2": 431.0388161794864
    },
    "ram_power": {
      "process_1": 0.9687638282775879,
      "process_0": 0.9323186874389648,
      "process_3": 0.9501700401306152,
      "process_2": 0.9677939414978027
    },
    "cpu_energy": {
      "process_1": 0.001140352462656324,
      "process_0": 0.0011507653811879664,
      "process_3": 0.0011458788179999142,
      "process_2": 0.0011376030963124323
    },
    "gpu_energy": {
      "process_1": 0.004128513025029867,
      "process_0": 0.004157017214500014,
      "process_3": 0.0041456802609857735,
      "process_2": 0.00412227579781782
    },
    "ram_energy": {
      "process_1": 7.737812169353967e-06,
      "process_0": 7.484034727327974e-06,
      "process_3": 7.879037949463737e-06,
      "process_2": 7.710932369738852e-06
    },
    "total_energy_kwh": {
      "process_1": 0.0052766032998555435,
      "process_0": 0.005315266630415309,
      "process_3": 0.005299438116935155,
      "process_2": 0.005267589826499991
    },
    "total_energy_joules": {
      "process_1": 18995.77187947996,
      "process_0": 19134.959869495113,
      "process_3": 19077.977220966557,
      "process_2": 18963.32337539997
    }
  },
  "global_experiment_results": {
    "cpu_power_avg": 112.5,
    "gpu_power_avg": 323.80752252520324,
    "ram_power_avg": 0.9547616243362427,
    "cpu_energy_total": 0.004574599758156637,
    "gpu_energy_total": 0.016553486298333475,
    "ram_energy_total": 3.081181721588453e-05,
    "total_energy_kwh": 0.021158897873706,
    "total_energy_joules": 76172.03234534159
  },
  "global_derived_quantities": {
    "tokens_per_joule": 0.21509206851301751,
    "joules_per_token": 4.649171896077978,
    "flops_per_joule": 222522236.45951596,
    "joules_per_flop": 4.49393290266491e-09
  },
  "per-process_emissions": [
    0.0020101220270799694,
    0.002024850822856712,
    0.0020188209506464476,
    0.002006688344405172
  ]
}