{
  "process_id": 407156,
  "local_process_index": 3,
  "energy_results": {
    "cpu_power": 112.5,
    "gpu_power": 0.0,
    "ram_power": 0.9501700401306152,
    "cpu_energy": 0.0011458788179999142,
    "gpu_energy": 0.0041456802609857735,
    "ram_energy": 7.879037949463737e-06,
    "total_energy_kwh": 0.005299438116935155,
    "total_energy_joules": 19077.977220966557,
    "final_emissions": 0.0020188209506464476
  }
}