{
  "process_id": 2461616,
  "local_process_index": 0,
  "energy_results": {
    "cpu_power": 112.5,
    "gpu_power": 165.7792290407671,
    "ram_power": 0.6738109588623047,
    "cpu_energy": 0.010614340196593273,
    "gpu_energy": 0.019516357557517683,
    "ram_energy": 4.3815117324245974e-05,
    "total_energy_kwh": 0.03017451287143517,
    "total_energy_joules": 108628.24633716661,
    "final_emissions": 0.01149498067837323
  }
}