{
  "process_id": 2461619,
  "local_process_index": 3,
  "energy_results": {
    "cpu_power": 112.5,
    "gpu_power": 231.85320951069932,
    "ram_power": 0.7046141624450684,
    "cpu_energy": 0.010667391607871647,
    "gpu_energy": 0.01962022347394332,
    "ram_energy": 4.6766954416608224e-05,
    "total_energy_kwh": 0.030334382036231584,
    "total_energy_joules": 109203.7753304337,
    "final_emissions": 0.011555882836702423
  }
}