{
  "process_id": 2461618,
  "local_process_index": 2,
  "energy_results": {
    "cpu_power": 112.5,
    "gpu_power": 230.2732420862348,
    "ram_power": 0.7064065933227539,
    "cpu_energy": 0.010569813363501001,
    "gpu_energy": 0.0193837266180783,
    "ram_energy": 4.507348210062548e-05,
    "total_energy_kwh": 0.029998613463679928,
    "total_energy_joules": 107995.00846924774,
    "final_emissions": 0.011427971798988868
  }
}