{
  "process_id": 1503689,
  "local_process_index": 1,
  "energy_results": {
    "cpu_power": 112.5,
    "gpu_power": 92.75706162585759,
    "ram_power": 2.30018949508667,
    "cpu_energy": 0.00015634924299956767,
    "gpu_energy": 0.00013323427325406811,
    "ram_energy": 2.610451306599208e-06,
    "total_energy_kwh": 0.00029219396756023495,
    "total_energy_joules": 1051.8982832168458,
    "final_emissions": 0.0001113112919420715
  }
}