{
  "process_id": 353669,
  "local_process_index": 3,
  "energy_results": {
    "cpu_power": 112.5,
    "gpu_power": 425.22657657552753,
    "ram_power": 0.9683203697204591,
    "cpu_energy": 0.0011385217499374678,
    "gpu_energy": 0.004139516367165974,
    "ram_energy": 7.743202119724073e-06,
    "total_energy_kwh": 0.005285781319223163,
    "total_energy_joules": 19028.81274920339,
    "final_emissions": 0.002013618393558064
  }
}