{
  "process_id": 353667,
  "local_process_index": 1,
  "energy_results": {
    "cpu_power": 112.5,
    "gpu_power": 430.50963510620306,
    "ram_power": 0.9862933158874513,
    "cpu_energy": 0.001129196286937486,
    "gpu_energy": 0.004106493007413892,
    "ram_energy": 7.788815123269677e-06,
    "total_energy_kwh": 0.005243478109474646,
    "total_energy_joules": 18876.521194108725,
    "final_emissions": 0.0019975029858043665
  }
}