{
  "experiment_id": "0266",
  "local_process_results": {
    "cpu_power": {
      "process_1": 112.5,
      "process_0": 112.5,
      "process_3": 112.5,
      "process_2": 112.5
    },
    "gpu_power": {
      "process_1": 430.50963510620306,
      "process_0": 253.8023690505669,
      "process_3": 425.22657657552753,
      "process_2": 788.6329675804509
    },
    "ram_power": {
      "process_1": 0.9862933158874513,
      "process_0": 0.9182882308959961,
      "process_3": 0.9683203697204591,
      "process_2": 0.9605298042297363
    },
    "cpu_energy": {
      "process_1": 0.001129196286937486,
      "process_0": 0.0011505458239688552,
      "process_3": 0.0011385217499374678,
      "process_2": 0.0011447437005309665
    },
    "gpu_energy": {
      "process_1": 0.004106493007413892,
      "process_0": 0.004172443615730104,
      "process_3": 0.004139516367165974,
      "process_2": 0.004160901106496084
    },
    "ram_energy": {
      "process_1": 7.788815123269677e-06,
      "process_0": 7.402011313081908e-06,
      "process_3": 7.743202119724073e-06,
      "process_2": 7.918182897923995e-06
    },
    "total_energy_kwh": {
      "process_1": 0.005243478109474646,
      "process_0": 0.0053303914510120405,
      "process_3": 0.005285781319223163,
      "process_2": 0.005313562989924975
    },
    "total_energy_joules": {
      "process_1": 18876.521194108725,
      "process_0": 19189.409223643346,
      "process_3": 19028.81274920339,
      "process_2": 19128.82676372991
    }
  },
  "global_experiment_results": {
    "cpu_power_avg": 112.5,
    "gpu_power_avg": 474.5428870781871,
    "ram_power_avg": 0.9583579301834106,
    "cpu_energy_total": 0.004563007561374776,
    "gpu_energy_total": 0.016579354096806054,
    "ram_energy_total": 3.085221145399965e-05,
    "total_energy_kwh": 0.021173213869634826,
    "total_energy_joules": 76223.56993068536
  },
  "global_derived_quantities": {
    "tokens_per_joule": 0.21494663678044662,
    "joules_per_token": 4.652317500652183,
    "flops_per_joule": 222371780.91455987,
    "joules_per_flop": 4.496973473375302e-09
  },
  "per-process_emissions": [
    0.0019975029858043665,
    0.002030612623263037,
    0.002013618393558064,
    0.0020242018210119193
  ]
}