{
  "process_id": 353666,
  "local_process_index": 0,
  "energy_results": {
    "cpu_power": 112.5,
    "gpu_power": 253.8023690505669,
    "ram_power": 0.9182882308959961,
    "cpu_energy": 0.0011505458239688552,
    "gpu_energy": 0.004172443615730104,
    "ram_energy": 7.402011313081908e-06,
    "total_energy_kwh": 0.0053303914510120405,
    "total_energy_joules": 19189.409223643346,
    "final_emissions": 0.002030612623263037
  }
}