{
  "process_id": 1512581,
  "local_process_index": 0,
  "energy_results": {
    "cpu_power": 112.5,
    "gpu_power": 270.5009775878997,
    "ram_power": 3.806443691253662,
    "cpu_energy": 2.7197431374588635e-05,
    "gpu_energy": 6.539783009618105e-05,
    "ram_energy": 7.731598942296093e-07,
    "total_energy_kwh": 9.33684213649993e-05,
    "total_energy_joules": 336.12631691399747,
    "final_emissions": 3.5568700118996485e-05
  }
}