{
  "process_id": 155433,
  "local_process_index": 2,
  "energy_results": {
    "cpu_power": 112.5,
    "gpu_power": 762.6637167520363,
    "ram_power": 0.6750211715698242,
    "cpu_energy": 0.000770370671624903,
    "gpu_energy": 0.004720313776247903,
    "ram_energy": 3.975878414204154e-06,
    "total_energy_kwh": 0.0054946603262870115,
    "total_energy_joules": 19780.77717463324,
    "final_emissions": 0.002093190851299037
  }
}