{
  "experiment_id": "0136",
  "local_process_results": {
    "cpu_power": {
      "process_1": 112.5,
      "process_0": 112.5,
      "process_2": 112.5,
      "process_3": 112.5
    },
    "gpu_power": {
      "process_1": 157.8604187194188,
      "process_0": 151.4145681134888,
      "process_2": 0.0,
      "process_3": 650.7882497661321
    },
    "ram_power": {
      "process_1": 0.6315779685974121,
      "process_0": 0.695559024810791,
      "process_2": 0.6380653381347657,
      "process_3": 0.6175274848937988
    },
    "cpu_energy": {
      "process_1": 0.0007469751612811138,
      "process_0": 0.0007363189046875505,
      "process_2": 0.000821647945562404,
      "process_3": 0.000819306909531349
    },
    "gpu_energy": {
      "process_1": 0.004679484299140085,
      "process_0": 0.004679484299140085,
      "process_2": 0.004679484299140085,
      "process_3": 0.004984428709762151
    },
    "ram_energy": {
      "process_1": 3.5962784079508422e-06,
      "process_0": 3.912002147851651e-06,
      "process_2": 4.027285782343191e-06,
      "process_3": 3.887395479722526e-06
    },
    "total_energy_kwh": {
      "process_1": 0.005430055738829148,
      "process_0": 0.005419715205975489,
      "process_2": 0.005505159530484832,
      "process_3": 0.005807623014773225
    },
    "total_energy_joules": {
      "process_1": 19548.200659784932,
      "process_0": 19510.97474151176,
      "process_2": 19818.574309745396,
      "process_3": 20907.44285318361
    }
  },
  "global_experiment_results": {
    "cpu_power_avg": 112.5,
    "gpu_power_avg": 240.01580914975995,
    "ram_power_avg": 0.6456824541091919,
    "cpu_energy_total": 0.003124248921062417,
    "gpu_energy_total": 0.019022881607182407,
    "ram_energy_total": 1.542296181786821e-05,
    "total_energy_kwh": 0.022162553490062693,
    "total_energy_joules": 79785.1925642257
  },
  "global_derived_quantities": {
    "tokens_per_joule": 0.2053513875624373,
    "joules_per_token": 4.869701694593854,
    "flops_per_joule": 212445072.1793717,
    "joules_per_flop": 4.707099062084526e-09
  },
  "per-process_emissions": [
    0.0020685797337069638,
    0.0020646405077163624,
    0.002097190523138197,
    0.00221241398747786
  ]
}