{
  "process_id": 121259,
  "local_process_index": 2,
  "energy_results": {
    "cpu_power": 112.5,
    "gpu_power": 0.0,
    "ram_power": 0.6380653381347657,
    "cpu_energy": 0.000821647945562404,
    "gpu_energy": 0.004679484299140085,
    "ram_energy": 4.027285782343191e-06,
    "total_energy_kwh": 0.005505159530484832,
    "total_energy_joules": 19818.574309745396,
    "final_emissions": 0.002097190523138197
  }
}