{
  "process_id": 121258,
  "local_process_index": 1,
  "energy_results": {
    "cpu_power": 112.5,
    "gpu_power": 157.8604187194188,
    "ram_power": 0.6315779685974121,
    "cpu_energy": 0.0007469751612811138,
    "gpu_energy": 0.004679484299140085,
    "ram_energy": 3.5962784079508422e-06,
    "total_energy_kwh": 0.005430055738829148,
    "total_energy_joules": 19548.200659784932,
    "final_emissions": 0.0020685797337069638
  }
}