{
  "process_id": 121260,
  "local_process_index": 3,
  "energy_results": {
    "cpu_power": 112.5,
    "gpu_power": 650.7882497661321,
    "ram_power": 0.6175274848937988,
    "cpu_energy": 0.000819306909531349,
    "gpu_energy": 0.004984428709762151,
    "ram_energy": 3.887395479722526e-06,
    "total_energy_kwh": 0.005807623014773225,
    "total_energy_joules": 20907.44285318361,
    "final_emissions": 0.00221241398747786
  }
}