{
  "process_id": 1462149,
  "local_process_index": 0,
  "energy_results": {
    "cpu_power": 112.5,
    "gpu_power": 107.95953601167434,
    "ram_power": 2.3304448127746586,
    "cpu_energy": 0.00020183886796803564,
    "gpu_energy": 0.0001644537426743753,
    "ram_energy": 3.0546254848244617e-06,
    "total_energy_kwh": 0.0003693472361272354,
    "total_energy_joules": 1329.6500500580473,
    "final_emissions": 0.00014070282960267034
  }
}