{
  "process_id": 75492,
  "local_process_index": 0,
  "energy_results": {
    "cpu_power": 112.5,
    "gpu_power": 171.9073731821482,
    "ram_power": 0.6985688209533691,
    "cpu_energy": 0.002647501197999986,
    "gpu_energy": 0.0030539768876240436,
    "ram_energy": 1.4314758062287136e-05,
    "total_energy_kwh": 0.005715792843686318,
    "total_energy_joules": 20576.854237270745,
    "final_emissions": 0.002177431283802303
  }
}