{
  "experiment_id": "0282",
  "local_process_results": {
    "cpu_power": {
      "process_0": 112.5,
      "process_1": 112.5,
      "process_3": 112.5,
      "process_2": 112.5
    },
    "gpu_power": {
      "process_0": 315.6121738236365,
      "process_1": 555.2209120207334,
      "process_3": 1022.682414082239,
      "process_2": 433.4740750712552
    },
    "ram_power": {
      "process_0": 0.9347434043884277,
      "process_1": 0.9530611038208008,
      "process_3": 0.9802980422973632,
      "process_2": 0.9856696128845216
    },
    "cpu_energy": {
      "process_0": 0.0011487739449371473,
      "process_1": 0.0011471098759997177,
      "process_3": 0.0011465595788748713,
      "process_2": 0.0011347920952812275
    },
    "gpu_energy": {
      "process_0": 0.004161173606713975,
      "process_1": 0.004151583043486007,
      "process_3": 0.004151583043486007,
      "process_2": 0.00410628189613399
    },
    "ram_energy": {
      "process_0": 7.524246030854335e-06,
      "process_1": 7.876099234077217e-06,
      "process_3": 8.119056745404707e-06,
      "process_2": 7.837070380787701e-06
    },
    "total_energy_kwh": {
      "process_0": 0.0053174717976819785,
      "process_1": 0.0053065690187198,
      "process_3": 0.005306261679106286,
      "process_2": 0.005248911061796005
    },
    "total_energy_joules": {
      "process_0": 19142.898471655124,
      "process_1": 19103.64846739128,
      "process_3": 19102.54204478263,
      "process_2": 18896.079822465617
    }
  },
  "global_experiment_results": {
    "cpu_power_avg": 112.5,
    "gpu_power_avg": 581.747393749466,
    "ram_power_avg": 0.9634430408477783,
    "cpu_energy_total": 0.004577235495092964,
    "gpu_energy_total": 0.016570621589819978,
    "ram_energy_total": 3.1356472391123956e-05,
    "total_energy_kwh": 0.021179213557304066,
    "total_energy_joules": 76245.16880629465
  },
  "global_derived_quantities": {
    "tokens_per_joule": 0.21488574629068655,
    "joules_per_token": 4.65363579139982,
    "flops_per_joule": 222308787.01592755,
    "joules_per_flop": 4.4982477455034375e-09
  },
  "per-process_emissions": [
    0.00202569088132695,
    0.0020215374676813076,
    0.0020214203866555395,
    0.001999572668991188
  ]
}