{
  "process_id": 375209,
  "local_process_index": 0,
  "energy_results": {
    "cpu_power": 112.5,
    "gpu_power": 315.6121738236365,
    "ram_power": 0.9347434043884277,
    "cpu_energy": 0.0011487739449371473,
    "gpu_energy": 0.004161173606713975,
    "ram_energy": 7.524246030854335e-06,
    "total_energy_kwh": 0.0053174717976819785,
    "total_energy_joules": 19142.898471655124,
    "final_emissions": 0.00202569088132695
  }
}