{
  "process_id": 1974999,
  "local_process_index": 0,
  "energy_results": {
    "cpu_power": 112.5,
    "gpu_power": 570.0963626476779,
    "ram_power": 1.5789713859558105,
    "cpu_energy": 0.000332024130904756,
    "gpu_energy": 0.0005576293349935924,
    "ram_energy": 2.6532114110805527e-06,
    "total_energy_kwh": 0.0008923066773094291,
    "total_energy_joules": 3212.3040383139446,
    "final_emissions": 0.000339924228721027
  }
}