{
  "process_id": 196510,
  "local_process_index": 0,
  "energy_results": {
    "cpu_power": 112.5,
    "gpu_power": 2041.9195491052556,
    "ram_power": 0.7008991241455078,
    "cpu_energy": 0.0006138656967811472,
    "gpu_energy": 0.004762250198686091,
    "ram_energy": 3.938935590189198e-06,
    "total_energy_kwh": 0.005380054831057428,
    "total_energy_joules": 19368.19739180674,
    "final_emissions": 0.002049531887891327
  }
}