{
  "process_id": 395929,
  "local_process_index": 3,
  "energy_results": {
    "cpu_power": 112.5,
    "gpu_power": 431.56001548642996,
    "ram_power": 0.9694705009460449,
    "cpu_energy": 0.0011026449954374584,
    "gpu_energy": 0.003967022895838002,
    "ram_energy": 7.5634955140371264e-06,
    "total_energy_kwh": 0.005077231386789497,
    "total_energy_joules": 18278.03299244219,
    "final_emissions": 0.001934171296797459
  }
}