{
  "process_id": 395926,
  "local_process_index": 0,
  "energy_results": {
    "cpu_power": 112.5,
    "gpu_power": 344.3327479871836,
    "ram_power": 0.9117136001586914,
    "cpu_energy": 0.0011248617520312788,
    "gpu_energy": 0.00403987767634395,
    "ram_energy": 7.202336395773373e-06,
    "total_energy_kwh": 0.005171941764771004,
    "total_energy_joules": 18618.990353175614,
    "final_emissions": 0.0019702512152895138
  }
}