{
  "process_id": 395928,
  "local_process_index": 2,
  "energy_results": {
    "cpu_power": 112.5,
    "gpu_power": 337.79182205638836,
    "ram_power": 0.9704689979553223,
    "cpu_energy": 0.0011370996205628213,
    "gpu_energy": 0.0040689001995621865,
    "ram_energy": 7.701114679636079e-06,
    "total_energy_kwh": 0.0052137009348046425,
    "total_energy_joules": 18769.323365296714,
    "final_emissions": 0.0019861593711138284
  }
}